Keyword ID,Keyword,Position,Previous Position,Search Volume,Keyword Difficulty,CPC,Traffic,Traffic %,Competition,Number of Results,Trends,Timestamp,SERP Features,Keyword Intent,Position Type,Ranking Change,Opportunity Score,intent ID,position id,trend id,serp id
1,excel course,95,88,684,68.9,8.19,7,1.02,0.45,432418,Rising,2026-09-16,Image Pack,Informational,Organic,-7,11.23,1,1,1,5
2,customer analytics best practices,29,28,7157,79.5,9.15,448,6.26,0.31,1879447,Stable,2026-02-22,Sitelinks,Informational,Organic,-1,23.71,1,1,2,1
3,content marketing templates,34,44,121,52.9,11.68,6,4.96,0.83,5024454,Declining,2026-04-09,Reviews,Informational,Organic,10,17.01,1,1,3,6
4,seo analytics tools,30,42,193,46.3,10.04,11,5.7,0.68,5674198,Stable,2026-02-06,Image Pack,Commercial,Organic,12,19.53,2,1,2,5
5,machine learning jobs,60,57,1392,61.2,6.77,34,2.44,0.78,1986574,Rising,2026-06-11,Video,Informational,Organic,-3,15.71,1,1,1,4
6,dashboard skills,28,33,2930,83.2,5.61,176,6.01,0.58,2249384,Stable,2026-07-24,People Also Ask,Informational,Image,5,14.06,1,5,2,3
7,marketing analytics free,12,21,130,22.2,2.09,22,16.92,0.41,4847929,Stable,2026-05-09,Image Pack,Transactional,Organic,9,32.6,3,1,2,5
8,excel for beginners,97,90,11257,33.5,2.07,41,0.36,0.73,7780727,Stable,2026-09-17,Sitelinks,Transactional,Organic,-7,42.52,3,1,2,1
9,marketing analytics templates,26,15,1850,53.2,9.39,108,5.84,0.35,351918,Declining,2026-06-07,Featured Snippet,Informational,People Also Ask,-11,20.83,1,3,3,2
10,sql tools,94,94,276,52.6,1.68,3,1.09,0.21,4315855,Stable,2026-04-19,Image Pack,Transactional,Organic,0,15.35,3,1,2,5
11,seo analytics guide,86,91,1510,51.4,1.63,9,0.6,0.6,1994894,Rising,2026-02-06,Reviews,Commercial,Organic,5,17.9,2,1,1,6
12,power bi skills,10,11,715,48.8,6.56,161,22.52,0.59,2095378,Stable,2026-07-28,Featured Snippet,Informational,Organic,1,28.77,1,1,2,2
13,content marketing best practices,53,52,13282,62.3,7.82,284,2.14,0.8,1052298,Rising,2026-08-18,Featured Snippet,Commercial,Organic,-1,38.86,2,1,1,2
14,machine learning tools,57,67,3842,62.2,6.58,45,1.17,0.76,2043760,Stable,2026-09-04,Featured Snippet,Transactional,Video,10,19.6,3,4,2,2
15,data visualization guide,1,1,1348,72.8,3.57,453,33.61,0.79,5362596,Stable,2026-04-08,People Also Ask,Informational,Organic,0,28.73,1,1,2,3
16,customer analytics tutorial,96,91,73,48.1,11.05,0,0,0.53,6840471,Rising,2026-02-04,Reviews,Transactional,Organic,-5,15.72,3,1,1,6
17,dashboard training,75,79,113,43.5,7.09,1,0.88,0.24,5786296,Rising,2026-07-22,Featured Snippet,Commercial,Organic,4,17.64,2,1,1,2
18,keyword research tools,2,1,11191,89.7,1.06,2694,24.07,0.93,7070740,Declining,2026-07-09,People Also Ask,Informational,People Also Ask,-1,38.15,1,3,3,3
19,seo analytics templates,84,85,116,54.4,11.19,0,0,0.3,7139759,Stable,2026-03-21,People Also Ask,Informational,Organic,1,13.91,1,1,2,3
20,keyword research dashboard,88,93,1053,30.1,10.92,5,0.47,0.83,543876,Stable,2026-03-08,Reviews,Navigational,Organic,5,23.31,4,1,2,6
21,mysql for beginners,91,89,3533,16,10.62,52,1.47,0.83,4743574,Rising,2026-03-07,Sitelinks,Informational,Video,-2,33.01,1,4,1,1
22,power bi software,27,33,933,38.3,6.81,95,10.18,0.75,7420957,Rising,2026-03-25,None,Transactional,Video,6,25.78,3,4,1,7
23,data analyst jobs,95,100,1871,42.9,8.1,19,1.02,0.2,5669969,Stable,2026-01-20,None,Commercial,Organic,5,21.39,2,1,2,7
24,mysql software,40,51,684,62.8,4.9,20,2.92,0.78,2938939,Stable,2026-06-19,Sitelinks,Informational,Image,11,14.07,1,5,2,1
25,data visualization advanced,34,20,223,37.7,9.48,15,6.73,0.16,7216136,Rising,2026-01-23,Reviews,Commercial,Organic,-14,22.72,2,1,1,6
26,customer analytics dashboard,47,45,272,83.7,7.55,6,2.21,0.9,4155555,Stable,2026-06-17,Video,Commercial,Organic,-2,6.61,2,1,2,4
27,business intelligence best practices,86,100,2348,82.2,7.46,19,0.81,0.05,2437926,Stable,2026-06-14,Video,Commercial,Organic,14,10.44,2,1,2,4
28,marketing analytics free,95,85,9112,51.2,7.67,78,0.86,0.76,5447806,Rising,2026-04-12,Featured Snippet,Informational,Organic,-10,33.21,1,1,1,2
29,data science templates,99,86,2970,60.4,2.49,33,1.11,0.28,5317252,Rising,2026-02-24,None,Commercial,Organic,-13,18.38,2,1,1,7
30,marketing analytics interview questions,7,9,1073,19.7,1.77,233,21.71,0.58,2674924,Stable,2026-08-15,Image Pack,Transactional,Video,2,37.78,3,4,2,5
31,tableau for beginners,58,71,610,48,3.26,11,1.8,0.77,4266138,Stable,2026-05-21,Video,Informational,Organic,13,17.77,1,1,2,4
32,digital marketing skills,41,54,3782,22.1,4.72,112,2.96,0.44,2780874,Stable,2026-02-01,Featured Snippet,Transactional,Organic,13,32.46,3,1,2,2
33,dashboard course,98,100,2067,85.4,3.72,19,0.92,0.84,4398120,Stable,2026-04-23,Video,Informational,Organic,2,8.98,1,1,2,4
34,data analyst guide,44,50,15104,67.9,10.12,758,5.02,0.55,7274045,Stable,2026-01-14,Sitelinks,Commercial,Organic,6,42.33,2,1,2,1
35,mysql jobs,7,1,1858,46.4,4.18,357,19.21,0.94,3488205,Declining,2026-08-29,Sitelinks,Transactional,Organic,-6,30,3,1,3,1
36,content marketing training,84,71,8738,12.5,3.12,136,1.56,0.27,3893776,Rising,2026-04-22,Video,Commercial,Featured Snippet,-13,44.45,2,2,1,4
37,data visualization templates,78,93,21651,72.2,2.13,217,1,0.92,4691214,Declining,2026-07-12,Video,Navigational,Organic,15,51.92,4,1,3,4
38,dashboard training,14,21,1295,58,1.63,231,17.84,0.38,3541348,Stable,2026-09-17,Reviews,Informational,People Also Ask,7,24.67,1,3,2,6
39,data science certification,56,71,1717,76.3,8.55,40,2.33,0.96,2306642,Declining,2026-09-05,Video,Commercial,Featured Snippet,15,11.76,2,2,3,4
40,digital marketing skills,32,43,179,46.1,9.06,11,6.15,0.37,4055590,Stable,2026-09-07,Featured Snippet,Informational,Organic,11,19.8,1,1,2,2
41,digital marketing templates,90,100,1089,51.3,2.45,6,0.55,0.57,2074526,Stable,2026-09-09,Video,Transactional,Organic,10,17.07,3,1,2,4
42,machine learning guide,89,81,1164,39.5,6.73,12,1.03,0.57,2944122,Stable,2026-06-06,People Also Ask,Informational,Featured Snippet,-8,21.01,1,2,2,3
43,keyword research certification,96,98,14932,27.3,5.91,223,1.49,0.54,2407389,Rising,2026-04-10,People Also Ask,Informational,Organic,2,52.29,1,1,1,3
44,data analyst for beginners,17,10,138,54.3,8.43,20,14.49,0.51,7007213,Stable,2026-08-29,Video,Commercial,Organic,-7,21.7,2,1,2,4
45,power bi examples,62,50,196,15.9,7.63,1,0.51,0.58,2569916,Declining,2026-03-02,Image Pack,Transactional,Organic,-12,25.89,3,1,3,5
46,reporting training,100,100,2030,45.4,10.35,26,1.28,0.63,4955121,Stable,2026-04-17,Reviews,Informational,Organic,0,21.1,1,1,2,6
47,data visualization training,23,25,161,42.7,8.33,11,6.83,0.32,2405203,Declining,2026-02-06,Reviews,Informational,Organic,2,21.15,1,1,3,6
48,dashboard dashboard,55,43,4286,21.9,3.33,59,1.38,0.8,4841343,Declining,2026-05-28,Video,Informational,Organic,-12,32.69,1,1,3,4
49,google analytics examples,65,67,3019,57.8,10.7,60,1.99,0.07,1985610,Stable,2026-01-11,None,Commercial,Organic,2,19.72,2,1,2,7
50,power bi jobs,61,62,12114,32.3,11.96,249,2.06,0.96,3866081,Stable,2026-06-14,Reviews,Informational,Organic,1,45.49,1,1,2,6
51,tableau free,37,43,2538,54,5.57,103,4.06,0.96,3352565,Stable,2026-01-01,Reviews,Transactional,Organic,6,21.01,3,1,2,6
52,power bi dashboard,67,63,9836,60,9.17,119,1.21,0.92,3617305,Stable,2026-03-04,Sitelinks,Navigational,Organic,-4,32.2,4,1,2,1
53,machine learning jobs,40,42,108,17.5,11.91,4,3.7,0.16,6690716,Stable,2026-05-30,Image Pack,Transactional,Organic,2,26.93,3,1,2,5
54,data science free,32,31,4006,25.2,7.27,201,5.02,0.12,6226866,Declining,2026-06-24,None,Commercial,People Also Ask,-1,33.08,2,3,3,7
55,seo analytics project,76,79,12512,21.9,6.56,135,1.08,0.56,3751688,Stable,2026-04-07,Reviews,Informational,Organic,3,48.88,1,1,2,6
56,tableau tutorial,41,49,3580,74.9,4.76,174,4.86,0.97,4063563,Rising,2026-09-15,Image Pack,Informational,Organic,8,17.23,1,1,1,5
57,mysql certification,68,82,2132,21.5,10.48,33,1.55,0.78,2267177,Stable,2026-07-23,Reviews,Informational,Organic,14,28.61,1,1,2,6
58,customer analytics guide,41,46,23781,49,6.58,830,3.49,0.69,2441556,Rising,2026-02-16,Video,Navigational,Featured Snippet,5,64.44,4,2,1,4
59,excel interview questions,22,29,1332,13.7,9.59,118,8.86,0.19,4343097,Stable,2026-04-03,Featured Snippet,Informational,Organic,7,33.25,1,1,2,2
60,google analytics templates,88,80,4016,21.4,5.64,24,0.6,0.06,6476138,Declining,2026-03-22,Sitelinks,Commercial,Organic,-8,31.88,2,1,3,1
61,dashboard project,82,97,2366,46.5,3.77,47,1.99,0.15,3174641,Stable,2026-06-01,Reviews,Informational,Image,15,21.81,1,5,2,6
62,google analytics examples,2,5,14937,87.9,10.95,5010,33.54,0.9,6250779,Rising,2026-06-30,Featured Snippet,Commercial,Organic,3,51.18,2,1,1,2
63,python pandas certification,81,86,91,45.3,7.04,0,0,0.33,6030350,Rising,2026-03-09,None,Commercial,Image,5,16.59,2,5,1,7
64,marketing analytics online,35,46,439,76,5.89,27,6.15,0.37,1098323,Declining,2026-03-14,None,Navigational,People Also Ask,11,11.35,4,3,3,7
65,google analytics for beginners,47,34,1419,52.9,5.57,50,3.52,0.6,6614854,Declining,2026-02-25,Reviews,Informational,Organic,-13,18.82,1,1,3,6
66,customer analytics skills,79,71,8931,75.9,10.93,78,0.87,0.18,7580839,Rising,2026-09-10,Sitelinks,Informational,Video,-8,25.45,1,4,1,1
67,python pandas guide,59,55,16374,65.7,6.57,378,2.31,0.88,5308390,Declining,2026-07-28,People Also Ask,Informational,Organic,-4,44.07,1,1,3,3
68,mysql interview questions,31,43,1154,64.9,6.62,72,6.24,0.42,1680506,Rising,2026-08-21,Sitelinks,Commercial,Organic,12,16.15,2,1,1,1
69,reporting course,7,17,1305,20.1,6.86,313,23.98,0.24,1884420,Declining,2026-06-18,None,Informational,Video,10,39.33,1,4,3,7
70,data analyst examples,19,8,4377,24,8,348,7.95,0.79,2055866,Stable,2026-03-31,People Also Ask,Informational,Featured Snippet,-11,35.73,1,2,2,3
71,marketing analytics certification,96,83,3041,39,7.21,22,0.72,0.63,5872495,Declining,2026-09-24,People Also Ask,Commercial,Image,-13,24.73,2,5,3,3
72,power bi free,52,50,9306,67,5.43,249,2.68,0.19,1184294,Stable,2026-06-16,Video,Navigational,Organic,-2,29.83,4,1,2,4
73,mysql online,78,76,251,19.2,7.93,4,1.59,0.86,3554545,Declining,2026-07-31,People Also Ask,Transactional,Organic,-2,25.59,3,1,3,3
74,excel skills,55,50,10541,86.3,8.3,180,1.71,0.13,3568636,Stable,2026-07-10,None,Informational,Organic,-5,25.98,1,1,2,7
75,customer analytics for beginners,43,49,197,79.9,11.31,8,4.06,0.1,2443509,Rising,2026-02-23,Image Pack,Commercial,Organic,6,8.58,2,1,1,5
76,data science training,14,10,4786,71,6.97,867,18.12,0.97,6583729,Stable,2026-01-14,Image Pack,Navigational,People Also Ask,-4,27.86,4,3,2,5
77,digital marketing course,24,17,22206,83.7,4.34,1517,6.83,0.67,742766,Stable,2026-01-16,Sitelinks,Transactional,Organic,-7,52.67,3,1,2,1
78,tableau interview questions,44,34,1377,36,11.31,59,4.28,0.2,6084599,Rising,2026-02-11,People Also Ask,Commercial,Organic,-10,24.22,2,1,1,3
79,reporting interview questions,54,47,982,19.1,5.27,22,2.24,0.51,5403633,Rising,2026-07-22,Image Pack,Informational,Organic,-7,27.41,1,1,1,5
80,business intelligence salary,98,91,929,10.6,9.01,4,0.43,0.71,4102046,Declining,2026-07-01,Sitelinks,Informational,Featured Snippet,-7,28.9,1,2,3,1
81,tableau course,59,73,260,56.1,6.97,5,1.92,0.16,362681,Stable,2026-08-24,None,Commercial,Organic,14,14.71,2,1,2,7
82,tableau certification,32,30,7842,16.3,10.47,416,5.3,0.78,795759,Stable,2026-09-29,Image Pack,Informational,Featured Snippet,-2,43.52,1,2,2,5
83,content marketing salary,31,19,439,23.9,2,22,5.01,0.94,5098000,Stable,2026-08-18,Reviews,Navigational,Organic,-12,26.37,4,1,2,6
84,reporting skills,81,76,503,47.5,7.65,7,1.39,0.38,778687,Stable,2026-01-20,Sitelinks,Informational,Organic,-5,17.49,1,1,2,1
85,sql templates,77,78,2047,54.3,9.54,33,1.61,0.81,5284332,Stable,2026-09-01,Image Pack,Informational,Organic,1,18.64,1,1,2,5
86,excel skills,92,79,5761,13.1,8.55,89,1.54,0.62,3038404,Declining,2026-07-18,Video,Transactional,Organic,-13,38.34,3,1,3,4
87,power bi skills,9,4,218,40.9,3.17,54,24.77,0.62,1372911,Rising,2026-03-14,People Also Ask,Informational,Organic,-5,31.35,1,1,1,3
88,google analytics salary,77,84,183,40.1,9.54,3,1.64,0.83,5962442,Stable,2026-09-27,Sitelinks,Commercial,Organic,7,19.21,2,1,2,1
89,content marketing course,47,41,682,37.3,9.24,23,3.37,0.2,2507178,Stable,2026-09-17,None,Commercial,Featured Snippet,-6,21.96,2,2,2,7
90,marketing analytics tutorial,85,80,6333,40.1,2.11,104,1.64,0.81,1491205,Stable,2026-07-30,People Also Ask,Commercial,Organic,-5,31.43,2,1,2,3
91,mysql templates,37,46,22475,28.7,3.02,1375,6.12,0.9,1713326,Stable,2026-08-14,Video,Transactional,Featured Snippet,9,69.33,3,2,2,4
92,marketing analytics online,54,69,635,74.1,1.83,13,2.05,0.87,4525417,Rising,2026-09-22,None,Informational,Organic,15,10.12,1,1,1,7
93,data visualization examples,58,71,4015,45,11.37,66,1.64,0.38,408027,Rising,2026-09-15,People Also Ask,Informational,Image,13,25.36,1,5,1,3
94,content marketing training,4,1,257,62,9.54,56,21.79,0.83,5629361,Rising,2026-08-29,Video,Commercial,Video,-3,23.51,2,4,1,4
95,data analyst examples,28,39,542,68.2,6.43,32,5.9,0.33,572445,Stable,2026-08-23,Sitelinks,Informational,Video,11,13.76,1,4,2,1
96,reporting for beginners,3,8,5512,67.5,3.64,1315,23.86,0.59,1661048,Stable,2026-09-26,People Also Ask,Informational,Organic,5,33.41,1,1,2,3
97,marketing analytics online,71,56,2622,13.5,4.77,36,1.37,0.39,726964,Rising,2026-02-23,None,Commercial,Featured Snippet,-15,31.89,2,2,1,7
98,python pandas tutorial,46,48,1904,24,9.39,66,3.47,0.64,6529681,Rising,2026-08-23,Sitelinks,Informational,Organic,2,28.43,1,1,1,1
99,business intelligence tutorial,41,55,1060,89.1,6.61,44,4.15,0.23,2984398,Stable,2026-06-19,People Also Ask,Informational,Organic,14,7.59,1,1,2,3
100,google analytics interview questions,50,45,523,49.8,11.11,16,3.06,0.73,815630,Stable,2026-04-03,Image Pack,Informational,Organic,-5,17.73,1,1,2,5
101,keyword research project,40,39,9618,23.3,5.44,441,4.59,0.91,4995841,Stable,2026-01-30,Sitelinks,Commercial,Organic,-1,44.57,2,1,2,1
102,marketing analytics jobs,4,1,9397,45.1,1.69,2526,26.88,0.39,7605843,Rising,2026-03-20,Reviews,Commercial,Organic,-3,49.46,2,1,1,6
103,mysql tools,74,63,4784,35.2,3.49,64,1.34,0.22,4238413,Declining,2026-03-02,People Also Ask,Transactional,Organic,-11,29.66,3,1,3,3
104,business intelligence templates,37,44,2520,20.9,1.07,122,4.84,0.99,6522003,Declining,2026-06-13,Reviews,Informational,Organic,7,31.32,1,1,3,6
105,customer analytics project,39,51,599,84.2,7.72,28,4.67,0.16,1767646,Rising,2026-09-10,Sitelinks,Informational,Organic,12,8.42,1,1,1,1
106,mysql for beginners,17,21,149,41.9,8.66,17,11.41,0.43,4684223,Rising,2026-06-12,Reviews,Informational,Organic,4,23.8,1,1,1,6
107,marketing analytics software,17,30,5739,24.6,11.6,890,15.51,0.1,1168456,Rising,2026-03-26,Featured Snippet,Informational,Organic,13,42.28,1,1,1,2
108,content marketing online,37,49,175,60.8,6.7,6,3.43,0.55,4120070,Rising,2026-03-20,Featured Snippet,Commercial,Featured Snippet,12,13.93,2,2,1,2
109,reporting skills,73,59,75,85.9,9.3,0,0,0.59,5021245,Rising,2026-05-29,Reviews,Navigational,Organic,-14,4.38,4,1,1,6
110,google analytics project,59,46,13354,45.2,5.91,226,1.69,0.34,5803230,Stable,2026-06-26,Video,Informational,Organic,-13,43.89,1,1,2,4
111,customer analytics certification,41,33,2357,46,1.86,100,4.24,0.86,3461450,Declining,2026-03-23,None,Informational,Organic,-8,23.14,1,1,3,7
112,keyword research dashboard,98,88,4191,47.3,10.57,29,0.69,0.42,3766399,Rising,2026-06-30,Sitelinks,Informational,Organic,-10,24.51,1,1,1,1
113,data science project,69,54,200,80.6,8.78,3,1.5,0.43,4648196,Rising,2026-05-28,Sitelinks,Informational,Organic,-15,7.02,1,1,1,1
114,customer analytics examples,80,86,6265,88,4.85,84,1.34,0.93,6088728,Rising,2026-09-18,Video,Commercial,Organic,6,16.77,2,1,1,4
115,python pandas skills,61,62,2412,81.5,1.85,50,2.07,0.42,5008703,Declining,2026-06-22,Image Pack,Transactional,Organic,1,11.45,3,1,3,5
116,dashboard project,61,72,95,63.9,11.76,2,2.11,0.73,5566740,Rising,2026-08-31,People Also Ask,Navigational,Featured Snippet,11,12.14,4,2,1,3
117,dashboard advanced,30,38,110,23.6,7.62,8,7.27,0.19,5509669,Rising,2026-02-26,Featured Snippet,Informational,Organic,8,27.01,1,1,1,2
118,python pandas best practices,89,80,2102,58.9,5.76,33,1.57,0.71,4245729,Stable,2026-09-02,Image Pack,Informational,Image,-9,17.34,1,5,2,5
119,mysql for beginners,44,46,1759,79.4,8.23,58,3.3,0.51,7667231,Rising,2026-06-02,Featured Snippet,Navigational,Image,2,11.43,4,5,1,2
120,seo analytics dashboard,89,96,2765,37.9,11.22,32,1.16,0.16,5477653,Stable,2026-07-22,None,Informational,Featured Snippet,7,24.74,1,2,2,7
121,python pandas project,6,1,13595,83.9,7.94,2622,19.29,0.83,2314835,Stable,2026-05-20,Featured Snippet,Informational,Featured Snippet,-5,42.13,1,2,2,2
122,machine learning training,7,13,4289,28.6,1.38,898,20.94,0.69,1272242,Declining,2026-03-22,Video,Commercial,Video,6,41.09,2,4,3,4
123,data science free,84,75,924,61.7,10.91,5,0.54,0.55,5840317,Declining,2026-03-31,Video,Transactional,Organic,-9,13.61,3,1,3,4
124,power bi guide,64,54,24722,84.1,10.55,280,1.13,0.15,7867352,Rising,2026-09-26,Video,Transactional,Organic,-10,54.52,3,1,1,4
125,marketing analytics interview questions,35,26,186,68.5,7.85,7,3.76,0.37,2501189,Stable,2026-04-09,Featured Snippet,Commercial,Organic,-9,11.82,2,1,2,2
126,google analytics best practices,66,61,196,17.6,11.78,3,1.53,0.06,3191880,Stable,2026-05-17,People Also Ask,Informational,Featured Snippet,-5,25.92,1,2,2,3
127,data analyst examples,84,80,15577,63.4,5.69,114,0.73,0.92,7124851,Stable,2026-03-02,Reviews,Navigational,Organic,-4,42.34,4,1,2,6
128,reporting training,29,44,517,46.4,11.87,39,7.54,0.91,6107334,Declining,2026-04-22,None,Informational,Featured Snippet,15,21.12,1,2,3,7
129,sql online,58,59,17158,83.4,1.52,504,2.94,0.24,4385949,Rising,2026-09-24,Video,Informational,Organic,1,40.66,1,1,1,4
130,dashboard free,12,25,5059,14.5,1.76,858,16.96,0.58,5447588,Rising,2026-01-12,Video,Informational,Organic,13,44.73,1,1,1,4
131,business intelligence advanced,10,1,1882,15.1,11.93,269,14.29,0.93,447531,Stable,2026-03-11,None,Commercial,Featured Snippet,-9,36.82,2,2,2,7
132,tableau software,49,48,1925,64.6,8.01,59,3.06,0.38,1592094,Stable,2026-09-28,Featured Snippet,Transactional,Organic,-1,16.08,3,1,2,2
133,data analyst course,39,38,14440,43.9,4.68,566,3.92,0.2,1670147,Declining,2026-02-27,Sitelinks,Transactional,Organic,-1,47.63,3,1,3,1
134,data analyst training,27,14,223,45.7,8.13,15,6.73,0.09,3623909,Stable,2026-01-29,Featured Snippet,Commercial,Organic,-13,20.32,2,1,2,2
135,dashboard skills,74,78,15274,29,10.54,286,1.87,0.44,2346200,Stable,2026-03-31,Reviews,Commercial,Organic,4,52.66,2,1,2,6
136,power bi software,83,89,2500,35.5,5.11,15,0.6,0.76,3893446,Declining,2026-06-03,None,Transactional,People Also Ask,6,24.64,3,3,3,7
137,power bi for beginners,53,68,2180,20.7,3.07,48,2.2,0.92,6807640,Rising,2026-04-08,Sitelinks,Informational,Organic,15,29.3,1,1,1,1
138,reporting tutorial,10,1,9656,54.7,5.86,1642,17,0.95,319602,Declining,2026-03-02,Reviews,Navigational,Organic,-9,41.83,4,1,3,6
139,machine learning templates,91,82,2681,54.2,9.35,22,0.82,0.39,2240180,Stable,2026-09-12,Video,Informational,Image,-9,19.51,1,5,2,4
140,data science skills,27,23,1484,55,2.81,93,6.27,0.93,4717314,Stable,2026-03-20,Featured Snippet,Informational,Organic,-4,19.79,1,1,2,2
141,machine learning free,71,76,11235,71.1,5.97,208,1.85,0.48,5915623,Stable,2026-03-13,Reviews,Commercial,Organic,5,31.99,2,1,2,6
142,customer analytics tutorial,68,54,272,63.5,9.22,4,1.47,0.27,5715922,Rising,2026-09-16,Video,Informational,Organic,-14,12.27,1,1,1,4
143,reporting free,85,85,70,54.1,0.34,0,0,0.97,333712,Declining,2026-08-09,None,Navigational,Organic,0,13.91,4,1,3,7
144,excel online,20,12,907,30.2,4.38,78,8.6,0.95,3780182,Rising,2026-04-26,People Also Ask,Commercial,People Also Ask,-8,27.32,2,3,1,3
145,power bi tools,52,49,2173,14.5,0.31,46,2.12,0.46,6318135,Stable,2026-02-18,Image Pack,Navigational,Organic,-3,31.1,4,1,2,5
146,dashboard free,35,21,235,32.4,6.61,10,4.26,0.85,322133,Rising,2026-03-15,None,Transactional,People Also Ask,-14,23.01,3,3,1,7
147,sql project,21,24,877,78,8.19,85,9.69,0.75,6365885,Stable,2026-02-10,Image Pack,Transactional,Organic,3,13.5,3,1,2,5
148,excel best practices,30,41,187,71.5,11.47,13,6.95,0.08,2331950,Declining,2026-09-09,Featured Snippet,Informational,Video,11,12.62,1,4,3,2
149,tableau jobs,88,91,11592,71.8,3.69,62,0.53,0.3,3163999,Stable,2026-03-20,Reviews,Informational,Organic,3,31.79,1,1,2,6
150,sql course,40,39,1849,18.2,1.23,77,4.16,0.53,1005684,Rising,2026-02-17,Image Pack,Commercial,Organic,-1,30.43,2,1,1,5
151,google analytics course,38,36,2490,68,6.8,108,4.34,0.54,5545464,Rising,2026-05-18,People Also Ask,Informational,Organic,-2,16.86,1,1,1,3
152,data visualization best practices,36,34,1038,16.2,3.17,51,4.91,0.61,1725276,Rising,2026-06-05,Sitelinks,Navigational,Organic,-2,29.82,4,1,1,1
153,reporting guide,43,42,1502,75.9,7.88,49,3.26,0.62,5623279,Stable,2026-04-01,Video,Navigational,Organic,-1,11.95,4,1,2,4
154,data science advanced,32,27,1792,72.9,4.51,97,5.41,0.99,1603432,Stable,2026-01-14,Reviews,Commercial,Organic,-5,14.57,2,1,2,6
155,mysql project,89,76,2342,21.1,3.77,13,0.56,0.45,3140528,Stable,2026-09-03,Image Pack,Informational,Organic,-13,28.62,1,1,2,5
156,tableau for beginners,5,15,1786,75,7.21,340,19.04,0.28,5384612,Rising,2026-01-23,Image Pack,Navigational,Organic,10,21.18,4,1,1,5
157,google analytics skills,56,44,76,27.8,9.01,1,1.32,0.26,3118132,Stable,2026-09-14,Featured Snippet,Informational,Organic,-12,22.51,1,1,2,2
158,excel project,54,68,156,85.3,1.87,3,1.92,0.24,3966822,Stable,2026-08-13,Reviews,Commercial,Organic,14,5.74,2,1,2,6
159,seo analytics tutorial,91,79,129,61.8,8.19,0,0,0.28,1560735,Rising,2026-08-07,Video,Informational,Organic,-12,11.72,1,1,1,4
160,data visualization jobs,82,88,1953,69,10.62,19,0.97,0.05,1875409,Rising,2026-02-02,Image Pack,Informational,People Also Ask,6,13.7,1,3,1,5
161,data visualization software,42,33,2339,63.7,5.98,90,3.85,0.42,3261843,Rising,2026-06-30,None,Commercial,Organic,-9,17.59,2,1,1,7
162,seo analytics templates,76,63,9525,19.4,3.8,90,0.94,0.53,3462265,Rising,2026-07-16,Video,Informational,Organic,-13,43.62,1,1,1,4
163,data visualization for beginners,22,22,798,35.2,5.52,68,8.52,0.06,1264970,Declining,2026-09-16,Reviews,Commercial,Organic,0,25.56,2,1,3,6
164,tableau interview questions,63,53,219,73.7,2.8,2,0.91,0.32,6289773,Stable,2026-09-11,Image Pack,Commercial,Organic,-10,8.81,2,1,2,5
165,digital marketing for beginners,47,49,123,45.3,2.78,4,3.25,0.66,2130746,Declining,2026-01-17,Video,Informational,People Also Ask,2,18.38,1,3,3,4
166,sql interview questions,16,25,677,69,8.33,99,14.62,0.45,5005979,Stable,2026-04-16,None,Informational,Organic,9,18.43,1,1,2,7
167,digital marketing templates,69,59,2077,33.4,6.96,41,1.97,0.9,6558411,Rising,2026-07-30,Sitelinks,Navigational,People Also Ask,-10,25.16,4,3,1,1
168,python pandas salary,32,21,16658,29.8,10.15,784,4.71,0.64,5096940,Stable,2026-02-08,Reviews,Transactional,Featured Snippet,-11,56.69,3,2,2,6
169,google analytics online,96,89,24397,39.5,11.41,126,0.52,0.78,5915247,Stable,2026-08-23,Reviews,Commercial,Organic,-7,66.93,2,1,2,6
170,sql for beginners,51,42,2554,49.6,4.01,61,2.39,0.17,6848896,Stable,2026-01-25,Sitelinks,Informational,Featured Snippet,-9,21.47,1,2,2,1
171,mysql course,16,30,504,10.1,11.5,72,14.29,0.17,5269978,Rising,2026-05-21,Sitelinks,Commercial,Organic,14,35.58,2,1,1,1
172,content marketing jobs,7,4,10966,66,2.96,2643,24.1,0.05,3919092,Rising,2026-04-26,Image Pack,Commercial,Organic,-3,44.83,2,1,1,5
173,keyword research certification,55,62,517,28.3,1.25,10,1.93,0.4,2534191,Stable,2026-03-10,Reviews,Navigational,Organic,7,23.57,4,1,2,6
174,marketing analytics advanced,2,6,9778,38.1,2.71,3414,34.92,0.63,3650594,Rising,2026-02-21,Featured Snippet,Transactional,Organic,4,56.59,3,1,1,2
175,google analytics software,55,50,436,61.6,3.13,11,2.52,0.32,7541978,Rising,2026-06-04,Featured Snippet,Commercial,Organic,-5,13.73,2,1,1,2
176,google analytics project,83,69,837,19,6.1,10,1.19,0.97,7897683,Declining,2026-03-09,Video,Transactional,Organic,-14,26.6,3,1,3,4
177,content marketing for beginners,88,78,4104,71.6,0.4,17,0.41,0.09,671657,Stable,2026-09-17,People Also Ask,Commercial,Organic,-10,16.9,2,1,2,3
178,tableau best practices,90,87,229,53,2,0,0,0.92,7799644,Rising,2026-06-17,Video,Commercial,Featured Snippet,-3,14.56,2,2,1,4
179,sql project,90,88,24613,29.1,3.08,286,1.16,0.63,629223,Stable,2026-03-31,Sitelinks,Informational,Organic,-2,70.82,1,1,2,1
180,data analyst jobs,64,79,1599,72.6,8.71,16,1,0.78,2296362,Declining,2026-01-16,People Also Ask,Transactional,Organic,15,11.93,3,1,3,3
181,sql examples,92,95,9047,46.4,4.45,89,0.98,0.4,2189905,Rising,2026-03-01,Featured Snippet,Transactional,Organic,3,34.59,3,1,1,2
182,data analyst training,6,6,1452,22,11.19,344,23.69,0.91,5977193,Stable,2026-06-14,Featured Snippet,Informational,Featured Snippet,0,38.89,1,2,2,2
183,digital marketing tools,74,70,210,82.2,2.32,4,1.9,0.95,737626,Stable,2026-05-25,None,Transactional,Organic,-4,6.77,3,1,2,7
184,customer analytics interview questions,2,1,723,72.8,8.93,185,25.59,0.96,7982739,Stable,2026-05-06,Featured Snippet,Informational,Organic,-1,23.22,1,1,2,2
185,machine learning for beginners,45,50,23652,86.1,0.22,991,4.19,0.73,1010802,Stable,2026-05-02,Video,Commercial,Organic,5,53.42,2,1,2,4
186,python pandas examples,12,1,1062,51.6,8.47,219,20.62,0.13,945500,Rising,2026-07-21,Sitelinks,Commercial,Organic,-11,27.61,2,1,1,1
187,python pandas training,38,31,2022,41.4,10.02,85,4.2,0.27,7559726,Rising,2026-02-25,Featured Snippet,Informational,Organic,-7,23.84,1,1,1,2
188,keyword research best practices,16,18,2062,26.6,3.84,213,10.33,0.2,5551227,Declining,2026-01-21,Featured Snippet,Transactional,Organic,2,31.62,3,1,3,2
189,sql training,46,43,3671,33.9,9.88,128,3.49,0.85,4536439,Stable,2026-02-18,Video,Informational,Featured Snippet,-3,28.99,1,2,2,4
190,excel course,8,19,633,75.9,4.59,140,22.12,0.6,2218801,Declining,2026-01-12,Sitelinks,Informational,Organic,11,20.26,1,1,3,1
191,python pandas tools,43,31,135,14.1,11.1,5,3.7,0.52,3185289,Stable,2026-07-01,Featured Snippet,Navigational,Organic,-12,28.01,4,1,2,2
192,mysql salary,5,9,9055,61.8,6.09,2177,24.04,0.13,3187519,Stable,2026-09-27,Featured Snippet,Commercial,People Also Ask,4,42.26,2,3,2,2
193,data analyst guide,92,88,3243,48.8,10.97,29,0.89,0.22,2687245,Rising,2026-05-24,Sitelinks,Transactional,Organic,-4,22.28,3,1,1,1
194,content marketing advanced,30,20,174,29.3,6.5,13,7.47,0.77,7592859,Stable,2026-07-18,People Also Ask,Navigational,Image,-10,25.53,4,5,2,3
195,data visualization jobs,31,34,1896,65.8,10.98,121,6.38,0.94,4596130,Stable,2026-04-07,None,Navigational,Video,3,17.42,4,4,2,7
196,data science for beginners,40,30,2179,14.5,7.3,76,3.49,0.36,4990251,Declining,2026-06-24,Reviews,Informational,People Also Ask,-10,31.84,1,3,3,6
197,keyword research tutorial,3,1,9546,21.3,1.51,2348,24.6,0.12,5695396,Stable,2026-02-21,People Also Ask,Informational,Organic,-2,55.68,1,1,2,3
198,data visualization best practices,82,97,3463,23.9,11.63,56,1.62,0.79,1941250,Stable,2026-03-31,Video,Informational,Organic,15,30.58,1,1,2,4
199,python pandas jobs,94,79,24553,41.3,11.93,269,1.1,0.62,7384098,Declining,2026-04-24,Reviews,Commercial,Video,-15,67.01,2,4,3,6
200,python pandas skills,96,83,754,35.6,7.71,12,1.59,0.68,5888430,Stable,2026-01-06,People Also Ask,Informational,Organic,-13,21.67,1,1,2,3
201,content marketing examples,14,22,73,45.1,5.15,10,13.7,0.88,2939603,Stable,2026-09-03,None,Transactional,Organic,8,23.91,3,1,2,7
202,machine learning jobs,58,45,90,35.5,11.43,1,1.11,0.4,5909483,Stable,2026-02-17,People Also Ask,Commercial,Organic,-13,20.12,2,1,2,3
203,data science course,56,71,9785,81.2,2.05,138,1.41,0.23,5638134,Stable,2026-05-16,Reviews,Informational,Organic,15,25.84,1,1,2,6
204,power bi guide,74,76,2422,38.9,5.25,27,1.11,0.61,1757463,Rising,2026-03-29,Reviews,Informational,Organic,2,23.74,1,1,1,6
205,excel project,51,51,3979,31.2,7.77,91,2.29,0.41,1655346,Rising,2026-08-14,Video,Informational,People Also Ask,0,29.77,1,3,1,4
206,dashboard tutorial,20,29,21010,16.9,4.26,2900,13.8,0.6,4518094,Declining,2026-09-25,Video,Navigational,Organic,9,74.05,4,1,3,4
207,data science advanced,31,31,755,82.2,8.63,58,7.68,0.8,5484772,Stable,2026-03-03,None,Commercial,Video,0,10.93,2,4,2,7
208,data visualization dashboard,25,14,99,89.1,5.34,9,9.09,0.83,2211513,Declining,2026-02-04,Sitelinks,Informational,Organic,-11,8.3,1,1,3,1
209,keyword research examples,67,66,125,59.8,6.37,1,0.8,0.19,4785886,Stable,2026-02-21,Sitelinks,Commercial,Organic,-1,12.73,2,1,2,1
210,seo analytics for beginners,45,58,1769,62.4,6.95,47,2.66,0.43,5022307,Stable,2026-07-25,Sitelinks,Informational,People Also Ask,13,16.21,1,3,2,1
211,machine learning tutorial,96,96,1327,11.6,9.85,8,0.6,0.51,5630226,Rising,2026-04-27,Featured Snippet,Informational,Featured Snippet,0,29.48,1,2,1,2
212,keyword research examples,94,92,9215,25,2.69,137,1.49,0.76,6964073,Declining,2026-09-21,None,Informational,Organic,-2,41.61,1,1,3,7
213,marketing analytics guide,18,27,6577,12.3,2.47,972,14.78,0.28,3760299,Declining,2026-04-12,People Also Ask,Informational,Organic,9,47.25,1,1,3,3
214,google analytics certification,88,73,768,57.5,2.3,11,1.43,0.38,1475406,Declining,2026-02-16,People Also Ask,Informational,Organic,-15,15.04,1,1,3,3
215,dashboard dashboard,29,34,939,31.5,5.03,69,7.35,0.77,269404,Declining,2026-03-30,Image Pack,Transactional,Organic,5,26.33,3,1,3,5
216,reporting project,92,100,20698,43.9,4.64,139,0.67,0.49,5482130,Declining,2026-07-23,Image Pack,Informational,Organic,8,58.34,1,1,3,5
217,content marketing for beginners,83,87,7182,64.8,5.88,55,0.77,0.36,2359702,Stable,2026-06-02,Featured Snippet,Informational,Featured Snippet,4,25.25,1,2,2,2
218,power bi templates,52,58,1764,67.7,7.93,47,2.66,0.44,3228544,Rising,2026-04-08,People Also Ask,Transactional,Organic,6,14.61,3,1,1,3
219,customer analytics free,86,82,4550,23.6,7.96,44,0.97,0.49,5979167,Stable,2026-04-04,Reviews,Transactional,Organic,-4,32.48,3,1,2,6
220,machine learning software,29,37,994,80.9,4.59,68,6.84,0.16,618680,Stable,2026-02-06,Video,Transactional,Organic,8,11.35,3,1,2,4
221,google analytics online,39,37,130,22.1,11.91,6,4.62,0.89,7895864,Rising,2026-04-03,None,Informational,Organic,-2,26.09,1,1,1,7
222,data visualization skills,82,68,101,26.8,9.33,0,0,0.79,6282069,Rising,2026-08-11,Reviews,Commercial,Organic,-14,22.16,2,1,1,6
223,data science guide,1,1,4197,39.8,0.37,1460,34.79,0.23,5478635,Stable,2026-05-08,Featured Snippet,Commercial,Organic,0,44.92,2,1,2,2
224,python pandas certification,50,51,7314,15.2,0.74,230,3.14,0.54,4288117,Stable,2026-03-10,People Also Ask,Navigational,Organic,1,41.65,4,1,2,3
225,business intelligence jobs,52,37,685,88.8,2.69,13,1.9,0.17,5746658,Stable,2026-07-12,Reviews,Informational,Organic,-15,5.73,1,1,2,6
226,power bi templates,7,13,231,11.6,8.34,46,19.91,0.56,3900291,Rising,2026-01-05,People Also Ask,Commercial,Organic,6,37.58,2,1,1,3
227,marketing analytics examples,80,84,14328,76.5,1.44,157,1.1,0.16,1028856,Rising,2026-04-13,None,Informational,Organic,4,36.12,1,1,1,7
228,business intelligence software,91,89,812,53.9,10.94,9,1.11,0.27,299445,Rising,2026-02-26,None,Commercial,Organic,-2,16.04,2,1,1,7
229,sql online,10,18,13876,30.5,2.93,2324,16.75,0.49,978509,Rising,2026-01-21,None,Informational,People Also Ask,8,57.35,1,3,1,7
230,keyword research best practices,95,83,259,81.2,0.31,1,0.39,0.36,7177315,Declining,2026-05-18,Reviews,Informational,People Also Ask,-12,6.36,1,3,3,6
231,data visualization certification,52,49,2670,40.9,10.24,82,3.07,0.8,1081841,Stable,2026-01-31,None,Informational,Organic,-3,24.67,1,1,2,7
232,dashboard free,73,79,2480,40.4,4.43,20,0.81,0.84,7792867,Rising,2026-09-07,Sitelinks,Transactional,Organic,6,23.24,3,1,1,1
233,sql examples,84,79,119,64.2,9.26,1,0.84,0.97,5424785,Stable,2026-09-25,Reviews,Transactional,Organic,-5,11.42,3,1,2,6
234,machine learning free,45,51,13787,21.9,9.95,554,4.02,0.06,7488097,Stable,2026-08-29,None,Commercial,Organic,6,52.98,2,1,2,7
235,data science skills,31,26,735,27.8,7.79,38,5.17,0.48,6449838,Stable,2026-09-13,Video,Informational,Image,-5,25.87,1,5,2,4
236,data analyst certification,52,50,108,10,1.27,3,2.78,0.34,4165034,Rising,2026-08-22,People Also Ask,Informational,Organic,-2,28.69,1,1,1,3
237,machine learning interview questions,43,45,8959,67.3,4.49,248,2.77,0.67,217136,Stable,2026-05-30,Image Pack,Commercial,Organic,2,29.1,2,1,2,5
238,power bi jobs,64,53,21955,42.7,3.2,226,1.03,0.85,1881598,Declining,2026-04-08,Reviews,Informational,Featured Snippet,-11,61.39,1,2,3,6
239,power bi advanced,16,25,3060,57.1,6.15,308,10.07,0.74,4515165,Stable,2026-09-05,Image Pack,Transactional,Video,9,24.31,3,4,2,5
240,dashboard jobs,94,100,386,62.6,7.35,3,0.78,0.44,4950150,Stable,2026-05-08,People Also Ask,Informational,Organic,6,12.4,1,1,2,3
241,seo analytics interview questions,18,7,2243,80.9,6.25,287,12.8,0.35,5947185,Stable,2026-04-22,Featured Snippet,Informational,Organic,-11,17,1,1,2,2
242,content marketing salary,91,96,526,65.5,4,2,0.38,0.5,4650977,Stable,2026-08-02,Reviews,Transactional,People Also Ask,5,11.6,3,3,2,6
243,seo analytics best practices,2,3,143,21.6,8.11,45,31.47,0.2,2435601,Rising,2026-02-01,Reviews,Transactional,Organic,1,40.55,3,1,1,6
244,customer analytics tutorial,46,57,2315,79.4,8.93,94,4.06,0.58,2053244,Stable,2026-05-28,Reviews,Commercial,Video,11,12.94,2,4,2,6
245,google analytics best practices,88,83,3688,69.5,2.6,63,1.71,0.47,1959278,Stable,2026-07-08,None,Commercial,Featured Snippet,-5,17.39,2,2,2,7
246,business intelligence dashboard,38,37,694,16,11.56,26,3.75,0.09,2377075,Rising,2026-03-24,Image Pack,Transactional,Organic,-1,28.58,3,1,1,5
247,mysql salary,6,1,1676,71.9,7.58,343,20.47,0.79,4491249,Rising,2026-06-12,Image Pack,Informational,Organic,-5,22.66,1,1,1,5
248,sql online,21,19,5379,17.4,2.81,488,9.07,0.39,1903873,Stable,2026-09-29,Video,Navigational,People Also Ask,-2,40.3,4,3,2,4
249,data analyst certification,86,82,2604,61.4,11.04,14,0.54,0.88,3174706,Stable,2026-02-28,Video,Informational,Featured Snippet,-4,17.04,1,2,2,4
250,data analyst online,99,95,6309,45.6,0.72,71,1.13,0.53,7596052,Rising,2026-01-04,Reviews,Informational,Organic,-4,29.46,1,1,1,6
251,business intelligence best practices,14,5,6400,80.3,8.95,1112,17.38,0.12,5551139,Rising,2026-06-19,Sitelinks,Informational,Organic,-9,27.88,1,1,1,1
252,digital marketing for beginners,10,13,1070,42.6,5.52,174,16.26,0.42,1122784,Rising,2026-02-02,None,Transactional,Organic,3,28,3,1,1,7
253,sql software,65,53,1250,34.1,1.22,23,1.84,0.42,5353640,Stable,2026-04-23,Featured Snippet,Transactional,Featured Snippet,-12,23.23,3,2,2,2
254,customer analytics project,82,71,1174,83.1,9.58,14,1.19,0.94,4517488,Stable,2026-03-05,Sitelinks,Informational,Organic,-11,8.04,1,1,2,1
255,customer analytics for beginners,11,5,979,82.3,4.26,182,18.59,0.53,1455443,Rising,2026-05-10,Featured Snippet,Informational,Organic,-6,17.15,1,1,1,2
256,dashboard tutorial,97,100,5114,54,3.63,16,0.31,0.73,4000085,Stable,2026-03-07,Reviews,Commercial,Organic,3,24.13,2,1,2,6
257,reporting tools,25,20,3046,59.3,3.81,270,8.86,0.39,2667398,Stable,2026-01-03,People Also Ask,Informational,Organic,-5,22.98,1,1,2,3
258,tableau examples,47,36,14556,80.2,5.66,375,2.58,0.57,1571007,Stable,2026-05-24,None,Transactional,Video,-11,36.25,3,4,2,7
259,business intelligence examples,94,100,9042,16,0.42,63,0.7,0.6,3360048,Stable,2026-01-19,Image Pack,Informational,Video,6,43.55,1,4,2,5
260,customer analytics free,84,93,478,27.9,9.31,5,1.05,0.49,4181213,Stable,2026-09-15,Sitelinks,Commercial,People Also Ask,9,23.14,2,3,2,1
261,reporting jobs,97,98,506,24.3,11.39,7,1.38,0.74,3971326,Stable,2026-04-23,None,Commercial,Organic,1,24.45,2,1,2,7
262,content marketing training,6,12,850,73.3,4.78,238,28,0.09,5258493,Rising,2026-09-24,Reviews,Transactional,People Also Ask,6,24.6,3,3,1,6
263,digital marketing advanced,70,73,481,40.3,7.13,6,1.25,0.29,7786858,Rising,2026-07-27,People Also Ask,Transactional,Organic,3,19.53,3,1,1,3
264,data science templates,1,2,503,28.4,6.27,118,23.46,0.2,4895758,Declining,2026-04-28,Video,Transactional,Featured Snippet,1,34.97,3,2,3,4
265,data science free,62,53,6502,76.7,0.46,83,1.28,0.2,5110415,Rising,2026-03-17,Sitelinks,Informational,Video,-9,20.6,1,4,1,1
266,marketing analytics guide,77,80,8556,67.6,8.01,62,0.72,0.47,7943651,Declining,2026-03-29,Featured Snippet,Transactional,Organic,3,27.11,3,1,3,2
267,dashboard jobs,80,86,4425,67.9,4.24,50,1.13,0.27,3206602,Rising,2026-04-14,Image Pack,Transactional,Organic,6,19.03,3,1,1,5
268,tableau salary,78,66,516,59.2,0.66,7,1.36,0.16,3961479,Rising,2026-01-01,None,Commercial,Organic,-12,13.99,2,1,1,7
269,tableau software,6,13,5001,85.1,5.89,1052,21.04,0.81,7281299,Declining,2026-02-20,Video,Informational,Organic,7,25.61,1,1,3,4
270,machine learning tools,37,41,4930,25.1,8.57,261,5.29,0.16,256113,Stable,2026-06-11,Video,Informational,Organic,4,35.09,1,1,2,4
271,dashboard examples,34,46,4982,39.3,3.45,322,6.46,0.44,6313549,Stable,2026-07-09,Image Pack,Commercial,Organic,12,31.55,2,1,2,5
272,seo analytics advanced,45,54,17616,21,10.39,431,2.45,0.79,7604112,Rising,2026-09-18,Video,Transactional,People Also Ask,9,60.03,3,3,1,4
273,reporting tutorial,21,18,8444,17.3,1.91,883,10.46,0.11,1929807,Rising,2026-01-20,Reviews,Informational,Image,-3,47.16,1,5,1,6
274,reporting online,37,44,5921,71.9,2.27,204,3.45,0.85,7459916,Stable,2026-04-10,Sitelinks,Transactional,Organic,7,22.04,3,1,2,1
275,machine learning templates,22,28,95,62.4,11.71,7,7.37,0.43,5423363,Stable,2026-04-13,Image Pack,Informational,Organic,6,15.39,1,1,2,5
276,sql for beginners,37,45,6702,37.8,11.57,317,4.73,0.23,7451767,Stable,2026-05-14,Featured Snippet,Informational,Organic,8,34.5,1,1,2,2
277,sql online,38,33,252,86.5,10.54,12,4.76,0.7,7735232,Stable,2026-05-05,None,Informational,Featured Snippet,-5,7.08,1,2,2,7
278,mysql advanced,4,4,176,40.6,9.51,48,27.27,0.8,3416922,Stable,2026-01-05,Reviews,Transactional,Organic,0,32.68,3,1,2,6
279,sql guide,87,95,1129,84.5,5.82,11,0.97,0.3,7587521,Stable,2026-04-08,Video,Transactional,Organic,8,7.41,3,1,2,4
280,machine learning examples,27,19,1027,76.9,4.4,64,6.23,0.12,7655081,Stable,2026-01-04,None,Transactional,Image,-8,12.29,3,5,2,7
281,data science software,80,75,3986,80.5,6.98,28,0.7,0.77,4186842,Stable,2026-03-07,Sitelinks,Commercial,Organic,-5,14.15,2,1,2,1
282,customer analytics tutorial,65,61,2604,72.1,5.59,30,1.15,0.35,265665,Stable,2026-07-14,Image Pack,Informational,Organic,-4,14.16,1,1,2,5
283,digital marketing jobs,71,64,710,86.7,4.25,6,0.85,0.44,6067126,Stable,2026-07-25,People Also Ask,Commercial,Organic,-7,5.85,2,1,2,3
284,dashboard training,13,21,1262,54.4,10.3,225,17.83,0.74,3889298,Rising,2026-08-04,Video,Informational,Video,8,25.68,1,4,1,4
285,marketing analytics for beginners,93,88,2730,55,6.9,25,0.92,0.11,6547780,Stable,2026-02-19,Video,Transactional,Organic,-5,19.42,3,1,2,4
286,content marketing for beginners,72,86,940,42.9,4.34,15,1.6,0.59,5268950,Stable,2026-05-26,People Also Ask,Informational,Organic,14,19.85,1,1,2,3
287,mysql tools,49,53,1024,86.5,10.45,37,3.61,0.45,4976019,Stable,2026-02-06,Sitelinks,Informational,Organic,4,8.01,1,1,2,1
288,keyword research project,91,84,9210,31.7,5.45,118,1.28,0.6,7731103,Stable,2026-04-05,None,Informational,Featured Snippet,-7,39.48,1,2,2,7
289,digital marketing tools,27,17,1544,15.1,10.57,87,5.63,0.42,6166971,Rising,2026-05-15,Image Pack,Informational,Organic,-10,31.54,1,1,1,5
290,google analytics project,30,22,16180,60.1,1.75,836,5.17,0.67,6910876,Stable,2026-09-01,Video,Navigational,Organic,-8,46.89,4,1,2,4
291,digital marketing for beginners,57,46,19395,57.3,5.59,558,2.88,0.46,5190334,Stable,2026-06-27,Video,Commercial,People Also Ask,-11,52.9,2,3,2,4
292,mysql project,47,45,809,10.8,6.38,21,2.6,0.32,4373771,Stable,2026-09-09,None,Commercial,Organic,-2,29.75,2,1,2,7
293,tableau project,77,69,108,25.1,10.61,1,0.93,0.72,5238728,Declining,2026-04-23,People Also Ask,Informational,Organic,-8,23.18,1,1,3,3
294,marketing analytics templates,89,95,899,69.4,9.74,9,1,0.22,2458843,Stable,2026-08-20,People Also Ask,Transactional,Organic,6,11.5,3,1,2,3
295,keyword research course,20,6,3577,87.8,3.53,361,10.09,0.06,903536,Rising,2026-04-22,People Also Ask,Commercial,Featured Snippet,-14,16.14,2,2,1,3
296,data science software,60,67,93,77.5,11.43,1,1.08,0.12,3867144,Rising,2026-05-09,None,Informational,Organic,7,7.51,1,1,1,7
297,machine learning guide,99,98,973,12.7,5.64,11,1.13,0.97,3888039,Stable,2026-06-09,People Also Ask,Informational,Featured Snippet,-1,28.73,1,2,2,3
298,customer analytics online,16,9,3440,25.9,10.67,400,11.63,0.16,5136689,Stable,2026-03-27,None,Informational,Organic,-7,35.26,1,1,2,7
299,machine learning course,6,9,18588,57.7,4.58,3335,17.94,0.14,5025429,Declining,2026-01-31,Sitelinks,Informational,Organic,3,59.19,1,1,3,1
300,customer analytics certification,17,17,737,54.7,7.81,112,15.2,0.74,366552,Stable,2026-03-10,People Also Ask,Transactional,Organic,0,23.14,3,1,2,3
301,mysql for beginners,38,40,18775,55.3,6.61,797,4.25,0.87,4869703,Declining,2026-03-24,Sitelinks,Commercial,Organic,2,53,2,1,3,1
302,digital marketing for beginners,47,46,124,50.5,8.86,4,3.23,0.39,5037539,Stable,2026-02-02,Reviews,Navigational,People Also Ask,-1,16.82,4,3,2,6
303,business intelligence online,88,88,4039,32.7,5.04,24,0.59,0.67,541462,Declining,2026-04-02,None,Informational,Organic,0,28.53,1,1,3,7
304,business intelligence certification,5,8,15424,62.6,6.4,3214,20.84,0.39,4926438,Rising,2026-04-17,Reviews,Commercial,Video,3,52.98,2,4,1,6
305,sql interview questions,82,68,1635,85.1,5.11,17,1.04,0.82,2273361,Rising,2026-02-06,None,Informational,Video,-14,8.27,1,4,1,7
306,marketing analytics certification,13,21,857,25.2,6.41,140,16.34,0.22,6043715,Stable,2026-02-24,None,Commercial,Organic,8,32.84,2,1,2,7
307,mysql best practices,14,4,542,50.4,7.96,85,15.68,0.93,7239382,Stable,2026-06-16,None,Informational,Featured Snippet,-10,24.3,1,2,2,7
308,tableau skills,78,70,8655,40,6.69,117,1.35,0.48,7686630,Rising,2026-01-18,People Also Ask,Commercial,Organic,-8,35.93,2,1,1,3
309,seo analytics course,39,31,1039,11.7,9.9,41,3.95,0.57,4539320,Declining,2026-03-21,Sitelinks,Informational,Organic,-8,30.66,1,1,3,1
310,python pandas examples,47,60,6999,30.5,3.74,228,3.26,0.25,802172,Stable,2026-09-05,Featured Snippet,Commercial,Video,13,36.5,2,4,2,2
311,dashboard certification,77,82,726,74.7,4.7,13,1.79,0.36,7062381,Stable,2026-03-03,None,Transactional,Featured Snippet,5,9.99,3,2,2,7
312,reporting course,82,91,11612,34.4,0.69,107,0.92,0.52,1922217,Rising,2026-07-21,Video,Transactional,Organic,9,43.26,3,1,1,4
313,sql training,56,50,1607,36.9,5.82,40,2.49,0.3,3308510,Stable,2026-03-08,None,Informational,Organic,-6,23.45,1,1,2,7
314,data science guide,84,87,874,89.8,6.39,5,0.57,0.45,5540956,Stable,2026-02-27,Reviews,Informational,Organic,3,5.1,1,1,2,6
315,business intelligence skills,45,49,8603,34.4,11.85,378,4.39,0.47,1337384,Rising,2026-04-30,Featured Snippet,Commercial,Organic,4,39.12,2,1,1,2
316,sql certification,95,81,1091,84.1,10.45,10,0.92,0.7,1067968,Stable,2026-01-12,People Also Ask,Informational,Organic,-14,7.43,1,1,2,3
317,business intelligence for beginners,67,76,1084,59.8,11.91,20,1.85,0.4,7267114,Stable,2026-05-11,Featured Snippet,Informational,Organic,9,15.2,1,1,2,2
318,reporting examples,7,6,16339,15.3,7.99,4350,26.62,0.39,1041553,Rising,2026-07-17,Featured Snippet,Navigational,Organic,-1,72.06,4,1,1,2
319,excel skills,63,75,8576,24.9,6.11,176,2.05,0.07,2129658,Stable,2026-06-20,Video,Informational,Organic,12,40.67,1,1,2,4
320,content marketing software,46,51,865,88.3,6.11,32,3.7,0.88,7145136,Declining,2026-01-16,Image Pack,Navigational,Organic,5,7.2,4,1,3,5
321,keyword research guide,85,74,242,51.7,8.2,3,1.24,0.44,4668608,Stable,2026-06-09,Image Pack,Informational,Organic,-11,15.63,1,1,2,5
322,business intelligence salary,75,77,15120,79,3.85,229,1.51,0.18,7966349,Declining,2026-03-16,Reviews,Navigational,Video,2,37.16,4,4,3,6
323,keyword research tools,72,74,14091,35.4,10.58,260,1.85,0.88,3429513,Stable,2026-08-15,Reviews,Navigational,Video,2,48.38,4,4,2,6
324,digital marketing salary,100,91,158,12.1,11.83,1,0.63,0.63,4851613,Rising,2026-01-14,People Also Ask,Informational,Featured Snippet,-9,27.02,1,2,1,3
325,python pandas online,78,78,20784,24.7,4.77,194,0.93,0.26,3386995,Declining,2026-05-19,Video,Informational,Organic,0,64.41,1,1,3,4
326,business intelligence dashboard,9,1,3920,49.2,4.03,648,16.53,0.43,526244,Stable,2026-07-14,Reviews,Informational,Organic,-8,31.83,1,1,2,6
327,dashboard templates,69,70,15756,73,6.34,259,1.64,0.09,7967523,Stable,2026-07-22,Reviews,Informational,Organic,1,40.3,1,1,2,6
328,power bi dashboard,38,37,2638,71.9,3.57,96,3.64,0.91,5581633,Declining,2026-08-26,None,Commercial,Organic,-1,15.61,2,1,3,7
329,marketing analytics certification,24,33,10851,65.7,1.8,928,8.55,0.22,4804460,Stable,2026-04-14,Video,Informational,Organic,9,36.41,1,1,2,4
330,data visualization certification,12,1,18262,39,6.38,3469,19,0.53,7608080,Stable,2026-07-14,Sitelinks,Transactional,Video,-11,64.72,3,4,2,1
331,dashboard salary,21,33,412,67,5.15,47,11.41,0.47,5086332,Rising,2026-03-09,Featured Snippet,Informational,Featured Snippet,12,16.79,1,2,1,2
332,data analyst interview questions,64,76,3241,10.5,10.62,46,1.42,0.5,3399180,Rising,2026-01-04,Featured Snippet,Transactional,Organic,12,34.05,3,1,1,2
333,customer analytics dashboard,7,1,369,37.9,1.92,80,21.68,0.62,2782666,Rising,2026-02-25,Video,Navigational,Organic,-6,30.9,4,1,1,4
334,seo analytics templates,85,92,20096,73,2.29,209,1.04,0.93,926385,Rising,2026-07-08,Video,Transactional,Featured Snippet,7,48.61,3,2,1,4
335,customer analytics tools,38,38,392,78.8,4.08,14,3.57,0.25,653839,Stable,2026-09-28,Sitelinks,Commercial,Organic,0,9.04,2,1,2,1
336,seo analytics best practices,78,90,1322,56,7.55,23,1.74,0.52,5887641,Stable,2026-04-03,Image Pack,Informational,Organic,12,16.75,1,1,2,5
337,business intelligence course,16,1,3413,19.4,10.21,598,17.52,0.44,2803579,Stable,2026-04-19,Sitelinks,Commercial,Organic,-15,40.29,2,1,2,1
338,digital marketing tools,40,34,5424,71.4,1.54,201,3.71,0.58,7688880,Declining,2026-04-10,People Also Ask,Transactional,Video,-6,21.34,3,4,3,3
339,data science free,5,10,518,60.2,10.73,112,21.62,0.79,3428833,Stable,2026-09-24,People Also Ask,Commercial,Organic,5,24.48,2,1,2,3
340,customer analytics for beginners,3,1,9438,74,10.68,3140,33.27,0.31,443150,Declining,2026-03-26,Image Pack,Commercial,Organic,-2,44.27,2,1,3,5
341,excel project,91,100,1795,31.7,1.22,23,1.28,0.83,2560503,Stable,2026-03-31,Sitelinks,Informational,Organic,9,24.74,1,1,2,1
342,business intelligence tools,57,58,125,82.4,2.02,2,1.6,0.87,2620797,Stable,2026-02-20,None,Navigational,Organic,1,6.38,4,1,2,7
343,python pandas dashboard,93,79,2913,79.2,1.57,15,0.51,0.85,7000625,Stable,2026-01-24,Sitelinks,Commercial,Organic,-14,12.3,2,1,2,1
344,seo analytics course,74,83,1147,26.8,2.57,12,1.05,0.78,5434767,Rising,2026-03-22,People Also Ask,Informational,Image,9,24.8,1,5,1,3
345,customer analytics online,14,5,4726,35.5,1.87,627,13.27,0.28,755694,Stable,2026-06-23,Image Pack,Commercial,Organic,-9,35.81,2,1,2,5
346,data science tutorial,14,11,76,41.4,8.52,12,15.79,0.7,3677522,Stable,2026-06-20,None,Informational,Featured Snippet,-3,26.13,1,2,2,7
347,customer analytics tools,97,100,3292,17.4,9.67,29,0.88,0.34,5226465,Stable,2026-08-29,Featured Snippet,Navigational,Organic,3,31.79,4,1,2,2
348,reporting examples,47,44,594,63.2,9.51,20,3.37,0.08,3907608,Stable,2026-08-25,None,Informational,Featured Snippet,-3,14.01,1,2,2,7
349,reporting advanced,17,18,196,67.1,1.46,19,9.69,0.33,3795603,Stable,2026-05-03,Image Pack,Informational,Organic,1,15.42,1,1,2,5
350,data science guide,9,4,1015,57.3,9.45,226,22.27,0.56,2042003,Stable,2026-02-09,Reviews,Navigational,Organic,-5,26.68,4,1,2,6
351,data science certification,76,80,2783,17.8,5.45,26,0.93,0.61,5546967,Stable,2026-07-14,People Also Ask,Commercial,Organic,4,30.69,2,1,2,3
352,sql dashboard,18,31,10658,60.9,0.2,1000,9.38,0.55,3241864,Stable,2026-04-11,Featured Snippet,Commercial,Organic,13,37.91,2,1,2,2
353,dashboard project,56,63,2089,56.6,7.42,54,2.58,0.85,686802,Declining,2026-01-28,Sitelinks,Transactional,People Also Ask,7,18.55,3,3,3,1
354,content marketing certification,37,49,86,66.2,4.85,3,3.49,0.41,4451926,Stable,2026-09-01,Featured Snippet,Informational,Organic,12,12.17,1,1,2,2
355,content marketing best practices,20,14,9454,10.9,7.85,1202,12.71,0.67,7804805,Rising,2026-03-12,Reviews,Transactional,People Also Ask,-6,52.29,3,3,1,6
356,reporting best practices,80,70,3169,54.2,5.51,25,0.79,0.62,4707920,Declining,2026-05-02,Reviews,Commercial,Organic,-10,20.46,2,1,3,6
357,customer analytics advanced,47,33,109,66.4,1.54,3,2.75,0.18,5904086,Declining,2026-05-24,Video,Commercial,Organic,-14,11.76,2,1,3,4
358,reporting tools,32,32,14630,86.8,1.12,1049,7.17,0.34,611639,Stable,2026-01-06,Video,Commercial,Video,0,36.86,2,4,2,4
359,dashboard skills,54,50,902,12.8,11.09,26,2.88,0.58,679058,Stable,2026-03-28,Image Pack,Informational,Image,-4,29.49,1,5,2,5
360,reporting course,37,37,157,16.1,9.45,7,4.46,0.31,2204254,Stable,2026-03-31,Image Pack,Transactional,Organic,0,27.86,3,1,2,5
361,content marketing jobs,34,44,15576,24.5,6.42,970,6.23,0.96,4845243,Declining,2026-09-11,None,Navigational,Featured Snippet,10,56.93,4,2,3,7
362,machine learning interview questions,93,98,423,68.7,4.27,5,1.18,0.16,1507283,Stable,2026-06-04,Video,Transactional,Featured Snippet,5,10.86,3,2,2,4
363,customer analytics training,49,55,17514,31,6.46,424,2.42,0.8,3179631,Rising,2026-09-29,Reviews,Navigational,Organic,6,56.81,4,1,1,6
364,customer analytics software,56,60,15610,36.8,3.35,287,1.84,0.42,6230577,Stable,2026-04-10,Image Pack,Informational,Organic,4,50.97,1,1,2,5
365,data visualization skills,71,56,8471,15.4,5.05,131,1.55,0.38,5856955,Rising,2026-01-18,Sitelinks,Commercial,Organic,-15,43.05,2,1,1,1
366,reporting dashboard,77,82,239,19.6,10.31,2,0.84,0.9,4615336,Declining,2026-02-26,Reviews,Informational,Organic,5,25.04,1,1,3,6
367,sql interview questions,36,45,2369,63.4,9.29,128,5.4,0.31,686621,Stable,2026-01-31,People Also Ask,Navigational,Organic,9,18.56,4,1,2,3
368,mysql tools,63,77,901,24.3,6.01,13,1.44,0.26,5218037,Declining,2026-05-13,Sitelinks,Informational,Organic,14,25.27,1,1,3,1
369,digital marketing interview questions,3,16,2412,61.2,11.21,561,23.26,0.71,7256016,Stable,2026-09-21,Reviews,Navigational,Organic,13,28.81,4,1,2,6
370,tableau guide,94,100,215,10.3,11.46,2,0.93,0.58,7493329,Stable,2026-06-05,Video,Informational,Image,6,27.83,1,5,2,4
371,sql software,69,81,1134,46.8,9.24,15,1.32,0.09,3196476,Rising,2026-07-19,Sitelinks,Commercial,Organic,12,18.92,2,1,1,1
372,sql interview questions,95,86,362,12,11.96,2,0.55,0.8,5218579,Stable,2026-08-19,Sitelinks,Informational,Organic,-9,27.41,1,1,2,1
373,power bi guide,16,7,14005,46.7,8.2,1558,11.12,0.59,7413563,Rising,2026-03-14,Video,Commercial,Organic,-9,49.75,2,1,1,4
374,reporting tutorial,32,39,9496,23.8,0.79,637,6.71,0.48,1531377,Stable,2026-02-24,Sitelinks,Commercial,Featured Snippet,7,45.31,2,2,2,1
375,machine learning tools,26,24,1902,88.6,8.21,188,9.88,0.59,1271169,Declining,2026-04-20,None,Informational,Organic,-2,12.46,1,1,3,7
376,sql certification,36,25,1635,39.6,2.15,79,4.83,0.18,6370207,Stable,2026-07-12,None,Informational,People Also Ask,-11,23.94,1,3,2,7
377,sql course,1,1,238,57.5,3.55,82,34.45,0.5,1189760,Rising,2026-05-19,Image Pack,Commercial,Organic,0,31.56,2,1,1,5
378,data visualization templates,89,75,6608,50,11.41,87,1.32,0.38,235646,Rising,2026-03-02,Image Pack,Navigational,Organic,-14,28.84,4,1,1,5
379,customer analytics online,29,28,13938,32.1,2.49,1120,8.04,0.96,3900420,Rising,2026-01-23,Sitelinks,Commercial,Organic,-1,52.36,2,1,1,1
380,tableau examples,43,47,2190,69.2,11.11,82,3.74,0.51,1105307,Declining,2026-08-16,Image Pack,Commercial,Organic,4,15.58,2,1,3,5
381,keyword research training,100,88,1289,29,5.07,8,0.62,0.12,4763719,Rising,2026-08-12,Featured Snippet,Informational,Organic,-12,24.19,1,1,1,2
382,data visualization guide,48,37,3611,60.6,11.71,74,2.05,0.7,665283,Rising,2026-08-27,Video,Informational,Featured Snippet,-11,20.09,1,2,1,4
383,machine learning project,78,68,16403,82.4,7.02,173,1.05,0.44,4269796,Declining,2026-04-21,Image Pack,Commercial,Organic,-10,38.45,2,1,3,5
384,data analyst best practices,95,100,698,44.7,2.82,12,1.72,0.91,7206363,Stable,2026-01-23,Sitelinks,Navigational,Featured Snippet,5,18.89,4,2,2,1
385,marketing analytics tutorial,55,56,2070,73.8,9.89,38,1.84,0.57,296899,Stable,2026-04-22,Featured Snippet,Informational,Organic,1,12.95,1,1,2,2
386,sql course,62,68,813,46.7,6.93,19,2.34,0.49,1281266,Stable,2026-04-05,None,Transactional,Organic,6,18.85,3,1,2,7
387,data analyst tools,50,63,16794,12.6,5.23,511,3.04,0.56,6396934,Stable,2026-02-11,Image Pack,Transactional,Featured Snippet,13,61.23,3,2,2,5
388,power bi online,87,83,77,39.2,7.51,0,0,0.58,722646,Stable,2026-04-15,Featured Snippet,Navigational,Organic,-4,18.39,4,1,2,2
389,excel free,95,100,10478,66.2,9.09,116,1.11,0.89,4127814,Stable,2026-01-28,Sitelinks,Informational,Organic,5,31.56,1,1,2,1
390,marketing analytics online,16,16,19301,76,10.81,2384,12.35,0.68,5607140,Declining,2026-02-03,Featured Snippet,Transactional,Organic,0,52.15,3,1,3,2
391,sql guide,23,17,155,32.1,8.43,17,10.97,0.54,5092754,Rising,2026-03-09,Video,Informational,Organic,-6,26.52,1,1,1,4
392,data analyst project,25,12,131,28.6,11.38,10,7.63,0.37,5239199,Stable,2026-09-29,None,Commercial,Organic,-13,25.74,2,1,2,7
393,dashboard salary,40,30,858,39.8,3.6,31,3.61,0.32,7658468,Stable,2026-03-24,Reviews,Commercial,Organic,-10,21.69,2,1,2,6
394,data visualization salary,21,13,145,35.3,1.69,12,8.28,0.58,470574,Rising,2026-06-26,Featured Snippet,Informational,Organic,-8,24.1,1,1,1,2
395,data visualization for beginners,39,27,98,50,1.92,3,3.06,0.05,5960260,Declining,2026-06-19,Reviews,Transactional,Organic,-12,16.82,3,1,3,6
396,seo analytics advanced,86,75,9679,83.8,4.2,55,0.57,0.09,5488465,Rising,2026-01-13,Video,Commercial,Organic,-11,24.41,2,1,1,4
397,content marketing tools,42,28,9191,56.7,2.82,346,3.76,0.07,4399615,Stable,2026-02-14,Image Pack,Informational,Organic,-14,33.26,1,1,2,5
398,reporting templates,66,81,133,38.9,1.95,2,1.5,0.4,2420272,Stable,2026-08-17,None,Commercial,Organic,15,19.39,2,1,2,7
399,mysql best practices,57,51,631,87.6,5.2,12,1.9,0.6,871408,Rising,2026-09-01,None,Commercial,Organic,-6,5.99,2,1,1,7
400,dashboard guide,12,1,2294,31.9,2.26,391,17.04,0.91,1754208,Declining,2026-05-29,Image Pack,Commercial,People Also Ask,-11,34.06,2,3,3,5
401,seo analytics advanced,39,39,6089,28,9.54,212,3.48,0.65,5165174,Rising,2026-05-28,Video,Informational,Video,0,35.56,1,4,1,4
402,machine learning course,16,25,1045,87.7,7.27,136,13.01,0.46,2211709,Stable,2026-03-03,People Also Ask,Commercial,Organic,9,12.69,2,1,2,3
403,digital marketing jobs,75,61,461,80.3,1.8,3,0.65,0.44,7314416,Stable,2026-05-29,People Also Ask,Commercial,Video,-14,7.17,2,4,2,3
404,marketing analytics dashboard,99,100,617,57.9,2.17,3,0.49,0.84,6439042,Rising,2026-07-05,Sitelinks,Commercial,Organic,1,14.12,2,1,1,1
405,python pandas course,18,19,961,48.8,4.22,93,9.68,0.2,1924685,Rising,2026-09-27,None,Commercial,Organic,1,22.42,2,1,1,7
406,excel best practices,59,73,156,20.5,0.41,3,1.92,0.18,3647115,Declining,2026-09-25,None,Navigational,Organic,14,25.18,4,1,3,7
407,seo analytics course,96,100,171,78.5,1.88,0,0,0.17,813118,Stable,2026-02-27,Sitelinks,Informational,Organic,4,6.79,1,1,2,1
408,tableau tutorial,26,14,125,51.1,0.9,8,6.4,0.11,5407174,Stable,2026-03-05,Image Pack,Informational,Video,-12,18.32,1,4,2,5
409,data visualization software,4,1,646,85.3,11.4,131,20.28,0.52,5882721,Rising,2026-02-04,Sitelinks,Transactional,Featured Snippet,-3,16.49,3,2,1,1
410,marketing analytics dashboard,92,83,820,70.3,0.25,12,1.46,0.92,6840115,Stable,2026-04-05,Video,Commercial,Organic,-9,11.32,2,1,2,4
411,content marketing guide,55,46,4296,19,11.82,60,1.4,0.18,6145734,Stable,2026-01-21,Sitelinks,Informational,Organic,-9,33.59,1,1,2,1
412,seo analytics interview questions,77,85,1180,77.3,2.87,16,1.36,0.45,6882835,Declining,2026-09-01,Reviews,Informational,Organic,8,9.88,1,1,3,6
413,data science certification,51,50,5804,16.8,1.89,151,2.6,0.15,7417264,Declining,2026-02-03,People Also Ask,Navigational,Organic,-1,37.88,4,1,3,3
414,reporting guide,16,8,2415,32.3,8.62,284,11.76,0.79,5221883,Stable,2026-09-01,Reviews,Commercial,Organic,-8,31.37,2,1,2,6
415,data science online,36,25,2326,30.1,6.07,94,4.04,0.14,612248,Rising,2026-01-14,Featured Snippet,Informational,Organic,-11,27.74,1,1,1,2
416,python pandas project,80,84,246,62.9,6.34,2,0.81,0.33,4083612,Stable,2026-06-25,None,Transactional,Organic,4,12.05,3,1,2,7
417,power bi best practices,16,13,2760,40.1,5.62,365,13.22,0.86,2563747,Stable,2026-09-09,Video,Informational,Organic,-3,30.49,1,1,2,4
418,data science certification,73,79,3486,64.8,6.95,53,1.52,0.53,3252801,Stable,2026-07-13,Image Pack,Commercial,Featured Snippet,6,18.3,2,2,2,5
419,seo analytics skills,8,1,5852,77,4.32,890,15.21,0.89,2861800,Rising,2026-06-26,People Also Ask,Informational,Organic,-7,26.63,1,1,1,3
420,machine learning training,31,36,1114,82.8,0.97,61,5.48,0.07,2743711,Stable,2026-08-05,Image Pack,Commercial,Organic,5,10.29,2,1,2,5
421,data analyst free,76,61,1446,41.2,6.96,17,1.18,0.68,2820546,Stable,2026-06-23,Featured Snippet,Commercial,Organic,-15,21.14,2,1,2,2
422,tableau dashboard,64,69,257,52.9,3.59,3,1.17,0.43,1961910,Stable,2026-02-17,Reviews,Transactional,Organic,5,15.26,3,1,2,6
423,keyword research examples,9,12,5163,26.8,9.59,895,17.33,0.81,3576701,Stable,2026-04-13,Video,Informational,Organic,3,41.45,1,1,2,4
424,mysql for beginners,24,37,113,51.3,2.4,10,8.85,0.82,7517203,Rising,2026-09-30,None,Commercial,Featured Snippet,13,19.54,2,2,1,7
425,tableau advanced,94,99,106,39.1,1.94,0,0,0.33,3596032,Rising,2026-02-02,Reviews,Informational,Organic,5,18.48,1,1,1,6
426,seo analytics jobs,33,39,6922,29.1,1.97,416,6.01,0.34,3985982,Declining,2026-08-05,Reviews,Navigational,Organic,6,38.23,4,1,3,6
427,digital marketing salary,4,1,1161,24.1,10.26,296,25.5,0.07,6904755,Rising,2026-06-02,None,Informational,Image,-3,38.65,1,5,1,7
428,content marketing tools,51,66,23218,28.9,6.94,477,2.05,0.67,4727273,Stable,2026-09-26,People Also Ask,Commercial,Organic,15,68.58,2,1,2,3
429,reporting certification,99,100,1395,56.7,4.8,14,1,0.45,1325367,Rising,2026-05-21,Video,Informational,People Also Ask,1,16.3,1,3,1,4
430,power bi free,69,65,24553,35.3,5.2,513,2.09,0.88,7508383,Stable,2026-07-08,None,Informational,Organic,-4,69.34,1,1,2,7
431,reporting tutorial,95,100,118,73.1,3.03,1,0.85,0.95,3030269,Declining,2026-03-04,Image Pack,Transactional,People Also Ask,5,8.76,3,3,3,5
432,google analytics course,51,65,910,84.9,9.13,25,2.75,0.2,3622997,Rising,2026-07-28,None,Informational,People Also Ask,14,7.8,1,3,1,7
433,data science free,95,93,1803,80.1,9.88,26,1.44,0.53,2944479,Stable,2026-06-17,Video,Commercial,Featured Snippet,-2,10.32,2,2,2,4
434,data visualization interview questions,83,72,98,60.3,3.9,0,0,0.54,7763383,Declining,2026-03-08,None,Commercial,Organic,-11,12.1,2,1,3,7
435,keyword research interview questions,62,74,14282,23.9,7.2,196,1.37,0.13,3067276,Stable,2026-07-13,None,Transactional,Organic,12,51.95,3,1,2,7
436,data analyst for beginners,83,87,10321,17.1,5.66,99,0.96,0.1,5020431,Stable,2026-03-18,Sitelinks,Navigational,Organic,4,45.9,4,1,2,1
437,dashboard certification,2,9,5023,83.6,5.55,1117,22.24,0.72,1686244,Declining,2026-05-17,People Also Ask,Transactional,Organic,7,26.74,3,1,3,3
438,tableau dashboard,77,68,1208,25.1,2.33,13,1.08,0.97,2036787,Stable,2026-05-08,People Also Ask,Commercial,Organic,-9,25.45,2,1,2,3
439,sql course,61,50,2073,41.8,2.7,33,1.59,0.61,769833,Stable,2026-01-27,People Also Ask,Navigational,Organic,-11,22.43,4,1,2,3
440,content marketing templates,86,100,9573,74.8,0.26,92,0.96,0.97,5435843,Rising,2026-01-22,Image Pack,Informational,Organic,14,27.1,1,1,1,5
441,data science skills,60,49,184,52.4,1.87,1,0.54,0.17,6999100,Declining,2026-07-04,Video,Informational,People Also Ask,-11,14.93,1,3,3,4
442,reporting examples,67,62,2649,35.2,11.94,39,1.47,0.85,5327871,Stable,2026-01-28,Featured Snippet,Informational,Organic,-5,25.49,1,1,2,2
443,power bi free,34,24,18485,19.3,10.76,974,5.27,0.98,4574665,Stable,2026-02-27,None,Transactional,Organic,-10,63.77,3,1,2,7
444,content marketing tools,27,39,826,23.5,6.2,74,8.96,0.6,4751669,Declining,2026-09-27,None,Commercial,Organic,12,29.36,2,1,3,7
445,sql training,99,99,9192,36.3,3.55,105,1.14,0.4,7447357,Rising,2026-06-15,Featured Snippet,Informational,Organic,0,37.99,1,1,1,2
446,data science interview questions,81,96,1115,10.5,11.64,18,1.61,0.36,5906052,Stable,2026-03-08,Featured Snippet,Transactional,People Also Ask,15,29.92,3,3,2,2
447,seo analytics skills,8,16,216,58.2,1.29,37,17.13,0.77,3311554,Rising,2026-04-17,Featured Snippet,Informational,Organic,8,22.09,1,1,1,2
448,python pandas certification,39,39,2430,83.7,10.86,99,4.07,0.14,3066163,Rising,2026-08-17,Video,Commercial,Organic,0,11.89,2,1,1,4
449,tableau tools,97,95,1694,44.7,5.23,5,0.3,0.49,1948995,Stable,2026-03-21,Video,Commercial,Organic,-2,20.12,2,1,2,4
450,sql project,60,58,267,48.2,1.95,4,1.5,0.84,4280118,Rising,2026-01-25,Image Pack,Informational,Organic,-2,16.87,1,1,1,5
451,excel online,55,53,205,67.6,9.79,4,1.95,0.77,326895,Stable,2026-08-25,Featured Snippet,Transactional,People Also Ask,-2,11.17,3,3,2,2
452,power bi tools,54,67,16350,57,5.57,441,2.7,0.3,7740413,Declining,2026-04-06,Featured Snippet,Informational,Featured Snippet,13,46.84,1,2,3,2
453,reporting examples,87,75,2148,10.5,1.58,13,0.61,0.7,6976488,Declining,2026-09-07,People Also Ask,Commercial,Image,-12,31.45,2,5,3,3
454,content marketing guide,39,26,397,25.3,9.83,14,3.53,0.08,3952714,Rising,2026-05-04,Video,Transactional,People Also Ask,-13,25.08,3,3,1,4
455,customer analytics dashboard,12,6,2411,43.8,1.57,463,19.2,0.47,3983365,Rising,2026-08-19,Image Pack,Informational,Organic,-6,31.87,1,1,1,5
456,google analytics tutorial,43,28,228,67,11.76,10,4.39,0.61,4523575,Rising,2026-09-07,Video,Commercial,Organic,-15,12.69,2,1,1,4
457,reporting free,30,37,106,43.8,3.93,7,6.6,0.44,3892036,Stable,2026-06-27,Video,Commercial,Organic,7,20.58,2,1,2,4
458,seo analytics dashboard,61,57,2587,27.6,10.93,44,1.7,0.84,5324273,Rising,2026-05-31,Reviews,Transactional,Image,-4,27.77,3,5,1,6
459,content marketing free,21,25,718,69.9,8.07,59,8.22,0.62,987049,Stable,2026-09-10,People Also Ask,Informational,Organic,4,14.83,1,1,2,3
460,data analyst software,34,30,9732,76.2,10.75,361,3.71,0.45,5016990,Rising,2026-04-25,Video,Informational,Organic,-4,28.46,1,1,1,4
461,content marketing tutorial,99,100,4436,22.1,8.34,44,0.99,0.71,7427730,Stable,2026-08-23,None,Transactional,Image,1,32.72,3,5,2,7
462,reporting templates,14,25,3646,18.4,7.63,684,18.76,0.2,2478559,Stable,2026-09-17,Video,Transactional,Organic,11,41.71,3,1,2,4
463,content marketing skills,18,6,805,43.3,9.27,111,13.79,0.37,4139177,Rising,2026-07-10,Reviews,Transactional,Organic,-12,25.95,3,1,1,6
464,machine learning salary,97,100,4976,28.3,9.66,38,0.76,0.48,6848645,Stable,2026-07-05,Sitelinks,Commercial,Featured Snippet,3,31.81,2,2,2,1
465,marketing analytics tools,11,6,1471,71.8,5.32,188,12.78,0.92,1377426,Stable,2026-09-24,People Also Ask,Informational,Video,-5,18.19,1,4,2,3
466,customer analytics project,93,100,2004,10.6,3.5,24,1.2,0.71,3680274,Rising,2026-08-15,Reviews,Informational,People Also Ask,7,31.44,1,3,1,6
467,google analytics dashboard,39,26,107,41.2,8.68,5,4.67,0.56,1867129,Stable,2026-06-09,Image Pack,Informational,Organic,-13,20.34,1,1,2,5
468,data analyst course,70,73,868,71.9,8.77,13,1.5,0.11,3109235,Stable,2026-07-01,Sitelinks,Informational,Organic,3,10.95,1,1,2,1
469,excel interview questions,39,42,12665,37.1,2.99,610,4.82,0.72,7512807,Stable,2026-04-30,People Also Ask,Informational,Organic,3,46.62,1,1,2,3
470,dashboard salary,92,89,6081,18.4,6.29,42,0.69,0.48,1343115,Stable,2026-07-30,Sitelinks,Informational,Organic,-3,36.94,1,1,2,1
471,python pandas free,28,27,191,52.1,7.14,13,6.81,0.3,4090852,Stable,2026-08-14,Reviews,Navigational,Organic,-1,18.37,4,1,2,6
472,tableau jobs,19,20,519,46.6,11.62,60,11.56,0.7,3752372,Rising,2026-03-22,Image Pack,Informational,Image,1,23.2,1,5,1,5
473,reporting best practices,15,3,1650,13.2,2.01,292,17.7,0.34,3990219,Stable,2026-03-14,None,Commercial,Organic,-12,38.74,2,1,2,7
474,seo analytics project,28,18,18758,19.8,4.31,1382,7.37,0.59,4612959,Declining,2026-07-13,Video,Transactional,People Also Ask,-10,65.28,3,3,3,4
475,python pandas salary,65,70,3699,63.4,1.96,53,1.43,0.64,5063997,Stable,2026-07-22,People Also Ask,Commercial,Image,5,19.1,2,5,2,3
476,mysql examples,83,70,597,55.8,9.59,8,1.34,0.17,4562952,Rising,2026-01-28,Image Pack,Commercial,Featured Snippet,-13,15.16,2,2,1,5
477,marketing analytics course,16,22,4129,11.5,9.48,602,14.58,0.88,3664989,Declining,2026-06-14,Video,Commercial,Organic,6,42.52,2,1,3,4
478,data analyst skills,56,46,1433,52.2,4.71,30,2.09,0.56,2425743,Rising,2026-02-15,Featured Snippet,Informational,Organic,-10,18.3,1,1,1,2
479,data visualization tutorial,79,94,1240,67.1,3.72,6,0.48,0.89,2211887,Declining,2026-03-03,Sitelinks,Informational,Featured Snippet,15,12.59,1,2,3,1
480,dashboard training,64,65,4847,19.2,0.92,74,1.53,0.51,3378451,Rising,2026-01-10,People Also Ask,Commercial,Organic,1,34.69,2,1,1,3
481,excel training,98,100,14995,34.4,5,67,0.45,0.24,7749709,Stable,2026-03-28,None,Informational,Image,2,49.73,1,5,2,7
482,customer analytics interview questions,6,1,4118,59.7,7.91,692,16.8,0.92,2331762,Rising,2026-07-14,People Also Ask,Transactional,Organic,-5,29.22,3,1,1,3
483,marketing analytics project,6,1,19329,15.6,1.26,5232,27.07,0.73,7990805,Declining,2026-04-18,Image Pack,Commercial,People Also Ask,-5,78.16,2,3,3,5
484,keyword research examples,97,100,2673,63,4,19,0.71,0.36,7329342,Rising,2026-01-02,Image Pack,Commercial,Video,3,16.79,2,4,1,5
485,data visualization best practices,72,85,21461,71,6.55,390,1.82,0.12,441390,Declining,2026-08-16,Reviews,Informational,Image,13,52.34,1,5,3,6
486,google analytics templates,46,43,643,74.9,11.81,16,2.49,0.23,273033,Stable,2026-05-24,Reviews,Navigational,Organic,-3,10.13,4,1,2,6
487,sql templates,81,75,15386,88.4,11.61,88,0.57,0.71,4927010,Rising,2026-07-22,Sitelinks,Transactional,Organic,-6,34.37,3,1,1,1
488,data science jobs,71,62,14606,63.8,7.32,152,1.04,0.75,1193961,Declining,2026-04-27,Image Pack,Transactional,Organic,-9,40.45,3,1,3,5
489,data analyst for beginners,79,72,13104,46.3,11.27,216,1.65,0.1,7522322,Stable,2026-07-28,People Also Ask,Informational,Organic,-7,43.04,1,1,2,3
490,data science software,67,76,131,28,3.48,1,0.76,0.05,1717943,Rising,2026-01-13,Reviews,Informational,Organic,9,22.26,1,1,1,6
491,sql training,26,16,1376,60.1,1.34,129,9.38,0.61,5085117,Stable,2026-05-09,Featured Snippet,Informational,Organic,-10,19.7,1,1,2,2
492,keyword research tutorial,43,44,1088,72.1,7.51,45,4.14,0.59,867170,Rising,2026-01-18,Video,Informational,People Also Ask,1,12.74,1,3,1,4
493,sql salary,8,22,2215,58.9,5.3,331,14.94,0.1,6829448,Stable,2026-07-30,Featured Snippet,Transactional,Featured Snippet,14,24.68,3,2,2,2
494,reporting course,59,56,3769,80.4,7.51,82,2.18,0.79,3741798,Stable,2026-04-09,Sitelinks,Informational,Organic,-3,14.53,1,1,2,1
495,sql advanced,25,38,6305,50.7,4.39,567,8.99,0.22,1273847,Rising,2026-03-07,People Also Ask,Commercial,Organic,13,32.11,2,1,1,3
496,content marketing project,75,88,6214,21.8,3.84,61,0.98,0.06,4774231,Stable,2026-01-30,Featured Snippet,Commercial,People Also Ask,13,36.34,2,3,2,2
497,power bi best practices,45,36,918,26.1,1.01,26,2.83,0.7,3845738,Stable,2026-06-21,Image Pack,Informational,Organic,-9,25.5,1,1,2,5
498,excel interview questions,6,6,1075,61.1,8.38,204,18.98,0.5,6193117,Declining,2026-07-12,Featured Snippet,Informational,People Also Ask,0,23.91,1,3,3,2
499,data analyst software,2,1,1081,19.2,3.63,313,28.95,0.77,542457,Rising,2026-04-12,People Also Ask,Informational,Video,-1,41.8,1,4,1,3
500,data visualization skills,71,63,418,24.1,3.29,4,0.96,0.18,5307979,Declining,2026-06-23,Featured Snippet,Informational,Organic,-8,24.11,1,1,3,2
501,content marketing jobs,68,78,10537,80.3,0.97,139,1.32,0.8,1695114,Stable,2026-07-11,People Also Ask,Commercial,Image,10,27.56,2,5,2,3
502,machine learning tutorial,98,100,6658,52.8,9.52,35,0.53,0.8,7008241,Declining,2026-09-08,Featured Snippet,Transactional,Featured Snippet,2,27.68,3,2,3,2
503,reporting tools,22,23,2451,61.6,6.21,236,9.63,0.35,3116254,Stable,2026-09-11,Video,Informational,Organic,1,21.52,1,1,2,4
504,dashboard tutorial,27,19,813,28.8,2.78,57,7.01,0.2,6770966,Rising,2026-02-13,Featured Snippet,Transactional,Organic,-8,26.71,3,1,1,2
505,marketing analytics software,30,33,102,59.7,5.23,6,5.88,0.81,2672759,Stable,2026-04-02,Video,Informational,Organic,3,15.42,1,1,2,4
506,content marketing tools,38,49,5294,61.5,9.47,206,3.89,0.12,498594,Rising,2026-04-11,Reviews,Informational,Organic,11,24.15,1,1,1,6
507,digital marketing dashboard,91,95,699,70.2,8.93,7,1,0.33,6614009,Stable,2026-07-26,Video,Transactional,Featured Snippet,4,10.86,3,2,2,4
508,data analyst free,84,85,652,28.2,8.74,4,0.61,0.6,4510398,Stable,2026-08-25,People Also Ask,Transactional,Organic,1,23.16,3,1,2,3
509,business intelligence best practices,99,100,17862,45.1,10.26,49,0.27,0.87,2583461,Stable,2026-09-13,None,Commercial,Organic,1,52.13,2,1,2,7
510,machine learning best practices,55,61,2467,65.2,3.74,60,2.43,0.08,1285250,Declining,2026-06-19,Image Pack,Commercial,Organic,6,16.64,2,1,3,5
511,reporting advanced,51,48,1091,15.1,4.76,25,2.29,0.95,5184225,Rising,2026-03-29,Sitelinks,Commercial,Organic,-3,28.86,2,1,1,1
512,reporting free,4,1,598,87,3.55,161,26.92,0.12,648134,Stable,2026-03-29,People Also Ask,Transactional,Organic,-3,19.42,3,1,2,3
513,data visualization certification,17,19,2069,15.5,11.47,215,10.39,0.24,3571165,Stable,2026-09-01,Featured Snippet,Commercial,Video,2,34.99,2,4,2,2
514,dashboard dashboard,65,72,12255,26.1,11.89,224,1.83,0.62,2125352,Stable,2026-09-09,Video,Commercial,Organic,7,47.51,2,1,2,4
515,sql project,83,96,2828,77.4,9.55,31,1.1,0.85,3437411,Rising,2026-08-10,Video,Informational,Organic,13,12.99,1,1,1,4
516,dashboard certification,51,58,86,79.6,3.43,2,2.33,0.91,5644743,Stable,2026-04-22,Video,Informational,Featured Snippet,7,7.53,1,2,2,4
517,excel software,10,19,210,72.4,5.04,31,14.76,0.09,408399,Stable,2026-08-25,Video,Informational,Organic,9,16.55,1,1,2,4
518,business intelligence guide,5,1,780,83.4,4.06,186,23.85,0.11,4477742,Rising,2026-08-13,Featured Snippet,Commercial,Organic,-4,19.22,2,1,1,2
519,data visualization jobs,3,7,164,19.9,8.95,47,28.66,0.06,2331367,Stable,2026-04-02,Featured Snippet,Transactional,Video,4,39.61,3,4,2,2
520,customer analytics dashboard,57,64,128,74.9,7.76,3,2.34,0.42,2604929,Rising,2026-01-03,Sitelinks,Transactional,Featured Snippet,7,9.03,3,2,1,1
521,machine learning software,31,22,142,12.2,0.37,10,7.04,0.11,7678212,Rising,2026-03-27,Reviews,Informational,Organic,-9,30.37,1,1,1,6
522,excel skills,42,44,9992,26.6,6.59,339,3.39,0.25,2981295,Rising,2026-07-25,Reviews,Informational,Organic,2,43.69,1,1,1,6
523,mysql training,9,15,1154,39.5,0.99,194,16.81,0.61,7868199,Rising,2026-03-29,People Also Ask,Navigational,Organic,6,29.39,4,1,1,3
524,google analytics salary,43,33,14798,65,11.74,429,2.9,0.07,7314405,Stable,2026-09-19,Reviews,Transactional,Organic,-10,41.46,3,1,2,6
525,data analyst training,3,7,183,69,9.14,36,19.67,0.4,2513594,Rising,2026-04-15,Reviews,Informational,Video,4,20.13,1,4,1,6
526,reporting interview questions,95,100,1190,35.4,9.49,5,0.42,0.44,6539142,Stable,2026-04-28,None,Transactional,Organic,5,21.97,3,1,2,7
527,business intelligence for beginners,7,21,16702,74.1,8.42,4262,25.52,0.54,1631654,Stable,2026-02-03,None,Commercial,Image,14,54.56,2,5,2,7
528,power bi salary,27,16,164,53.9,9.58,12,7.32,0.45,3843179,Rising,2026-04-12,Featured Snippet,Commercial,Organic,-11,18.05,2,1,1,2
529,seo analytics project,74,73,10091,79,5.88,168,1.66,0.41,3871565,Stable,2026-08-10,None,Informational,Image,-1,27.25,1,5,2,7
530,data science course,98,95,2595,70.7,11.07,21,0.81,0.73,2206875,Stable,2026-08-21,People Also Ask,Informational,Organic,-3,14.38,1,1,2,3
531,sql skills,18,25,2511,83.3,0.25,353,14.06,0.4,3355531,Stable,2026-07-22,Reviews,Informational,Organic,7,17.48,1,1,2,6
532,dashboard tools,53,66,139,20,11.2,3,2.16,0.95,6215908,Stable,2026-06-28,Image Pack,Transactional,Organic,13,25.43,3,1,2,5
533,content marketing tutorial,84,81,2429,29.4,0.61,37,1.52,0.69,5640277,Stable,2026-05-14,Image Pack,Commercial,Organic,-3,26.82,2,1,2,5
534,digital marketing training,78,81,15468,11,9.3,257,1.66,0.42,4772051,Declining,2026-09-23,Featured Snippet,Transactional,Organic,3,58.34,3,1,3,2
535,tableau examples,89,83,6886,62.7,4.72,50,0.73,0.87,5875686,Rising,2026-06-26,None,Informational,Featured Snippet,-6,25.27,1,2,1,7
536,google analytics project,1,1,2103,15.6,8.42,675,32.1,0.74,1530947,Stable,2026-03-10,Featured Snippet,Commercial,Organic,0,46.58,2,1,2,2
537,excel interview questions,73,84,663,14.7,2.36,9,1.36,0.9,3388580,Stable,2026-02-25,None,Commercial,Organic,11,27.63,2,1,2,7
538,sql guide,16,9,187,56.9,5.84,19,10.16,0.11,6064029,Rising,2026-01-22,Sitelinks,Informational,Featured Snippet,-7,18.71,1,2,1,1
539,google analytics templates,67,82,1352,47.9,4.18,18,1.33,0.89,7995672,Declining,2026-07-04,Reviews,Informational,Organic,15,19.03,1,1,3,6
540,content marketing skills,13,1,3928,42.1,10.06,467,11.89,0.17,4338908,Declining,2026-05-08,People Also Ask,Commercial,Organic,-12,31.51,2,1,3,3
541,data science online,53,59,561,61,11.31,13,2.32,0.87,7762861,Stable,2026-08-16,Featured Snippet,Commercial,Organic,6,14.05,2,1,2,2
542,reporting tools,45,43,4172,78.6,10.88,132,3.16,0.23,1316659,Stable,2026-09-16,Sitelinks,Informational,Featured Snippet,-2,16.4,1,2,2,1
543,seo analytics for beginners,60,50,4105,48.6,6.58,53,1.29,0.94,5659290,Rising,2026-01-15,Featured Snippet,Navigational,Organic,-10,24.27,4,1,1,2
544,google analytics examples,29,37,1166,86.1,8.11,102,8.75,0.65,4037278,Stable,2026-06-20,None,Informational,Organic,8,11.14,1,1,2,7
545,reporting tools,83,78,2674,69.4,8.76,39,1.46,0.96,3608305,Rising,2026-05-13,Sitelinks,Informational,Organic,-5,15.27,1,1,1,1
546,keyword research advanced,25,33,220,20.2,3.9,20,9.09,0.34,4802466,Rising,2026-07-18,Video,Informational,Organic,8,29.22,1,1,1,4
547,python pandas online,85,89,6843,41.6,6.55,55,0.8,0.94,6730289,Stable,2026-08-22,Featured Snippet,Commercial,Organic,4,31.55,2,1,2,2
548,power bi templates,41,35,6966,19.9,11.96,288,4.13,0.83,4061199,Stable,2026-07-12,Sitelinks,Navigational,Organic,-6,40.08,4,1,2,1
549,business intelligence training,90,98,134,72.1,10.31,1,0.75,0.82,7316535,Rising,2026-01-12,Image Pack,Informational,Organic,8,9.04,1,1,1,5
550,data science software,97,94,1500,68.1,3.53,23,1.53,0.57,959092,Stable,2026-01-28,None,Navigational,Organic,-3,13.37,4,1,2,7
551,data visualization advanced,18,17,18678,81.8,2.68,1928,10.32,0.66,3025361,Declining,2026-02-22,Reviews,Transactional,People Also Ask,-1,48.09,3,3,3,6
552,google analytics best practices,87,98,674,17.7,11.7,3,0.45,0.97,5270762,Stable,2026-03-18,Reviews,Transactional,Organic,11,26.27,3,1,2,6
553,excel training,51,51,1181,86.4,7.9,32,2.71,0.8,5336447,Stable,2026-07-15,People Also Ask,Commercial,Organic,0,7.87,2,1,2,3
554,data analyst certification,15,2,208,63.5,6.22,29,13.94,0.59,2335053,Stable,2026-04-03,Video,Commercial,Organic,-13,18.78,2,1,2,4
555,tableau project,74,63,185,67.1,10.37,2,1.08,0.71,3271613,Declining,2026-09-29,Video,Informational,People Also Ask,-11,10.81,1,3,3,4
556,customer analytics certification,97,100,1100,81.8,2.33,9,0.82,0.57,6444001,Rising,2026-03-07,Image Pack,Informational,Organic,3,8.08,1,1,1,5
557,customer analytics examples,97,83,277,50.5,4.49,2,0.72,0.94,200667,Rising,2026-09-23,None,Informational,Organic,-14,15.78,1,1,1,7
558,python pandas advanced,63,70,1598,88.9,4.35,23,1.44,0.14,6594153,Rising,2026-04-07,Featured Snippet,Informational,People Also Ask,7,7.27,1,3,1,2
559,python pandas templates,71,62,7610,20.3,7.54,57,0.75,0.41,7248547,Stable,2026-02-12,People Also Ask,Commercial,Video,-9,39.44,2,4,2,3
560,python pandas for beginners,27,14,14554,89.6,8.42,986,6.77,0.67,6599964,Stable,2026-08-03,None,Informational,Image,-13,35.66,1,5,2,7
561,tableau guide,4,19,6985,31.6,6.47,1682,24.08,0.36,893998,Declining,2026-05-20,Featured Snippet,Transactional,Organic,15,47.22,3,1,3,2
562,data analyst certification,49,41,2732,72.6,1.66,94,3.44,0.6,6493025,Rising,2026-06-28,Reviews,Commercial,Organic,-8,15.48,2,1,1,6
563,digital marketing templates,13,26,81,85.7,4.8,14,17.28,0.96,4347120,Stable,2026-07-26,Video,Commercial,Organic,13,13.65,2,1,2,4
564,marketing analytics salary,85,74,482,68.8,0.82,7,1.45,0.72,2143070,Stable,2026-08-23,Featured Snippet,Commercial,Organic,-11,11.09,2,1,2,2
565,mysql online,37,30,2128,67.5,11.1,101,4.75,0.13,2584159,Stable,2026-02-16,Reviews,Informational,Featured Snippet,-7,16.51,1,2,2,6
566,sql jobs,74,60,244,54.3,6.02,5,2.05,0.45,4167722,Stable,2026-09-03,Video,Commercial,Image,-14,15.29,2,5,2,4
567,customer analytics certification,52,37,6665,76.5,0.29,164,2.46,0.37,7954931,Stable,2026-09-28,Reviews,Commercial,Organic,-15,21.61,2,1,2,6
568,data visualization online,29,19,191,20.7,4.37,12,6.28,0.21,7763881,Stable,2026-05-08,None,Commercial,Featured Snippet,-10,27.51,2,2,2,7
569,excel project,39,39,885,10.2,7.65,45,5.08,0.92,7681252,Stable,2026-01-19,Video,Transactional,People Also Ask,0,31.4,3,3,2,4
570,power bi software,1,5,2789,38.3,0.26,691,24.78,0.38,990434,Stable,2026-02-13,Image Pack,Commercial,Organic,4,37.24,2,1,2,5
571,excel free,1,1,10501,47.7,4.62,3760,35.81,0.55,2301957,Declining,2026-08-13,Featured Snippet,Informational,Featured Snippet,0,55.63,1,2,3,2
572,data analyst software,91,82,166,13.2,4.86,2,1.2,0.2,1752137,Stable,2026-05-17,Sitelinks,Commercial,Organic,-9,27.01,2,1,2,1
573,python pandas skills,97,100,2102,83.9,10.15,12,0.57,0.15,364987,Rising,2026-09-14,Sitelinks,Transactional,Organic,3,9.31,3,1,1,1
574,keyword research best practices,77,85,100,33.2,5.93,1,1,0.19,4187670,Rising,2026-02-28,None,Informational,Organic,8,20.77,1,1,1,7
575,tableau dashboard,61,68,238,50.2,2.34,6,2.52,0.65,1989196,Rising,2026-01-20,People Also Ask,Navigational,Video,7,16.75,4,4,1,3
576,tableau course,79,70,261,40.4,6.39,4,1.53,0.26,3523391,Rising,2026-08-07,Reviews,Informational,Organic,-9,19.21,1,1,1,6
577,content marketing examples,45,52,1745,81.6,2.34,52,2.98,0.35,2425472,Rising,2026-02-21,Video,Informational,Video,7,10.58,1,4,1,4
578,content marketing skills,39,27,233,64.6,9.29,8,3.43,0.81,5994869,Stable,2026-07-10,Featured Snippet,Commercial,Organic,-12,12.91,2,1,2,2
579,google analytics tools,14,3,14637,19.6,7.12,2437,16.65,0.23,5696348,Declining,2026-02-08,Image Pack,Commercial,Organic,-11,62.08,2,1,3,5
580,data science dashboard,69,77,365,25.3,6.7,5,1.37,0.85,7273155,Declining,2026-07-07,Video,Commercial,Organic,8,23.86,2,1,3,4
581,tableau tools,62,60,6759,50.3,0.46,141,2.09,0.17,554472,Stable,2026-04-08,Reviews,Transactional,Organic,-2,29.46,3,1,2,6
582,customer analytics online,10,1,3676,40.7,9.4,584,15.89,0.22,1448023,Rising,2026-01-05,None,Commercial,Organic,-9,33.56,2,1,1,7
583,marketing analytics examples,39,51,725,31.5,1.61,29,4,0.32,5188999,Declining,2026-05-23,Featured Snippet,Informational,Featured Snippet,12,24.12,1,2,3,2
584,machine learning dashboard,69,57,115,60.6,11.67,1,0.87,0.88,2259497,Rising,2026-05-31,People Also Ask,Navigational,Organic,-12,12.51,4,1,1,3
585,data analyst software,29,37,823,87.7,6.54,71,8.63,0.78,1030253,Stable,2026-07-15,Reviews,Informational,Organic,8,9.92,1,1,2,6
586,reporting for beginners,27,38,2563,31.5,7.06,234,9.13,0.2,2007440,Stable,2026-07-08,Featured Snippet,Navigational,Organic,11,30.5,4,1,2,2
587,data visualization interview questions,24,35,416,49.2,8.81,27,6.49,0.2,1586327,Stable,2026-04-07,Sitelinks,Informational,Organic,11,19.52,1,1,2,1
588,mysql guide,13,21,3980,70,0.34,565,14.2,0.15,305706,Declining,2026-01-23,Featured Snippet,Informational,Organic,8,24.47,1,1,3,2
589,python pandas templates,2,12,137,18.5,8.89,42,30.66,0.24,3947318,Stable,2026-08-16,None,Informational,Organic,10,41.04,1,1,2,7
590,python pandas training,8,10,15969,53.5,0.45,3245,20.32,0.15,7114363,Stable,2026-01-01,Featured Snippet,Informational,Organic,2,56.51,1,1,2,2
591,python pandas software,84,78,1076,64.8,8.3,17,1.58,0.51,7927990,Rising,2026-05-25,People Also Ask,Informational,Organic,-6,13.54,1,1,1,3
592,content marketing tools,6,10,412,52.4,7.28,75,18.2,0.68,2552197,Declining,2026-06-28,Sitelinks,Informational,Organic,4,24.79,1,1,3,1
593,content marketing examples,92,100,250,78.9,11.74,2,0.8,0.19,3684224,Stable,2026-09-02,None,Informational,Organic,8,7.25,1,1,2,7
594,digital marketing salary,12,7,413,40.8,3.97,75,18.16,0.44,6389312,Stable,2026-05-06,Video,Informational,Organic,-5,28.25,1,1,2,4
595,customer analytics free,69,71,775,56.5,5.18,13,1.68,0.75,5684127,Rising,2026-01-02,Featured Snippet,Navigational,Organic,2,15.48,4,1,1,2
596,customer analytics free,18,32,148,37.9,10.22,21,14.19,0.33,1324293,Declining,2026-08-04,Featured Snippet,Informational,Organic,14,26.48,1,1,3,2
597,python pandas certification,90,97,482,12.1,11.59,4,0.83,0.67,775408,Declining,2026-03-22,Sitelinks,Informational,Organic,7,27.77,1,1,3,1
598,machine learning tools,2,5,1609,24.6,8.97,505,31.39,0.33,3409875,Stable,2026-01-07,People Also Ask,Informational,Organic,3,42.52,1,1,2,3
599,power bi templates,97,87,4061,41.7,5.2,56,1.38,0.72,2212824,Stable,2026-06-06,Reviews,Informational,Video,-10,26.3,1,4,2,6
600,digital marketing tools,67,64,610,42,0.86,10,1.64,0.97,4919650,Rising,2026-08-28,Video,Informational,Organic,-3,19.49,1,1,1,4
601,google analytics jobs,7,17,1728,25.6,1.48,383,22.16,0.85,418781,Rising,2026-02-24,Sitelinks,Informational,Organic,10,37.55,1,1,1,1
602,seo analytics dashboard,71,62,16205,29.2,1.2,176,1.09,0.98,3973694,Rising,2026-02-17,People Also Ask,Informational,Organic,-9,54.04,1,1,1,3
603,seo analytics guide,65,56,1839,68.1,11.69,26,1.41,0.43,5983320,Rising,2026-03-18,Sitelinks,Commercial,Organic,-9,13.98,2,1,1,1
604,dashboard tutorial,38,28,588,16.3,7.59,25,4.25,0.25,5515385,Rising,2026-03-24,Image Pack,Commercial,Featured Snippet,-10,28.54,2,2,1,5
605,marketing analytics skills,58,68,468,38.8,10.3,11,2.35,0.78,3223547,Rising,2026-02-08,Featured Snippet,Commercial,Image,10,20.54,2,5,1,2
606,excel course,19,28,1082,87.5,9.42,92,8.5,0.34,7485636,Rising,2026-05-24,Image Pack,Informational,Organic,9,10.42,1,1,1,5
607,data visualization interview questions,34,34,1234,45.4,11.11,92,7.46,0.51,3035082,Rising,2026-07-29,None,Commercial,Organic,0,22.8,2,1,1,7
608,mysql software,66,78,10931,39.9,8.25,149,1.36,0.87,5523933,Stable,2026-01-30,Reviews,Transactional,Organic,12,40.49,3,1,2,6
609,customer analytics course,20,32,180,22.7,4.91,17,9.44,0.48,929324,Stable,2026-08-27,Sitelinks,Informational,Featured Snippet,12,28.57,1,2,2,1
610,google analytics best practices,26,23,1117,37.4,7.33,97,8.68,0.16,3745713,Stable,2026-08-29,Featured Snippet,Commercial,Organic,-3,25.62,2,1,2,2
611,power bi templates,100,97,135,38.9,5.28,0,0,0.87,7630631,Stable,2026-05-19,People Also Ask,Commercial,Organic,-3,18.6,2,1,2,3
612,sql examples,52,39,1311,46.1,5.15,34,2.59,0.22,619189,Declining,2026-08-08,People Also Ask,Navigational,Organic,-13,20.15,4,1,3,3
613,business intelligence software,54,54,3224,72.7,11.59,89,2.76,0.59,6619522,Stable,2026-04-12,Sitelinks,Transactional,Organic,0,16.07,3,1,2,1
614,python pandas skills,86,97,21959,68.9,3.93,134,0.61,0.19,6941550,Rising,2026-07-28,People Also Ask,Commercial,Organic,11,53.31,2,1,1,3
615,mysql salary,82,81,16543,17.8,2.78,262,1.58,0.56,1495588,Stable,2026-06-28,Featured Snippet,Navigational,Image,-1,58.39,4,5,2,2
616,dashboard course,48,59,1067,81.7,6.12,39,3.66,0.66,3756780,Stable,2026-06-30,None,Commercial,Organic,11,9.56,2,1,2,7
617,keyword research certification,23,22,1922,54.2,2.12,157,8.17,0.67,5506198,Stable,2026-02-20,Sitelinks,Transactional,Organic,-1,21.91,3,1,2,1
618,data analyst templates,53,41,3674,59.9,6.63,94,2.56,0.81,5408139,Declining,2026-04-19,Featured Snippet,Transactional,Organic,-12,20.7,3,1,3,2
619,excel dashboard,61,76,189,73.5,5.67,4,2.12,0.79,3287306,Declining,2026-04-25,Image Pack,Informational,People Also Ask,15,9.45,1,3,3,5
620,digital marketing project,54,60,562,82.7,0.59,11,1.96,0.84,4247913,Stable,2026-06-12,People Also Ask,Informational,Organic,6,7.35,1,1,2,3
621,tableau training,72,69,905,41.5,0.81,16,1.77,0.93,3245211,Stable,2026-07-26,People Also Ask,Commercial,Organic,-3,20.29,2,1,2,3
622,excel salary,65,53,13246,41.4,9.19,331,2.5,0.2,2714756,Rising,2026-01-14,Video,Informational,Featured Snippet,-12,45.25,1,2,1,4
623,python pandas course,80,87,6722,16.3,4.71,75,1.12,0.48,5125713,Stable,2026-05-03,Reviews,Transactional,Organic,7,39.07,3,1,2,6
624,customer analytics training,93,100,2478,62.7,3.44,38,1.53,0.65,4718965,Rising,2026-08-24,Image Pack,Informational,Organic,7,16.93,1,1,1,5
625,digital marketing jobs,12,1,3873,83,2.65,722,18.64,0.44,3994834,Stable,2026-04-18,Reviews,Informational,Video,-11,22.72,1,4,2,6
626,mysql jobs,24,18,133,62.8,7.65,9,6.77,0.37,2904913,Declining,2026-01-03,Featured Snippet,Commercial,Organic,-6,15.03,2,1,3,2
627,excel dashboard,78,63,3580,50.9,2,45,1.26,0.25,2754809,Rising,2026-03-06,People Also Ask,Informational,Organic,-15,22.52,1,1,1,3
628,sql software,91,93,10872,69.6,6.05,101,0.93,0.23,1549084,Stable,2026-05-24,Video,Informational,Featured Snippet,2,31.23,1,2,2,4
629,dashboard project,22,32,1094,49,10.62,121,11.06,0.82,5058705,Stable,2026-08-08,Featured Snippet,Commercial,Organic,10,23.36,2,1,2,2
630,sql interview questions,22,35,137,30.2,5.04,16,11.68,0.94,4337885,Stable,2026-02-28,Featured Snippet,Transactional,Organic,13,27.43,3,1,2,2
631,data visualization software,32,19,927,39.8,9.4,46,4.96,0.06,2765181,Stable,2026-06-14,Featured Snippet,Commercial,Organic,-13,22.54,2,1,2,2
632,reporting dashboard,68,59,218,67.3,11.37,4,1.83,0.59,5240906,Stable,2026-08-11,People Also Ask,Transactional,Organic,-9,11.22,3,1,2,3
633,power bi free,64,50,994,19.9,2.22,13,1.31,0.59,2423287,Stable,2026-01-03,Video,Informational,People Also Ask,-14,26.7,1,3,2,4
634,google analytics tutorial,69,83,3636,61.6,1.02,41,1.13,0.73,2342453,Stable,2026-07-24,Sitelinks,Commercial,Organic,14,19.35,2,1,2,1
635,reporting tutorial,51,45,24997,49.5,7.76,918,3.67,0.93,1001400,Rising,2026-01-06,Featured Snippet,Informational,Organic,-6,66.8,1,1,1,2
636,tableau training,22,9,965,75,9.83,69,7.15,0.7,609429,Declining,2026-01-23,Sitelinks,Informational,Organic,-13,13.22,1,1,3,1
637,digital marketing skills,89,93,1777,23.6,1.83,13,0.73,0.86,6073671,Declining,2026-07-31,Reviews,Commercial,Organic,4,26.84,2,1,3,6
638,marketing analytics training,74,74,12516,32.4,9.32,122,0.97,0.77,5748774,Stable,2026-05-05,Reviews,Commercial,People Also Ask,0,45.68,2,3,2,6
639,sql tools,64,50,567,27.3,9.86,5,0.88,0.25,4806080,Stable,2026-06-10,None,Navigational,Organic,-14,23.41,4,1,2,7
640,python pandas online,14,28,426,39.1,11.71,65,15.26,0.78,1666037,Rising,2026-03-26,Reviews,Informational,People Also Ask,14,27.24,1,3,1,6
641,excel salary,60,73,244,29.2,10.75,2,0.82,0.67,3730599,Rising,2026-02-13,People Also Ask,Commercial,Organic,13,22.16,2,1,1,3
642,marketing analytics best practices,66,61,100,39.6,0.78,1,1,0.23,1677707,Rising,2026-05-22,Image Pack,Commercial,Organic,-5,18.85,2,1,1,5
643,excel tutorial,83,75,170,14.3,0.62,1,0.59,0.14,1966427,Stable,2026-07-27,Video,Informational,Organic,-8,26.36,1,1,2,4
644,digital marketing free,27,17,754,33,7.24,46,6.1,0.52,5663675,Stable,2026-06-06,None,Navigational,Organic,-10,24.85,4,1,2,7
645,keyword research tools,22,12,1994,21.3,0.35,177,8.88,0.22,2257891,Rising,2026-01-05,Image Pack,Informational,Organic,-10,32.3,1,1,1,5
646,data analyst free,32,32,146,11.4,8.22,7,4.79,0.52,6088941,Stable,2026-02-21,People Also Ask,Transactional,Organic,0,29.42,3,1,2,3
647,data science software,70,63,12486,39.1,0.36,172,1.38,0.89,6241305,Declining,2026-09-05,Sitelinks,Informational,Organic,-7,43.83,1,1,3,1
648,data analyst salary,53,65,929,21.3,6.07,22,2.37,0.96,3003475,Stable,2026-04-10,Video,Commercial,Image,12,26.72,2,5,2,4
649,customer analytics interview questions,68,58,1337,37.9,4.11,26,1.94,0.31,1686466,Stable,2026-06-25,None,Commercial,Organic,-10,22.32,2,1,2,7
650,mysql advanced,45,39,275,49.9,8.29,7,2.55,0.96,5065602,Stable,2026-06-05,Video,Informational,Featured Snippet,-6,16.93,1,2,2,4
651,data analyst interview questions,6,1,1277,19.9,5.96,258,20.2,0.83,589235,Rising,2026-05-26,None,Transactional,Organic,-5,37.32,3,1,1,7
652,customer analytics salary,12,19,799,68.6,5.3,119,14.89,0.08,7476891,Rising,2026-07-17,Video,Informational,Video,7,18.93,1,4,1,4
653,digital marketing project,77,71,547,64.3,4.01,7,1.28,0.24,1258387,Stable,2026-06-04,People Also Ask,Informational,Organic,-6,12.48,1,1,2,3
654,mysql for beginners,24,21,1534,52.1,8.39,150,9.78,0.39,2962712,Stable,2026-07-30,Video,Informational,Organic,-3,22.62,1,1,2,4
655,tableau tools,97,86,10678,72.9,7.05,86,0.81,0.9,7046880,Rising,2026-07-21,Featured Snippet,Informational,Organic,-11,29.79,1,1,1,2
656,marketing analytics interview questions,7,1,88,88.9,1.46,22,25,0.58,5586624,Declining,2026-03-04,Reviews,Commercial,Organic,-6,16.81,2,1,3,6
657,power bi dashboard,67,56,6091,49.6,2.84,126,2.07,0.33,2624948,Declining,2026-01-04,None,Commercial,Organic,-11,28.33,2,1,3,7
658,excel tools,1,1,10527,51.6,3.12,2254,21.41,0.53,3247568,Declining,2026-06-03,Video,Commercial,Organic,0,46.84,2,1,3,4
659,machine learning for beginners,34,45,9415,78.7,7.48,544,5.78,0.22,6584690,Stable,2026-03-29,Image Pack,Transactional,Organic,11,28.18,3,1,2,5
660,data science free,38,32,9240,57.1,4.53,369,3.99,0.8,3818916,Declining,2026-03-17,Sitelinks,Informational,Organic,-6,33.36,1,1,3,1
661,google analytics course,75,69,115,81.5,7.51,1,0.87,0.96,3849675,Stable,2026-05-22,Sitelinks,Navigational,Organic,-6,6.24,4,1,2,1
662,marketing analytics dashboard,45,58,19215,51,2.26,609,3.17,0.58,3783957,Declining,2026-03-13,People Also Ask,Transactional,Organic,13,54.59,3,1,3,3
663,google analytics tools,83,83,2747,58.5,2.33,36,1.31,0.67,2221962,Stable,2026-06-28,Image Pack,Commercial,Organic,0,18.61,2,1,2,5
664,power bi course,94,84,614,18.5,11.22,6,0.98,0.97,6506732,Stable,2026-05-02,Sitelinks,Transactional,Organic,-10,26.19,3,1,2,1
665,google analytics best practices,9,1,7002,13,9.05,1253,17.89,0.64,429783,Rising,2026-02-25,Reviews,Commercial,Organic,-8,49.54,2,1,1,6
666,dashboard for beginners,26,17,1043,64.3,2.86,83,7.96,0.55,6362032,Rising,2026-01-13,Reviews,Navigational,Organic,-9,17.02,4,1,1,6
667,power bi salary,1,1,2195,79.2,4.22,819,37.31,0.73,4319605,Rising,2026-04-17,Image Pack,Transactional,Organic,0,30.46,3,1,1,5
668,content marketing templates,72,84,630,45.1,7.58,11,1.75,0.17,4234525,Rising,2026-09-13,Featured Snippet,Informational,Organic,12,18.65,1,1,1,2
669,data analyst training,38,52,973,38.6,10.49,35,3.6,0.55,2082907,Stable,2026-09-14,People Also Ask,Informational,Organic,14,22.27,1,1,2,3
670,excel advanced,61,75,1157,12.6,5.17,20,1.73,0.11,1793019,Declining,2026-06-18,None,Commercial,People Also Ask,14,29.44,2,3,3,7
671,machine learning free,10,20,10664,66.2,9.23,2402,22.52,0.94,4865551,Stable,2026-02-11,Image Pack,Commercial,Organic,10,43.33,2,1,2,5
672,power bi certification,5,5,4288,38,5.84,1255,29.27,0.26,7463722,Rising,2026-04-11,Image Pack,Commercial,Organic,0,42.7,2,1,1,5
673,data analyst for beginners,62,48,2471,65.6,5.27,33,1.34,0.46,7197744,Declining,2026-07-08,People Also Ask,Informational,Organic,-14,15.95,1,1,3,3
674,power bi training,30,17,5656,43,9.08,402,7.11,0.09,6453783,Declining,2026-05-08,None,Informational,Organic,-13,32.13,1,1,3,7
675,mysql jobs,37,23,1417,62.4,3.08,67,4.73,0.5,1154535,Rising,2026-05-09,Image Pack,Informational,Organic,-14,16.61,1,1,1,5
676,content marketing training,57,64,1358,72.4,3.65,31,2.28,0.3,5642619,Stable,2026-01-28,People Also Ask,Navigational,Organic,7,12.19,4,1,2,3
677,reporting free,36,23,1070,77.3,6.35,52,4.86,0.17,5854303,Stable,2026-01-19,Featured Snippet,Commercial,Organic,-13,11.52,2,1,2,2
678,mysql certification,3,3,88,57.1,3.74,18,20.45,0.85,3194702,Rising,2026-07-15,Video,Commercial,Organic,0,23.93,2,1,1,4
679,google analytics jobs,85,83,3682,34.4,6.59,23,0.62,0.62,7166721,Declining,2026-05-15,None,Transactional,Organic,-2,27.33,3,1,3,7
680,data analyst skills,93,100,8030,44.2,8.8,74,0.92,0.15,3227262,Stable,2026-05-28,None,Navigational,Organic,7,33.19,4,1,2,7
681,tableau advanced,93,96,4410,86.8,5.71,57,1.29,0.9,2389461,Stable,2026-05-21,Sitelinks,Navigational,Featured Snippet,3,13.41,4,2,2,1
682,seo analytics skills,74,71,113,38.9,7.98,2,1.77,0.62,1169590,Stable,2026-06-14,None,Informational,Organic,-3,19.5,1,1,2,7
683,mysql course,57,42,2177,38.7,7.73,44,2.02,0.59,820465,Declining,2026-06-10,Sitelinks,Commercial,Organic,-15,23.79,2,1,3,1
684,digital marketing examples,64,53,912,21.8,7.49,8,0.88,0.09,5538642,Declining,2026-06-12,Sitelinks,Commercial,Organic,-11,25.74,2,1,3,1
685,digital marketing examples,3,9,1617,13.6,2.97,423,26.16,0.16,804111,Rising,2026-07-10,None,Transactional,Organic,6,43.06,3,1,1,7
686,tableau project,19,4,1687,38.8,11.71,187,11.08,0.94,2493691,Rising,2026-07-08,Sitelinks,Informational,Organic,-15,27.61,1,1,1,1
687,dashboard course,14,18,1012,50.9,9.41,157,15.51,0.37,1875976,Declining,2026-01-17,Reviews,Transactional,Organic,4,25,3,1,3,6
688,sql tools,29,32,6992,60.4,8.86,385,5.51,0.88,6426003,Stable,2026-09-26,Image Pack,Commercial,Organic,3,28.71,2,1,2,5
689,dashboard project,32,27,1007,88.2,2.92,73,7.25,0.7,3671058,Declining,2026-07-29,People Also Ask,Informational,Organic,-5,9.4,1,1,3,3
690,sql software,84,84,6889,72.9,2.91,126,1.83,0.92,2110562,Declining,2026-03-12,Image Pack,Informational,Organic,0,22.8,1,1,3,5
691,keyword research certification,11,9,2107,21.9,6.03,312,14.81,0.22,3741739,Rising,2026-08-03,People Also Ask,Transactional,Organic,-2,35.5,3,1,1,3
692,data science certification,17,29,128,11.9,2.17,15,11.72,0.55,3227290,Stable,2026-03-07,Video,Commercial,Organic,12,32.92,2,1,2,4
693,seo analytics certification,44,57,1671,59.3,11.93,55,3.29,0.38,3701383,Stable,2026-08-19,Reviews,Transactional,Organic,13,17.28,3,1,2,6
694,data science salary,94,84,22251,83.3,11.25,122,0.55,0.61,3085016,Stable,2026-07-14,People Also Ask,Commercial,Organic,-10,49.54,2,1,2,3
695,dashboard examples,99,87,726,37.3,6.86,10,1.38,0.84,3528178,Stable,2026-06-13,None,Informational,Organic,-12,20.99,1,1,2,7
696,business intelligence best practices,67,60,10525,35.1,4.3,105,1,0.51,1944340,Rising,2026-05-13,Image Pack,Transactional,Video,-7,40.93,3,4,1,5
697,digital marketing salary,13,4,6435,70.4,0.52,1302,20.23,0.56,6432137,Rising,2026-01-14,People Also Ask,Informational,Video,-9,32.44,1,4,1,3
698,dashboard best practices,94,93,3941,46.3,11.03,57,1.45,0.16,7133262,Stable,2026-02-14,None,Informational,Organic,-1,24.72,1,1,2,7
699,excel software,11,19,967,36.2,6.18,177,18.3,0.53,6260955,Stable,2026-06-11,Sitelinks,Commercial,Video,8,30.8,2,4,2,1
700,marketing analytics skills,25,36,5813,80.2,0.62,363,6.24,0.18,3134430,Declining,2026-04-11,People Also Ask,Commercial,Organic,11,20.82,2,1,3,3
701,data visualization free,37,26,915,17.1,6.29,38,4.15,0.46,4027390,Stable,2026-04-02,Sitelinks,Informational,Organic,-11,28.9,1,1,2,1
702,google analytics advanced,31,36,1558,62.6,2.32,80,5.13,0.32,3983467,Stable,2026-07-20,Image Pack,Informational,Organic,5,17.05,1,1,2,5
703,excel training,15,30,993,45.8,3.12,114,11.48,0.95,5352780,Stable,2026-07-23,Reviews,Informational,Video,15,24.34,1,4,2,6
704,data science templates,53,59,576,31.4,2.74,15,2.6,0.58,2720897,Stable,2026-07-30,Video,Transactional,Organic,6,23.11,3,1,2,4
705,digital marketing tutorial,35,35,15358,60.9,0.74,667,4.34,0.87,4380902,Stable,2026-02-26,Image Pack,Commercial,Organic,0,44.57,2,1,2,5
706,customer analytics course,93,78,1526,66.4,10.96,19,1.25,0.67,4245462,Stable,2026-04-12,Featured Snippet,Transactional,Organic,-15,13.78,3,1,2,2
707,machine learning project,21,35,1398,27.2,8.85,112,8.01,0.07,7534770,Rising,2026-07-23,None,Commercial,Organic,14,28.88,2,1,1,7
708,seo analytics course,30,35,15716,31.8,1.66,1184,7.53,0.17,5976100,Rising,2026-02-13,Sitelinks,Informational,Featured Snippet,5,55.71,1,2,1,1
709,tableau course,2,10,5617,22.1,8.88,1322,23.54,0.62,2635079,Stable,2026-09-20,Reviews,Informational,Organic,8,47.07,1,1,2,6
710,business intelligence certification,34,39,8239,33.3,1.3,511,6.2,0.5,7279792,Stable,2026-05-06,Video,Informational,Organic,5,39.69,1,1,2,4
711,google analytics software,98,100,13964,27.9,11.71,93,0.67,0.4,4592595,Stable,2026-06-20,Featured Snippet,Transactional,Image,2,49.75,3,5,2,2
712,excel for beginners,22,13,3346,16.7,4.96,346,10.34,0.84,6132536,Rising,2026-09-10,People Also Ask,Informational,Featured Snippet,-9,37.15,1,2,1,3
713,python pandas tutorial,42,49,8952,79.7,3.36,319,3.56,0.51,4098560,Declining,2026-05-01,People Also Ask,Commercial,Organic,7,25.78,2,1,3,3
714,customer analytics tools,14,12,13576,20.2,0.36,1594,11.74,0.24,6984043,Rising,2026-08-06,Video,Informational,People Also Ask,-2,57.18,1,3,1,4
715,data science salary,96,100,4963,10.7,1.59,83,1.67,0.88,2314639,Stable,2026-07-10,Image Pack,Commercial,Organic,4,37.55,2,1,2,5
716,marketing analytics dashboard,79,94,17277,58.4,5.77,128,0.74,0.75,7970254,Declining,2026-03-26,Image Pack,Transactional,Organic,15,47.22,3,1,3,5
717,keyword research best practices,23,12,2240,88.2,3.88,223,9.96,0.56,2782074,Rising,2026-08-28,Image Pack,Informational,Organic,-11,13.29,1,1,1,5
718,customer analytics training,45,50,134,32,9.88,5,3.73,0.34,5071107,Stable,2026-05-11,Image Pack,Commercial,Organic,5,22.65,2,1,2,5
719,sql advanced,20,8,15327,24.3,6.85,1622,10.58,0.66,3186982,Stable,2026-05-22,None,Transactional,Organic,-12,58.81,3,1,2,7
720,data science dashboard,22,7,1113,17.3,9.68,85,7.64,0.87,2722035,Declining,2026-01-27,Featured Snippet,Commercial,Organic,-15,31.09,2,1,3,2
721,data science skills,39,40,173,41.5,9.33,7,4.05,0.84,2672381,Rising,2026-04-20,Featured Snippet,Navigational,People Also Ask,1,20.05,4,3,1,2
722,python pandas best practices,72,71,3559,30,1.62,69,1.94,0.22,6955879,Declining,2026-06-27,Reviews,Commercial,Organic,-1,29.11,2,1,3,6
723,business intelligence guide,48,38,25142,25.7,4.46,679,2.7,0.36,7306117,Declining,2026-09-15,Sitelinks,Commercial,Organic,-10,73.71,2,1,3,1
724,digital marketing free,51,37,21473,31.9,0.88,427,1.99,0.72,3872312,Stable,2026-08-21,Video,Informational,Featured Snippet,-14,64.18,1,2,2,4
725,customer analytics certification,5,1,112,67.1,8.53,31,27.68,0.13,6705702,Rising,2026-08-16,Reviews,Transactional,Organic,-4,24.82,3,1,1,6
726,customer analytics examples,25,30,9729,36.6,8.13,1060,10.9,0.21,7892908,Stable,2026-07-07,Image Pack,Informational,Organic,5,44.16,1,1,2,5
727,tableau tutorial,9,1,4016,31.3,2.24,799,19.9,0.7,3392161,Stable,2026-01-02,People Also Ask,Informational,Organic,-8,39.19,1,1,2,3
728,keyword research interview questions,73,84,13684,84.4,1.24,203,1.48,0.13,2676510,Stable,2026-01-11,None,Informational,Organic,11,32.67,1,1,2,7
729,content marketing interview questions,11,24,24484,34.6,8.23,5270,21.52,0.75,5957261,Rising,2026-07-14,Reviews,Informational,Organic,13,79.75,1,1,1,6
730,dashboard skills,53,45,712,25.9,11.76,14,1.97,0.14,2970194,Stable,2026-09-25,Video,Transactional,Organic,-8,24.69,3,1,2,4
731,data visualization tutorial,75,72,538,26.9,8.49,6,1.12,0.8,1818086,Stable,2026-09-15,Image Pack,Transactional,Featured Snippet,-3,23.6,3,2,2,5
732,sql online,99,90,852,30.9,11.08,8,0.94,0.5,3844525,Stable,2026-07-13,Reviews,Commercial,Organic,-9,22.92,2,1,2,6
733,excel software,2,1,2065,36.9,10.86,526,25.47,0.2,4464869,Stable,2026-08-13,None,Commercial,Organic,-1,36.59,2,1,2,7
734,tableau guide,61,72,701,39.9,4.19,12,1.71,0.96,7043975,Stable,2026-09-17,Sitelinks,Commercial,Featured Snippet,11,20.33,2,2,2,1
735,dashboard guide,76,61,529,83.8,10.66,11,2.08,0.24,7784936,Stable,2026-03-08,Reviews,Informational,Image,-15,7.02,1,5,2,6
736,sql project,99,88,1531,23.2,0.21,8,0.52,0.33,826927,Rising,2026-04-15,Video,Informational,Organic,-11,26.36,1,1,1,4
737,customer analytics software,1,1,470,47.7,8.3,172,36.6,0.68,6684506,Stable,2026-02-19,Video,Informational,Featured Snippet,0,36.1,1,2,2,4
738,python pandas guide,99,94,1273,68.4,5.21,7,0.55,0.51,5975347,Stable,2026-04-24,Image Pack,Informational,Organic,-5,12.3,1,1,2,5
739,content marketing skills,65,76,112,70.1,10.99,1,0.89,0.23,1847612,Stable,2026-06-23,Video,Commercial,Organic,11,9.67,2,1,2,4
740,seo analytics project,50,56,2173,86.7,5.18,55,2.53,0.83,3826397,Rising,2026-02-21,Reviews,Transactional,People Also Ask,6,9.66,3,3,1,6
741,data analyst jobs,41,30,8439,64.9,0.34,382,4.53,0.45,625188,Stable,2026-03-01,Image Pack,Transactional,Video,-11,29.72,3,4,2,5
742,marketing analytics software,100,100,16821,52.8,4.51,260,1.55,0.55,3191080,Stable,2026-03-18,Sitelinks,Informational,Video,0,48.43,1,4,2,1
743,dashboard examples,26,27,9674,46.4,0.77,595,6.15,0.51,3063412,Declining,2026-07-09,People Also Ask,Commercial,Organic,1,38.59,2,1,3,3
744,data analyst for beginners,35,25,949,11.4,4.03,53,5.58,0.39,485576,Stable,2026-05-08,Featured Snippet,Informational,Organic,-10,31.44,1,1,2,2
745,python pandas free,56,69,941,46.6,7.48,30,3.19,0.93,6599787,Stable,2026-01-21,Sitelinks,Informational,Organic,13,19.59,1,1,2,1
746,reporting certification,49,50,13592,84.2,9.04,272,2,0.94,2203492,Stable,2026-02-10,None,Navigational,Image,1,32.83,4,5,2,7
747,business intelligence advanced,34,28,8478,78.3,3.08,457,5.39,0.49,6133608,Stable,2026-04-06,People Also Ask,Commercial,Organic,-6,26.23,2,1,2,3
748,google analytics jobs,87,81,703,26.6,9.43,7,1,0.48,6364014,Stable,2026-02-19,Featured Snippet,Informational,Organic,-6,23.95,1,1,2,2
749,machine learning tools,79,73,21571,76.2,7.14,257,1.19,0.42,7453007,Rising,2026-06-24,People Also Ask,Informational,Organic,-6,50.66,1,1,1,3
750,mysql free,27,29,14742,41.2,4.95,1202,8.15,0.12,3995000,Declining,2026-02-12,Featured Snippet,Transactional,Organic,2,51.29,3,1,3,2
751,seo analytics project,97,92,3516,12.4,7.57,16,0.46,0.46,7967441,Rising,2026-05-26,Image Pack,Transactional,Image,-5,33.52,3,5,1,5
752,google analytics for beginners,17,14,10913,19.9,4.87,1058,9.69,0.32,6946167,Stable,2026-07-25,Image Pack,Informational,Featured Snippet,-3,50.88,1,2,2,5
753,tableau templates,36,31,1711,63.1,8.3,94,5.49,0.52,4353565,Rising,2026-07-26,Video,Transactional,Organic,-5,17.39,3,1,1,4
754,mysql jobs,23,20,702,76.4,9.2,73,10.4,0.14,4725231,Stable,2026-08-03,Video,Informational,Organic,-3,14.01,1,1,2,4
755,machine learning salary,79,83,6996,58,8.84,106,1.52,0.28,4640587,Stable,2026-02-16,People Also Ask,Informational,Organic,4,27.32,1,1,2,3
756,google analytics for beginners,66,78,1036,22.9,4.55,17,1.64,0.93,7386808,Stable,2026-05-31,Sitelinks,Transactional,Organic,12,26.06,3,1,2,1
757,mysql interview questions,32,38,8084,29.4,2.29,519,6.42,0.81,6735428,Declining,2026-03-23,Featured Snippet,Commercial,Image,6,40.67,2,5,3,2
758,data analyst tutorial,88,94,2613,89.6,10.37,12,0.46,0.29,5784617,Rising,2026-01-13,Video,Commercial,Featured Snippet,6,8.56,2,2,1,4
759,seo analytics guide,93,100,95,67.3,6.24,1,1.05,0.17,1338673,Rising,2026-02-27,Reviews,Informational,Organic,7,10.56,1,1,1,6
760,keyword research salary,32,42,2541,17.8,7.78,170,6.69,0.51,2108881,Rising,2026-06-01,Reviews,Commercial,Featured Snippet,10,33.27,2,2,1,6
761,digital marketing advanced,36,40,123,21.8,3.6,5,4.07,0.39,2471502,Declining,2026-03-23,Image Pack,Commercial,Organic,4,25.87,2,1,3,5
762,mysql project,20,28,14219,58.6,10.34,1280,9,0.85,4749196,Rising,2026-01-07,People Also Ask,Informational,Organic,8,45.48,1,1,1,3
763,marketing analytics guide,62,66,690,61.5,7.13,12,1.74,0.41,7423441,Stable,2026-09-26,Video,Informational,Video,4,13.85,1,4,2,4
764,data analyst tools,44,36,844,22,7.38,24,2.84,0.24,4090563,Stable,2026-01-07,None,Transactional,People Also Ask,-8,26.59,3,3,2,7
765,marketing analytics training,95,86,1747,41.9,1.37,9,0.52,0.57,4371080,Stable,2026-02-10,None,Informational,Organic,-9,21.18,1,1,2,7
766,machine learning training,33,43,14901,84.9,10.32,902,6.05,0.22,7839144,Rising,2026-05-23,Sitelinks,Transactional,Featured Snippet,10,37.38,3,2,1,1
767,sql salary,67,61,84,29.5,9.19,0,0,0.88,598445,Stable,2026-02-07,Featured Snippet,Commercial,Organic,-6,21.32,2,1,2,2
768,data science dashboard,13,15,6803,49,6.92,1286,18.9,0.15,7114836,Stable,2026-04-10,Image Pack,Transactional,Organic,2,38.88,3,1,2,5
769,mysql course,33,42,2241,49.4,2.28,129,5.76,0.94,2537170,Declining,2026-05-08,People Also Ask,Informational,Organic,9,22.7,1,1,3,3
770,seo analytics interview questions,15,24,520,35.5,11.7,59,11.35,0.11,3569716,Rising,2026-08-15,People Also Ask,Commercial,Organic,9,26.42,2,1,1,3
771,data visualization dashboard,100,88,679,50.1,3.98,4,0.59,0.33,4954308,Stable,2026-03-21,People Also Ask,Informational,Featured Snippet,-12,16.63,1,2,2,3
772,data visualization jobs,79,85,463,51.3,5.79,5,1.08,0.73,1984044,Rising,2026-06-05,People Also Ask,Informational,Organic,6,16.11,1,1,1,3
773,content marketing skills,58,52,2188,71,0.27,41,1.87,0.43,5237183,Rising,2026-08-22,None,Informational,People Also Ask,-6,14.05,1,3,1,7
774,business intelligence dashboard,85,92,906,39.9,4,11,1.21,0.58,1755726,Rising,2026-09-15,Video,Transactional,Organic,7,20.48,3,1,1,4
775,machine learning jobs,42,50,4077,57.4,11.43,203,4.98,0.42,7685907,Stable,2026-05-08,People Also Ask,Navigational,Organic,8,23.54,4,1,2,3
776,power bi certification,8,13,1339,39.6,11.1,212,15.83,0.75,2731455,Stable,2026-07-31,None,Informational,Organic,5,29.21,1,1,2,7
777,seo analytics advanced,26,28,201,36.2,6.65,17,8.46,0.82,5578647,Rising,2026-02-04,None,Transactional,Organic,2,24.04,3,1,1,7
778,keyword research software,99,98,23745,24.7,5.73,183,0.77,0.69,5691670,Rising,2026-01-12,Featured Snippet,Informational,Organic,-1,70.21,1,1,1,2
779,google analytics free,7,18,3711,89.2,4.61,1019,27.46,0.95,7010030,Stable,2026-09-09,People Also Ask,Commercial,Organic,11,25.23,2,1,2,3
780,sql advanced,12,14,214,73.9,10.19,42,19.63,0.62,7945007,Stable,2026-08-09,None,Informational,Organic,2,18.7,1,1,2,7
781,python pandas skills,10,1,13231,46.3,9.42,3074,23.23,0.89,3331435,Rising,2026-07-19,Sitelinks,Informational,Organic,-9,54.78,1,1,1,1
782,python pandas examples,29,32,14849,52.6,7.91,1153,7.76,0.92,7167299,Stable,2026-03-20,Featured Snippet,Transactional,Organic,3,47.87,3,1,2,2
783,data visualization certification,4,6,10889,13.2,1.7,2071,19.02,0.87,7442030,Stable,2026-04-14,People Also Ask,Informational,Image,2,57.81,1,5,2,3
784,machine learning dashboard,99,95,79,81.9,5.39,0,0,0.47,6002750,Stable,2026-07-14,Sitelinks,Commercial,Organic,-4,5.59,2,1,2,1
785,business intelligence guide,76,87,152,24,10.98,1,0.66,0.76,1138794,Stable,2026-07-03,Reviews,Navigational,Organic,11,23.45,4,1,2,6
786,business intelligence tools,65,61,2636,19,5.59,32,1.21,0.43,6888445,Stable,2026-06-08,None,Informational,Video,-4,30.18,1,4,2,7
787,seo analytics training,90,77,13806,41.2,5.76,182,1.32,0.66,2721513,Rising,2026-05-08,Featured Snippet,Commercial,Organic,-13,45.79,2,1,1,2
788,python pandas salary,89,89,74,74.2,10.42,0,0,0.44,1428365,Rising,2026-09-23,Featured Snippet,Transactional,People Also Ask,0,7.89,3,3,1,2
789,data visualization software,15,25,360,26.3,4.96,59,16.39,0.63,422129,Rising,2026-01-15,Video,Informational,People Also Ask,10,31.55,1,3,1,4
790,tableau tutorial,70,67,9646,23.6,1.38,100,1.04,0.44,717340,Declining,2026-08-26,Video,Transactional,Organic,-3,42.65,3,1,3,4
791,python pandas templates,82,67,1033,82,3.23,9,0.87,0.95,5413769,Rising,2026-09-10,Reviews,Transactional,Organic,-15,7.92,3,1,1,6
792,python pandas training,66,55,428,16.6,1.32,7,1.64,0.15,1964542,Rising,2026-06-04,People Also Ask,Transactional,Organic,-11,26.74,3,1,1,3
793,dashboard online,67,70,1231,20.5,5.18,22,1.79,0.93,466957,Declining,2026-07-17,Reviews,Informational,Organic,3,27.25,1,1,3,6
794,data visualization course,19,24,128,29,4.88,13,10.16,0.86,1664436,Declining,2026-07-27,Video,Navigational,Organic,5,26.96,4,1,3,4
795,digital marketing for beginners,57,45,16119,71.5,11.1,372,2.31,0.29,6494510,Stable,2026-08-22,Reviews,Informational,People Also Ask,-12,41.83,1,3,2,6
796,marketing analytics examples,9,19,1497,12,6.61,356,23.78,0.83,1138166,Stable,2026-03-06,None,Informational,Organic,10,42.03,1,1,2,7
797,customer analytics tools,65,55,2548,80.8,6.23,33,1.3,0.78,1749681,Stable,2026-09-27,Image Pack,Transactional,Organic,-10,11.52,3,1,2,5
798,marketing analytics online,7,17,4769,28.4,11.38,954,20,0.14,1491957,Stable,2026-04-26,None,Navigational,Organic,10,41.61,4,1,2,7
799,customer analytics templates,55,67,715,86.7,11.4,17,2.38,0.96,7171207,Stable,2026-03-11,Reviews,Navigational,Organic,12,6.68,4,1,2,6
800,digital marketing for beginners,86,80,1076,59,11.52,5,0.46,0.19,6615041,Stable,2026-05-05,Video,Transactional,Organic,-6,14.68,3,1,2,4
801,google analytics advanced,25,17,1124,87.1,3.46,79,7.03,0.75,7565860,Rising,2026-08-16,Featured Snippet,Commercial,Featured Snippet,-8,9.85,2,2,1,2
802,data analyst certification,67,61,3859,60.3,5.76,58,1.5,0.17,5994711,Stable,2026-02-06,None,Navigational,Organic,-6,20.38,4,1,2,7
803,digital marketing tutorial,49,60,778,47.3,7.1,28,3.6,0.8,6115984,Rising,2026-02-22,Sitelinks,Navigational,Organic,11,19.27,4,1,1,1
804,reporting software,31,43,12554,66.1,5.3,566,4.51,0.77,6770134,Stable,2026-05-09,Reviews,Commercial,Organic,12,37.53,2,1,2,6
805,digital marketing software,11,1,239,48.8,7.11,39,16.32,0.3,7978959,Declining,2026-09-07,Image Pack,Commercial,Organic,-10,24.52,2,1,3,5
806,reporting online,86,83,112,57.2,9.56,1,0.89,0.16,6159439,Stable,2026-08-04,None,Informational,Featured Snippet,-3,13.54,1,2,2,7
807,content marketing interview questions,59,62,3630,41.9,9.7,78,2.15,0.9,1885108,Rising,2026-06-18,Sitelinks,Informational,Organic,3,25.79,1,1,1,1
808,data analyst interview questions,33,29,11290,87.9,3.13,478,4.23,0.48,7929610,Rising,2026-03-24,Featured Snippet,Commercial,People Also Ask,-4,28.33,2,3,1,2
809,keyword research guide,97,93,645,78.5,4.14,7,1.09,0.84,1975053,Declining,2026-02-21,Reviews,Informational,Organic,-4,8.31,1,1,3,6
810,reporting free,82,72,1683,78.5,5.93,14,0.83,0.39,1441895,Rising,2026-01-09,Sitelinks,Informational,Organic,-10,10.24,1,1,1,1
811,marketing analytics for beginners,38,47,5383,41.8,8.41,173,3.21,0.61,7040077,Stable,2026-05-15,Featured Snippet,Transactional,Organic,9,29.87,3,1,2,2
812,google analytics salary,50,38,22863,81,3.67,490,2.14,0.99,3651781,Rising,2026-03-21,Reviews,Navigational,Organic,-12,52.29,4,1,1,6
813,machine learning training,32,45,806,74.9,1.92,58,7.2,0.86,3969531,Stable,2026-04-09,Video,Informational,Organic,13,12.96,1,1,2,4
814,google analytics advanced,50,58,1194,88.6,9.68,26,2.18,0.9,7507992,Stable,2026-07-02,Sitelinks,Navigational,Organic,8,6.95,4,1,2,1
815,machine learning for beginners,75,64,277,72.7,6.19,3,1.08,0.81,4911914,Stable,2026-04-25,Video,Informational,People Also Ask,-11,9.32,1,3,2,4
816,mysql templates,57,57,8042,86.3,2.22,179,2.23,0.1,2911304,Declining,2026-03-17,Sitelinks,Commercial,Organic,0,21.29,2,1,3,1
817,digital marketing advanced,33,48,12947,57.8,5.28,621,4.8,0.42,5362046,Rising,2026-06-05,People Also Ask,Informational,Featured Snippet,15,40.96,1,2,1,3
818,marketing analytics best practices,19,28,6930,56.9,10.38,625,9.02,0.76,4782091,Stable,2026-02-06,Image Pack,Informational,Organic,9,31.51,1,1,2,5
819,data visualization dashboard,32,36,642,12.4,11.16,36,5.61,0.14,3347731,Stable,2026-07-18,None,Informational,Organic,4,30.54,1,1,2,7
820,python pandas skills,24,12,948,66.6,10.57,69,7.28,0.43,1967793,Declining,2026-02-11,People Also Ask,Commercial,Organic,-12,15.78,2,1,3,3
821,digital marketing course,78,64,3707,39.9,2.19,64,1.73,0.05,3201077,Rising,2026-07-11,None,Informational,Organic,-14,26.32,1,1,1,7
822,reporting free,24,26,1106,17.8,8.26,87,7.87,0.22,3637441,Declining,2026-04-01,Image Pack,Informational,People Also Ask,2,31.05,1,3,3,5
823,data analyst templates,5,19,6608,73.5,1.62,2000,30.27,0.15,5527650,Stable,2026-03-27,Sitelinks,Commercial,Organic,14,37.2,2,1,2,1
824,reporting skills,59,73,13003,41.1,5.49,201,1.55,0.37,3052409,Rising,2026-09-09,Featured Snippet,Transactional,Organic,14,44.35,3,1,1,2
825,power bi free,85,92,6153,51.6,8.03,52,0.85,0.59,4349020,Stable,2026-04-13,People Also Ask,Informational,Organic,7,27.21,1,1,2,3
826,business intelligence project,81,79,2009,16.6,0.48,13,0.65,0.62,2586001,Declining,2026-05-28,None,Commercial,Organic,-2,29.36,2,1,3,7
827,power bi dashboard,12,6,9787,55.7,2.25,1192,12.18,0.08,7740791,Stable,2026-06-30,Image Pack,Informational,People Also Ask,-6,39.23,1,3,2,5
828,tableau online,68,80,528,64.5,0.73,5,0.95,0.22,1928223,Stable,2026-04-15,Video,Informational,Organic,12,12.21,1,1,2,4
829,data analyst tutorial,49,40,14065,33.2,10.87,520,3.7,0.36,1581050,Stable,2026-04-27,People Also Ask,Navigational,Organic,-9,49.97,4,1,2,3
830,python pandas salary,77,69,9343,80.6,5.19,144,1.54,0.64,1798034,Declining,2026-05-20,Video,Commercial,Organic,-8,25.21,2,1,3,4
831,tableau guide,36,47,1017,49.1,7.28,48,4.72,0.7,3703199,Stable,2026-04-25,Sitelinks,Commercial,Organic,11,19.8,2,1,2,1
832,data science tools,24,26,1225,69.2,11.47,124,10.12,0.32,2434223,Declining,2026-05-14,Sitelinks,Transactional,Organic,2,17.06,3,1,3,1
833,business intelligence tools,72,84,2521,51.5,0.62,26,1.03,0.09,3226898,Rising,2026-02-04,Featured Snippet,Commercial,Organic,12,20.11,2,1,1,2
834,python pandas interview questions,77,86,116,50.3,11.7,1,0.86,0.09,310846,Rising,2026-05-09,Featured Snippet,Informational,Organic,9,15.6,1,1,1,2
835,power bi guide,49,38,1053,28,7.6,31,2.94,0.07,3636137,Declining,2026-09-28,People Also Ask,Commercial,Organic,-11,25.26,2,1,3,3
836,keyword research tutorial,15,21,197,52.7,7.5,33,16.75,0.4,1319194,Rising,2026-04-30,Sitelinks,Informational,Organic,6,23.5,1,1,1,1
837,google analytics advanced,16,28,986,12.8,6.64,149,15.11,0.5,4657636,Stable,2026-07-18,Video,Navigational,Organic,12,36.16,4,1,2,4
838,data science templates,33,29,12221,83.6,2.01,649,5.31,0.19,5169327,Rising,2026-07-18,People Also Ask,Transactional,Organic,-4,32.04,3,1,1,3
839,data analyst best practices,39,28,102,66.9,6.59,3,2.94,0.84,2952942,Declining,2026-08-04,Video,Commercial,Organic,-11,11.7,2,1,3,4
840,google analytics interview questions,47,42,1748,20.6,6.45,53,3.03,0.58,7594439,Stable,2026-07-06,Video,Commercial,Featured Snippet,-5,28.91,2,2,2,4
841,tableau software,83,77,779,47.6,6.61,9,1.16,0.95,6986865,Stable,2026-04-13,Featured Snippet,Informational,Video,-6,17.89,1,4,2,2
842,google analytics online,56,46,2150,26.5,6.9,48,2.23,0.69,6200072,Stable,2026-04-12,Featured Snippet,Informational,Organic,-10,27.51,1,1,2,2
843,python pandas free,41,45,8571,60.2,0.62,226,2.64,0.07,7377339,Declining,2026-06-19,None,Informational,Video,4,30.39,1,4,3,7
844,content marketing dashboard,96,85,732,15.3,7.55,6,0.82,0.47,2841242,Rising,2026-06-05,Sitelinks,Transactional,Organic,-11,27.3,3,1,1,1
845,python pandas jobs,54,42,6685,42.8,6.83,183,2.74,0.31,6814358,Rising,2026-02-28,Reviews,Navigational,Video,-12,31.91,4,4,1,6
846,excel tutorial,18,31,2061,48.2,9.25,318,15.43,0.39,3639304,Stable,2026-08-18,Sitelinks,Navigational,Video,13,27.85,4,4,2,1
847,dashboard software,44,31,1122,20.8,3.74,30,2.67,0.98,6369546,Stable,2026-06-14,People Also Ask,Transactional,Video,-13,27.41,3,4,2,3
848,sql software,78,88,2133,81.3,5.13,20,0.94,0.23,2385917,Stable,2026-01-13,Video,Informational,Organic,10,10.35,1,1,2,4
849,machine learning project,34,33,1872,31.8,11.94,114,6.09,0.36,444715,Declining,2026-01-06,Reviews,Commercial,Organic,-1,27.42,2,1,3,6
850,business intelligence free,49,46,118,31.6,4.63,3,2.54,0.98,3511210,Stable,2026-03-09,People Also Ask,Transactional,Organic,-3,22.11,3,1,2,3
851,data science project,35,22,4029,16.8,8.06,202,5.01,0.16,6523889,Declining,2026-02-24,Featured Snippet,Informational,Organic,-13,35.64,1,1,3,2
852,python pandas advanced,31,40,260,10.8,0.36,20,7.69,0.63,1418701,Stable,2026-08-24,Reviews,Transactional,Featured Snippet,9,31.37,3,2,2,6
853,excel templates,16,2,14347,83.4,11.13,2094,14.6,0.14,3577161,Stable,2026-04-18,Sitelinks,Transactional,Organic,-14,41.27,3,1,2,1
854,marketing analytics dashboard,61,72,956,49.6,8.53,19,1.99,0.61,6915011,Stable,2026-09-17,Sitelinks,Informational,Image,11,18.08,1,5,2,1
855,digital marketing salary,70,73,951,66.2,1.09,8,0.84,0.98,1466903,Stable,2026-06-01,Image Pack,Informational,Organic,3,12.48,1,1,2,5
856,business intelligence best practices,33,44,1822,52.4,7.93,98,5.38,0.76,704296,Rising,2026-06-26,Reviews,Informational,Featured Snippet,11,20.77,1,2,1,6
857,tableau tools,87,96,18218,88.2,8.16,169,0.93,0.91,5644992,Stable,2026-02-03,Image Pack,Informational,People Also Ask,9,40.26,1,3,2,5
858,mysql software,96,100,2877,34,5.97,31,1.08,0.26,1530312,Stable,2026-07-29,Video,Transactional,Organic,4,26.09,3,1,2,4
859,google analytics interview questions,60,59,399,70,5.15,4,1,0.35,7920144,Stable,2026-07-24,People Also Ask,Informational,Featured Snippet,-1,10.33,1,2,2,3
860,data visualization salary,76,91,425,11.3,5.77,3,0.71,0.52,1434867,Declining,2026-05-23,Featured Snippet,Informational,Organic,15,27.83,1,1,3,2
861,data science best practices,56,71,520,63.3,4.37,11,2.12,0.71,4940977,Rising,2026-09-23,Video,Transactional,Organic,15,13.17,3,1,1,4
862,data analyst project,81,71,1711,64.7,5.26,9,0.53,0.31,5853102,Declining,2026-03-07,People Also Ask,Commercial,Organic,-10,14.27,2,1,3,3
863,data analyst interview questions,48,46,677,36.1,2.95,20,2.95,0.91,7785717,Stable,2026-06-24,Image Pack,Transactional,Organic,-2,22.09,3,1,2,5
864,python pandas skills,81,84,956,58.8,9.8,8,0.84,0.89,2644988,Declining,2026-07-16,None,Informational,Organic,3,14.71,1,1,3,7
865,marketing analytics free,60,64,15951,46,9.37,311,1.95,0.18,6812627,Rising,2026-05-07,Featured Snippet,Commercial,Organic,4,48.95,2,1,1,2
866,reporting free,72,61,1369,48.8,3.91,20,1.46,0.81,1667921,Declining,2026-03-03,People Also Ask,Transactional,Featured Snippet,-11,18.86,3,2,3,3
867,business intelligence online,65,59,1002,43.8,9.86,9,0.9,0.19,397212,Stable,2026-08-04,Sitelinks,Informational,Featured Snippet,-6,19.33,1,2,2,1
868,python pandas interview questions,81,78,4049,45.5,3.91,64,1.58,0.24,4931031,Rising,2026-03-07,People Also Ask,Navigational,Organic,-3,25.24,4,1,1,3
869,keyword research for beginners,62,58,460,67.6,6.69,9,1.96,0.42,2747561,Declining,2026-01-18,Reviews,Informational,Organic,-4,11.68,1,1,3,6
870,dashboard tutorial,66,52,21637,20.5,0.95,186,0.86,0.54,7532957,Rising,2026-07-04,People Also Ask,Informational,Organic,-14,67.33,1,1,1,3
871,sql free,52,54,106,61.3,4.87,2,1.89,0.82,3698285,Rising,2026-05-14,Featured Snippet,Informational,Organic,2,12.83,1,1,1,2
872,customer analytics course,7,12,15441,13.4,2.78,2636,17.07,0.87,4104554,Stable,2026-07-22,Sitelinks,Commercial,Organic,5,65.76,2,1,2,1
873,data analyst best practices,71,58,84,12.9,2.91,1,1.19,0.13,7076846,Stable,2026-03-26,Video,Informational,Organic,-13,26.93,1,1,2,4
874,reporting project,35,37,1586,22.8,2.58,76,4.79,0.36,2230666,Rising,2026-05-27,Video,Informational,Organic,2,28.86,1,1,1,4
875,marketing analytics guide,27,17,145,74.4,8.97,9,6.21,0.59,6028729,Declining,2026-04-20,Image Pack,Transactional,Organic,-10,11.27,3,1,3,5
876,power bi training,73,86,851,11.9,0.35,17,2,0.24,7585001,Stable,2026-06-17,Video,Navigational,Organic,13,29.19,4,1,2,4
877,data visualization free,62,64,7197,88.9,10.32,113,1.57,0.88,6850914,Stable,2026-01-06,People Also Ask,Navigational,Organic,2,18.47,4,1,2,3
878,google analytics advanced,21,9,95,61.7,11.66,9,9.47,0.31,5298282,Rising,2026-01-18,Sitelinks,Informational,Organic,-12,16.72,1,1,1,1
879,business intelligence certification,82,90,15059,80.4,11.2,84,0.56,0.73,3750907,Declining,2026-05-20,People Also Ask,Informational,Organic,8,36.12,1,1,3,3
880,sql salary,28,15,2349,12.4,6.07,171,7.28,0.96,4698733,Rising,2026-02-02,None,Transactional,Organic,-13,34.82,3,1,1,7
881,data science dashboard,35,20,10684,79.8,2.97,397,3.72,0.66,7013462,Declining,2026-08-11,Image Pack,Navigational,Organic,-15,29.28,4,1,3,5
882,machine learning tutorial,37,33,223,46.5,5.78,10,4.48,0.4,4497987,Rising,2026-06-27,Video,Informational,Organic,-4,18.88,1,1,1,4
883,mysql software,99,93,634,70.1,6.04,5,0.79,0.46,4896784,Declining,2026-06-20,People Also Ask,Commercial,Organic,-6,10.65,2,1,3,3
884,customer analytics jobs,6,1,6714,88.6,1.91,1618,24.1,0.75,6838563,Stable,2026-04-16,None,Commercial,Organic,-5,29.59,2,1,2,7
885,tableau certification,65,67,106,56,3.21,2,1.89,0.75,5535283,Stable,2026-09-08,Sitelinks,Informational,People Also Ask,2,14.42,1,3,2,1
886,content marketing for beginners,51,52,15282,27.5,4.34,435,2.85,0.15,5195660,Stable,2026-04-07,Reviews,Informational,Featured Snippet,1,53.65,1,2,2,6
887,marketing analytics certification,64,53,237,34.5,9.12,2,0.84,0.65,7622094,Rising,2026-01-09,Sitelinks,Informational,Organic,-11,20.57,1,1,1,1
888,sql tools,33,32,199,38.6,4.96,10,5.03,0.41,1825897,Stable,2026-09-02,Reviews,Commercial,Organic,-1,21.49,2,1,2,6
889,data science tutorial,64,59,1082,66.1,10.36,16,1.48,0.14,5571010,Stable,2026-06-29,Reviews,Commercial,Organic,-5,13.11,2,1,2,6
890,power bi free,98,100,206,53.5,1.18,2,0.97,0.92,3746552,Stable,2026-05-04,Image Pack,Navigational,Organic,2,14.88,4,1,2,5
891,seo analytics for beginners,100,100,2554,42.8,0.32,13,0.51,0.78,7497197,Stable,2026-09-15,Featured Snippet,Commercial,Organic,0,22.51,2,1,2,2
892,google analytics for beginners,84,92,87,19.4,6.3,0,0,0.85,510568,Stable,2026-08-07,Sitelinks,Commercial,Image,8,24.35,2,5,2,1
893,sql dashboard,62,62,563,72.1,9.72,14,2.49,0.09,1624886,Stable,2026-09-10,Featured Snippet,Transactional,People Also Ask,0,10.81,3,3,2,2
894,excel certification,22,11,609,85.7,6.84,55,9.03,0.71,360193,Stable,2026-07-08,Reviews,Commercial,Organic,-11,10.31,2,1,2,6
895,power bi examples,56,58,17920,15.2,3.3,443,2.47,0.43,7370340,Declining,2026-03-12,Sitelinks,Informational,Organic,2,62.38,1,1,3,1
896,data visualization dashboard,58,64,4806,31,0.99,93,1.94,0.44,4565399,Rising,2026-03-17,People Also Ask,Informational,Organic,6,31.29,1,1,1,3
897,data analyst software,8,9,77,63.3,7.11,18,23.38,0.18,7381706,Declining,2026-04-20,Featured Snippet,Commercial,Organic,1,23.61,2,1,3,2
898,business intelligence certification,23,20,5716,53.3,9.69,405,7.09,0.53,6917246,Rising,2026-09-20,Sitelinks,Commercial,Organic,-3,29.15,2,1,1,1
899,tableau software,29,40,984,70.2,0.71,62,6.3,0.23,5866662,Stable,2026-08-19,Image Pack,Transactional,Organic,11,14.25,3,1,2,5
900,python pandas free,79,94,6610,61.7,9.11,52,0.79,0.32,6230173,Stable,2026-01-16,Video,Informational,Organic,15,25.05,1,1,2,4
901,python pandas tutorial,48,41,1793,62,11.84,58,3.23,0.62,7370748,Declining,2026-08-29,Image Pack,Commercial,Featured Snippet,-7,16.68,2,2,3,5
902,dashboard for beginners,88,92,9301,55.9,5.74,48,0.52,0.37,4232581,Stable,2026-05-09,Reviews,Informational,Organic,4,32,1,1,2,6
903,seo analytics templates,66,58,2023,35.9,3.03,30,1.48,0.23,2812988,Stable,2026-05-23,People Also Ask,Commercial,Organic,-8,24.04,2,1,2,3
904,business intelligence templates,18,28,16317,65,4.47,1781,10.91,0.8,4737642,Rising,2026-05-30,Reviews,Informational,Organic,10,48.75,1,1,1,6
905,keyword research jobs,83,93,2887,41.3,8.66,44,1.52,0.37,2186860,Rising,2026-03-05,Video,Transactional,Image,10,24.16,3,5,1,4
906,data analyst tools,25,35,1349,46.4,11.89,101,7.49,0.58,1753682,Rising,2026-08-07,Reviews,Navigational,Organic,10,22.75,4,1,1,6
907,data science best practices,50,45,159,19.8,9.17,3,1.89,0.12,1038200,Stable,2026-03-07,None,Informational,Featured Snippet,-5,25.38,1,2,2,7
908,tableau dashboard,6,19,13159,10.8,4.18,2627,19.96,0.45,1997808,Stable,2026-05-17,Image Pack,Informational,Organic,13,63.54,1,1,2,5
909,data analyst for beginners,75,70,656,87.3,4.72,6,0.91,0.2,4655674,Stable,2026-05-19,None,Commercial,Organic,-5,5.6,2,1,2,7
910,tableau training,31,30,6527,23.9,2.8,325,4.98,0.34,4721173,Stable,2026-07-17,Video,Informational,Organic,-1,38.46,1,1,2,4
911,sql best practices,92,91,2415,81,10.24,22,0.91,0.77,1800004,Stable,2026-08-12,None,Transactional,Organic,-1,10.99,3,1,2,7
912,data analyst free,65,69,2573,58.5,4.6,50,1.94,0.71,3145781,Stable,2026-04-17,Featured Snippet,Informational,Organic,4,18.6,1,1,2,2
913,machine learning project,30,27,10515,86.9,8.3,759,7.22,0.11,5761943,Rising,2026-06-26,People Also Ask,Informational,Organic,-3,28.68,1,1,1,3
914,mysql best practices,12,10,943,31.5,10.96,123,13.04,0.26,4766857,Stable,2026-09-29,None,Informational,Organic,-2,29.36,1,1,2,7
915,google analytics software,7,16,610,83.3,1.29,99,16.23,0.12,7469678,Stable,2026-05-31,Featured Snippet,Transactional,Organic,9,14.86,3,1,2,2
916,data visualization training,53,47,532,28.5,1.29,10,1.88,0.79,7639943,Declining,2026-04-01,People Also Ask,Commercial,Video,-6,23.51,2,4,3,3
917,data visualization training,3,13,897,16.2,9.32,272,30.32,0.55,6276662,Stable,2026-07-08,Reviews,Informational,Organic,10,43.06,1,1,2,6
918,data visualization training,2,1,618,51.1,0.44,130,21.04,0.18,577086,Rising,2026-03-09,Featured Snippet,Transactional,People Also Ask,-1,27.1,3,3,1,2
919,dashboard examples,60,52,2467,18.8,3.13,57,2.31,0.11,3143915,Rising,2026-08-24,Image Pack,Transactional,Organic,-8,30.49,3,1,1,5
920,google analytics for beginners,70,78,2644,47.3,7.84,43,1.63,0.59,6733496,Stable,2026-05-09,Image Pack,Navigational,Organic,8,21.93,4,1,2,5
921,data science salary,5,1,223,39.4,3.72,50,22.42,0.4,3114262,Rising,2026-04-12,None,Informational,Organic,-4,30.56,1,1,1,7
922,python pandas interview questions,76,86,14362,73.5,4.88,142,0.99,0.9,2172775,Stable,2026-08-27,People Also Ask,Transactional,Organic,10,37.03,3,1,2,3
923,tableau tutorial,32,47,663,83.8,3.69,35,5.28,0.41,5296769,Stable,2026-05-31,People Also Ask,Transactional,Organic,15,8.99,3,1,2,3
924,power bi free,9,5,1253,83.8,2.16,200,15.96,0.72,2302947,Rising,2026-04-22,Reviews,Commercial,Organic,-4,15.85,2,1,1,6
925,google analytics skills,79,78,1702,32.8,0.8,15,0.88,0.46,4002631,Stable,2026-01-19,Reviews,Transactional,Featured Snippet,-1,24.01,3,2,2,6
926,dashboard online,9,24,676,40.2,8,146,21.6,0.3,1309247,Declining,2026-02-17,Image Pack,Informational,Organic,15,30.78,1,1,3,5
927,power bi tutorial,39,24,418,55.5,5.13,15,3.59,0.56,2190153,Declining,2026-01-01,Sitelinks,Informational,Organic,-15,16.09,1,1,3,1
928,data science tools,29,28,673,49.5,1.14,56,8.32,0.63,7839773,Declining,2026-05-13,Image Pack,Commercial,Video,-1,20.92,2,4,3,5
929,keyword research skills,68,57,14128,67.3,6.34,182,1.29,0.89,1964351,Rising,2026-09-05,People Also Ask,Informational,Organic,-11,38.59,1,1,1,3
930,data science guide,7,22,7281,79.1,1.46,1297,17.81,0.79,7069820,Rising,2026-03-20,Sitelinks,Commercial,Organic,15,30.22,2,1,1,1
931,tableau guide,54,57,1364,29.4,7.55,42,3.08,0.78,7423771,Rising,2026-07-27,None,Commercial,Organic,3,25.53,2,1,1,7
932,data analyst skills,48,36,864,80.3,6,31,3.59,0.43,6825710,Rising,2026-03-26,People Also Ask,Informational,Organic,-12,9.54,1,1,1,3
933,google analytics tools,13,1,251,10.7,6.58,30,11.95,0.96,6503168,Stable,2026-01-27,Sitelinks,Commercial,Organic,-12,33.65,2,1,2,1
934,seo analytics software,87,93,17101,55.8,0.68,229,1.34,0.09,4746335,Declining,2026-01-01,None,Navigational,Featured Snippet,6,47.97,4,2,3,7
935,google analytics free,14,7,7231,76.9,1.05,866,11.98,0.48,6848684,Rising,2026-09-21,Sitelinks,Commercial,Organic,-7,27.68,2,1,1,1
936,seo analytics tutorial,51,63,1748,65.6,9.76,42,2.4,0.33,5704127,Stable,2026-05-01,None,Navigational,Organic,12,15.07,4,1,2,7
937,keyword research dashboard,31,30,596,12.9,0.89,32,5.37,0.99,1183655,Stable,2026-05-25,None,Informational,Organic,-1,30.17,1,1,2,7
938,machine learning free,56,54,270,63.5,8.13,5,1.85,0.72,7185599,Stable,2026-07-06,Featured Snippet,Informational,Organic,-2,12.47,1,1,2,2
939,power bi tutorial,33,30,634,47.1,11.61,46,7.26,0.47,6563093,Stable,2026-08-05,Reviews,Informational,Video,-3,20.99,1,4,2,6
940,dashboard jobs,1,13,684,43.3,5.95,165,24.12,0.88,2072182,Stable,2026-05-23,Featured Snippet,Transactional,Organic,12,31.21,3,1,2,2
941,data analyst software,92,87,7688,10.2,5.9,102,1.33,0.25,2793639,Stable,2026-09-16,People Also Ask,Commercial,Video,-5,42.93,2,4,2,3
942,dashboard templates,79,70,2477,68.5,0.67,44,1.78,0.32,7974962,Stable,2026-05-26,People Also Ask,Informational,Organic,-9,15.32,1,1,2,3
943,sql free,54,68,4019,58.7,2.93,89,2.21,0.47,2542203,Stable,2026-01-20,None,Informational,Video,14,21.56,1,4,2,7
944,digital marketing guide,34,19,4302,27.7,9.89,160,3.72,0.09,793624,Declining,2026-08-02,Sitelinks,Commercial,Image,-15,32.22,2,5,3,1
945,seo analytics templates,85,71,4176,27.1,8,26,0.62,0.27,7916361,Stable,2026-06-18,Featured Snippet,Commercial,Organic,-14,30.5,2,1,2,2
946,tableau tools,43,48,1090,11.7,1.73,36,3.3,0.67,5440124,Stable,2026-08-07,Featured Snippet,Transactional,Organic,5,30.41,3,1,2,2
947,seo analytics project,70,77,5736,16.1,2.04,69,1.2,0.95,714661,Stable,2026-05-19,Featured Snippet,Informational,Organic,7,37.21,1,1,2,2
948,excel online,99,100,5128,19.8,8.08,25,0.49,0.79,2955273,Stable,2026-04-07,Image Pack,Navigational,Featured Snippet,1,34.52,4,2,2,5
949,reporting tools,9,1,469,51.8,8.34,113,24.09,0.76,2940784,Stable,2026-07-19,None,Transactional,Organic,-8,28.21,3,1,2,7
950,marketing analytics guide,28,18,907,48.7,7.12,86,9.48,0.75,6709187,Declining,2026-09-11,Image Pack,Transactional,Organic,-10,22.24,3,1,3,5
951,content marketing dashboard,6,1,2494,55.7,0.4,529,21.21,0.37,6047914,Rising,2026-06-11,None,Commercial,Organic,-5,29.54,2,1,1,7
952,excel templates,67,69,223,47.9,6.73,4,1.79,0.16,6524468,Stable,2026-06-12,Featured Snippet,Informational,People Also Ask,2,17.03,1,3,2,2
953,seo analytics tutorial,14,1,1165,89.9,8.41,226,19.4,0.31,6827948,Declining,2026-09-29,People Also Ask,Informational,Organic,-13,15.67,1,1,3,3
954,seo analytics best practices,3,1,929,66.9,10.46,265,28.53,0.85,3027750,Rising,2026-05-16,None,Informational,Video,-2,26.96,1,4,1,7
955,data visualization advanced,28,31,172,32.1,10.13,12,6.98,0.86,6530301,Stable,2026-06-02,Image Pack,Commercial,Organic,3,24.43,2,1,2,5
956,google analytics tutorial,40,54,1530,36.7,8.94,43,2.81,0.94,231273,Declining,2026-01-22,Video,Transactional,Organic,14,23.53,3,1,3,4
957,excel examples,21,24,6632,29.8,4.14,815,12.29,0.71,1010215,Declining,2026-08-29,Featured Snippet,Transactional,Organic,3,40.79,3,1,3,2
958,marketing analytics training,53,38,12792,31.9,9.58,289,2.26,0.56,663098,Rising,2026-07-18,Featured Snippet,Transactional,Organic,-15,47.07,3,1,1,2
959,python pandas guide,76,74,7210,29.9,10.3,54,0.75,0.66,4081882,Declining,2026-07-27,Image Pack,Informational,Organic,-2,35.76,1,1,3,5
960,python pandas advanced,24,35,13273,87.4,3.14,1031,7.77,0.28,563200,Rising,2026-07-22,Featured Snippet,Navigational,Organic,11,34.3,4,1,1,2
961,excel advanced,1,6,961,76.4,0.36,234,24.35,0.19,5849650,Stable,2026-07-08,People Also Ask,Navigational,Organic,5,21.95,4,1,2,3
962,marketing analytics examples,57,63,1040,21.7,4.79,19,1.83,0.94,2093594,Stable,2026-05-21,Video,Informational,Organic,6,26.53,1,1,2,4
963,mysql jobs,8,18,122,51.9,2.61,21,17.21,0.32,1581068,Stable,2026-08-31,None,Transactional,Organic,10,23.83,3,1,2,7
964,mysql software,39,44,811,65.1,3.45,32,3.95,0.2,1920412,Declining,2026-01-09,None,Informational,Organic,5,14.18,1,1,3,7
965,machine learning for beginners,66,71,388,67.7,6.36,6,1.55,0.67,6435798,Stable,2026-01-11,Sitelinks,Commercial,Video,5,11.29,2,4,2,1
966,machine learning project,33,43,984,63.5,6.76,67,6.81,0.55,1626988,Stable,2026-09-28,Sitelinks,Informational,Organic,10,16.53,1,1,2,1
967,customer analytics best practices,73,68,103,25,8.84,1,0.97,0.7,2321144,Rising,2026-07-25,Reviews,Transactional,Organic,-5,23.22,3,1,1,6
968,dashboard software,13,10,3411,81.2,4.03,504,14.78,0.76,4353390,Stable,2026-08-09,Image Pack,Informational,Organic,-3,20.29,1,1,2,5
969,dashboard salary,30,28,84,43,11.95,5,5.95,0.97,3641993,Rising,2026-04-20,Featured Snippet,Informational,Organic,-2,20.43,1,1,1,2
970,data analyst advanced,53,41,1150,81.2,10.74,27,2.35,0.63,929379,Rising,2026-05-04,Sitelinks,Commercial,Organic,-12,9.18,2,1,1,1
971,data visualization course,63,74,1005,81,1.38,14,1.39,0.59,200724,Stable,2026-07-02,None,Commercial,Organic,11,8.44,2,1,2,7
972,data analyst certification,81,84,116,25.4,9.9,0,0,0.22,6652764,Rising,2026-06-01,Video,Informational,Organic,3,22.61,1,1,1,4
973,reporting salary,5,1,24094,26.3,7.6,5207,21.61,0.7,1400649,Rising,2026-03-23,Video,Informational,Organic,-4,81.51,1,1,1,4
974,power bi for beginners,23,29,1551,71.2,2.7,108,6.96,0.27,6538276,Rising,2026-09-24,Reviews,Commercial,Organic,6,15.43,2,1,1,6
975,dashboard advanced,43,56,2430,89.8,6.49,112,4.61,0.45,4965400,Stable,2026-05-23,People Also Ask,Informational,Organic,13,10.34,1,1,2,3
976,data analyst dashboard,52,46,2481,47.2,1.27,75,3.02,0.17,619579,Stable,2026-02-27,Image Pack,Commercial,Video,-6,22.38,2,4,2,5
977,dashboard salary,7,8,538,28.5,1.69,118,21.93,0.62,7098483,Rising,2026-02-12,People Also Ask,Commercial,Organic,1,34.19,2,1,1,3
978,digital marketing skills,71,60,365,49.2,10.09,4,1.1,0.71,897188,Rising,2026-08-15,Sitelinks,Commercial,Organic,-11,16.55,2,1,1,1
979,sql skills,59,49,10721,77.8,0.55,280,2.61,0.78,5588891,Declining,2026-01-16,Sitelinks,Informational,Featured Snippet,-10,29.36,1,2,3,1
980,dashboard tools,11,18,829,74.4,5.38,160,19.3,0.1,5120599,Declining,2026-01-14,Reviews,Informational,Organic,7,19.6,1,1,3,6
981,google analytics certification,65,70,1226,30.9,1.2,25,2.04,0.59,3918871,Stable,2026-02-09,Featured Snippet,Informational,Featured Snippet,5,24.25,1,2,2,2
982,marketing analytics templates,6,1,2056,50.6,5.71,340,16.54,0.67,7109183,Stable,2026-06-24,Sitelinks,Informational,Organic,-5,27.71,1,1,2,1
983,marketing analytics salary,52,49,6288,43,9.61,201,3.2,0.4,582183,Rising,2026-03-29,None,Commercial,Featured Snippet,-3,31.3,2,2,1,7
984,customer analytics tutorial,81,81,98,29.2,7.3,1,1.02,0.38,7990179,Stable,2026-09-27,Featured Snippet,Informational,Organic,0,21.98,1,1,2,2
985,power bi certification,51,44,3934,54.5,6.45,85,2.16,0.29,6884176,Rising,2026-08-31,Video,Transactional,Organic,-7,22.62,3,1,1,4
986,business intelligence guide,92,100,855,15.1,3.36,3,0.35,0.7,5028782,Rising,2026-03-29,Image Pack,Commercial,Organic,8,27.36,2,1,1,5
987,seo analytics best practices,39,29,86,43.6,8.66,4,4.65,0.55,1868219,Rising,2026-05-09,Sitelinks,Commercial,Organic,-10,19.57,2,1,1,1
988,google analytics project,81,78,474,70,9.14,5,1.05,0.43,1986816,Stable,2026-06-24,Image Pack,Commercial,Organic,-3,10.5,2,1,2,5
989,data analyst tools,61,58,987,32.4,3.63,22,2.23,0.52,7360801,Stable,2026-02-25,People Also Ask,Informational,Organic,-3,23.43,1,1,2,3
990,marketing analytics jobs,36,31,24853,47.3,10.01,1222,4.92,0.09,5557254,Rising,2026-05-30,Featured Snippet,Informational,Organic,-5,67.84,1,1,1,2
991,content marketing dashboard,68,61,7364,66.7,4.86,68,0.92,0.15,937684,Stable,2026-09-27,Video,Transactional,Featured Snippet,-7,25.12,3,2,2,4
992,customer analytics tutorial,78,69,892,60.5,2.54,7,0.78,0.35,1960597,Declining,2026-01-18,Reviews,Informational,Organic,-9,14.04,1,1,3,6
993,reporting online,64,73,2090,17.6,11.54,50,2.39,0.73,4290897,Rising,2026-04-05,Featured Snippet,Transactional,Image,9,30.15,3,5,1,2
994,data analyst advanced,14,9,1556,20.2,7.25,204,13.11,0.4,3883729,Stable,2026-05-16,Reviews,Informational,Image,-5,34.01,1,5,2,6
995,excel best practices,1,14,9408,41.3,7.39,3357,35.68,0.12,4908792,Declining,2026-09-27,Reviews,Transactional,Organic,13,55.3,3,1,3,6
996,customer analytics project,29,21,2141,37.4,0.51,178,8.31,0.23,6556582,Rising,2026-04-21,Image Pack,Commercial,Organic,-8,27.46,2,1,1,5
997,machine learning interview questions,36,31,1489,17.4,11.22,92,6.18,0.33,4253505,Stable,2026-01-22,None,Informational,Organic,-5,31.03,1,1,2,7
998,keyword research training,64,78,2000,87.3,8.98,26,1.3,0.75,3526824,Declining,2026-01-22,Featured Snippet,Transactional,Organic,14,8.48,3,1,3,2
999,business intelligence software,50,47,6094,79.7,0.52,137,2.25,0.35,6012258,Rising,2026-03-31,None,Informational,Video,-3,19.4,1,4,1,7
1000,content marketing tutorial,56,57,4141,55.8,5.93,101,2.44,0.58,7238859,Stable,2026-09-26,None,Informational,Featured Snippet,1,22.79,1,2,2,7
1001,power bi certification,31,25,3517,52.2,5.48,185,5.26,0.5,5403432,Stable,2026-09-28,Featured Snippet,Informational,Organic,-6,24.13,1,1,2,2
1002,content marketing templates,93,81,77,39.6,8.36,0,0,0.53,7946885,Stable,2026-02-03,None,Informational,Organic,-12,18.27,1,1,2,7
1003,data analyst interview questions,33,36,490,57.8,6.96,29,5.92,0.64,6502946,Declining,2026-06-01,None,Commercial,Organic,3,16.78,2,1,3,7
1004,reporting interview questions,12,25,4534,52.8,4.52,927,20.45,0.28,2776759,Rising,2026-01-11,None,Commercial,Organic,13,34.06,2,1,1,7
1005,reporting dashboard,23,36,620,77.1,9.72,64,10.32,0.78,3553021,Stable,2026-01-29,Video,Commercial,Organic,13,13.59,2,1,2,4
1006,customer analytics free,20,17,9388,71.1,11.67,939,10,0.75,2614113,Declining,2026-04-27,Image Pack,Commercial,Organic,-3,32.66,2,1,3,5
1007,reporting software,84,76,3984,81.8,9.13,73,1.83,0.83,7198556,Declining,2026-03-02,Featured Snippet,Navigational,Organic,-8,14.35,4,1,3,2
1008,tableau skills,4,6,492,71,6.63,132,26.83,0.14,4494788,Stable,2026-06-26,Video,Commercial,Video,2,23.96,2,4,2,4
1009,business intelligence course,72,72,1537,76.4,10.61,29,1.89,0.34,2827449,Declining,2026-03-03,People Also Ask,Transactional,Featured Snippet,0,11.14,3,2,3,3
1010,google analytics for beginners,20,12,10059,34.9,6.21,827,8.22,0.08,7681935,Stable,2026-04-25,Sitelinks,Informational,People Also Ask,-8,43.9,1,3,2,1
1011,tableau templates,51,65,1487,14.4,10.04,43,2.89,0.12,5412857,Declining,2026-06-21,None,Navigational,People Also Ask,14,30.17,4,3,3,7
1012,power bi tools,49,50,112,32.3,3.66,3,2.68,0.35,3734467,Stable,2026-09-25,Featured Snippet,Transactional,Video,1,21.96,3,4,2,2
1013,tableau salary,7,15,1281,32.4,0.4,266,20.77,0.31,1466035,Stable,2026-08-18,Featured Snippet,Transactional,Featured Snippet,8,33.88,3,2,2,2
1014,tableau salary,77,66,1070,73.9,9,13,1.21,0.5,3198890,Rising,2026-03-24,Image Pack,Commercial,Organic,-11,10.6,2,1,1,5
1015,digital marketing course,51,65,5861,31,11.65,128,2.18,0.13,1234792,Declining,2026-07-03,Reviews,Navigational,Organic,14,33.51,4,1,3,6
1016,google analytics certification,60,62,204,26.4,11.95,5,2.45,0.12,1474385,Stable,2026-04-23,None,Commercial,People Also Ask,2,23.79,2,3,2,7
1017,keyword research salary,60,60,5507,37.6,1.63,65,1.18,0.68,2514479,Rising,2026-01-26,Reviews,Navigational,People Also Ask,0,30.3,4,3,1,6
1018,keyword research tutorial,19,31,1811,13.4,9.85,181,9.99,0.1,3723561,Stable,2026-02-22,Video,Commercial,Organic,12,34.9,2,1,2,4
1019,python pandas interview questions,95,100,3501,23.6,2.4,10,0.29,0.14,4034287,Declining,2026-04-04,Sitelinks,Commercial,Organic,5,30.03,2,1,3,1
1020,tableau jobs,74,76,1821,49.3,8.83,21,1.15,0.45,6645403,Declining,2026-05-05,Sitelinks,Transactional,Organic,2,19.44,3,1,3,1
1021,keyword research best practices,4,1,880,46,8.92,246,27.95,0.56,5165871,Stable,2026-03-02,Video,Commercial,Organic,-3,32.82,2,1,2,4
1022,data science training,52,53,651,11.2,9.22,12,1.84,0.67,1533334,Rising,2026-06-28,People Also Ask,Commercial,Organic,1,28.91,2,1,1,3
1023,google analytics software,2,11,1616,45.8,1.44,465,28.77,0.74,4278132,Stable,2026-03-31,Sitelinks,Navigational,Organic,9,34.78,4,1,2,1
1024,dashboard guide,59,68,10947,54.6,6.5,202,1.85,0.64,4426489,Stable,2026-01-09,Featured Snippet,Informational,Video,9,36.37,1,4,2,2
1025,keyword research tutorial,78,85,15495,77.3,5.31,249,1.61,0.29,7758711,Stable,2026-06-02,Image Pack,Informational,Featured Snippet,7,38.47,1,2,2,5
1026,marketing analytics for beginners,81,68,9105,37.7,7.59,129,1.42,0.76,479235,Stable,2026-02-16,People Also Ask,Navigational,Organic,-13,37.55,4,1,2,3
1027,customer analytics guide,58,55,2511,71.5,7.95,39,1.55,0.31,6285933,Declining,2026-02-02,Reviews,Commercial,Image,-3,14.37,2,5,3,6
1028,data science templates,69,69,2158,78.6,6.98,29,1.34,0.84,6728951,Rising,2026-09-22,Image Pack,Informational,Image,0,11.42,1,5,1,5
1029,power bi for beginners,41,47,3502,61.5,8.25,139,3.97,0.7,7087559,Stable,2026-07-04,None,Navigational,Organic,6,20.63,4,1,2,7
1030,reporting skills,88,87,5814,63.8,2.18,70,1.2,0.75,6849356,Rising,2026-04-04,Image Pack,Informational,Organic,-1,23.06,1,1,1,5
1031,business intelligence salary,46,57,7247,61.1,7.68,203,2.8,0.59,2300169,Stable,2026-04-24,None,Navigational,Organic,11,27.57,4,1,2,7
1032,dashboard certification,44,41,441,64.8,11.01,15,3.4,0.73,7470856,Rising,2026-06-25,Video,Informational,Organic,-3,13.25,1,1,1,4
1033,google analytics advanced,29,41,15400,52.4,9.42,884,5.74,0.98,4134953,Stable,2026-07-20,People Also Ask,Informational,Image,12,47.95,1,5,2,3
1034,data science online,34,49,2729,54.7,0.38,142,5.2,0.69,6633923,Rising,2026-04-10,People Also Ask,Commercial,Organic,15,21.78,2,1,1,3
1035,marketing analytics advanced,10,24,267,57.9,2.14,56,20.97,0.36,2040940,Stable,2026-02-14,None,Informational,Organic,14,24.32,1,1,2,7
1036,sql skills,38,37,185,36.2,1.47,8,4.32,0.88,6576802,Stable,2026-09-26,Sitelinks,Informational,Organic,-1,21.81,1,1,2,1
1037,keyword research tutorial,3,18,7088,77.7,8.43,1483,20.92,0.94,6381143,Rising,2026-07-01,Featured Snippet,Commercial,Organic,15,31.92,2,1,1,2
1038,excel advanced,68,68,3710,68.6,1.75,47,1.27,0.17,6788677,Stable,2026-06-28,Video,Informational,Organic,0,17.47,1,1,2,4
1039,keyword research for beginners,100,98,1481,36,9.32,15,1.01,0.47,3649171,Rising,2026-03-27,Featured Snippet,Commercial,Organic,-2,22.68,2,1,1,2
1040,keyword research examples,70,75,1819,43.8,4.49,38,2.09,0.84,2446654,Stable,2026-06-05,Image Pack,Navigational,Image,5,21.59,4,5,2,5
1041,tableau skills,4,1,131,13.4,9.66,27,20.61,0.66,2010298,Declining,2026-03-09,Reviews,Transactional,Video,-3,37.21,3,4,3,6
1042,excel skills,41,28,563,37.2,0.6,21,3.73,0.57,1620762,Rising,2026-06-05,People Also Ask,Transactional,Organic,-13,21.94,3,1,1,3
1043,google analytics guide,76,80,18781,50,10.23,286,1.52,0.47,5171110,Stable,2026-05-30,Reviews,Informational,Featured Snippet,4,53.15,1,2,2,6
1044,python pandas software,66,74,14713,39.5,2.67,314,2.13,0.81,1548416,Stable,2026-02-24,Reviews,Informational,People Also Ask,8,48.54,1,3,2,6
1045,python pandas dashboard,78,67,8459,34.4,1.29,63,0.74,0.13,2109038,Rising,2026-03-23,Featured Snippet,Transactional,Organic,-11,36.89,3,1,1,2
1046,data analyst for beginners,22,31,2948,66.5,8.05,229,7.77,0.38,3821239,Rising,2026-07-05,Image Pack,Commercial,Organic,9,20.05,2,1,1,5
1047,google analytics salary,74,89,92,59.5,6.23,1,1.09,0.48,7217281,Stable,2026-02-22,Video,Informational,People Also Ask,15,12.91,1,3,2,4
1048,mysql certification,83,83,372,65,2.54,5,1.34,0.92,5312089,Declining,2026-01-15,People Also Ask,Informational,Organic,0,11.95,1,1,3,3
1049,dashboard templates,28,36,2634,86.4,8.85,218,8.28,0.6,5194788,Rising,2026-03-15,Featured Snippet,Transactional,Organic,8,13.72,3,1,1,2
1050,content marketing training,74,86,4211,54.5,3.84,49,1.16,0.66,5949496,Declining,2026-04-23,Featured Snippet,Transactional,Organic,12,22.64,3,1,3,2
1051,data analyst advanced,43,36,1104,86.2,6.08,33,2.99,0.89,4908137,Declining,2026-08-13,Sitelinks,Informational,Organic,-7,7.93,1,1,3,1
1052,sql jobs,8,3,933,57.7,9.16,218,23.37,0.25,5721765,Declining,2026-03-12,Image Pack,Navigational,Video,-5,26.98,4,4,3,5
1053,marketing analytics training,17,6,126,70.2,1.36,15,11.9,0.79,6931229,Stable,2026-03-30,Sitelinks,Transactional,Organic,-11,15.52,3,1,2,1
1054,customer analytics free,78,88,15832,51.5,6.17,183,1.16,0.25,5971852,Stable,2026-07-10,Reviews,Commercial,Organic,10,46.64,2,1,2,6
1055,customer analytics guide,8,18,84,32.3,3.76,18,21.43,0.82,6870447,Stable,2026-02-26,Video,Informational,People Also Ask,10,31.88,1,3,2,4
1056,data visualization dashboard,94,97,143,21.9,7.01,2,1.4,0.6,2916330,Rising,2026-06-05,Featured Snippet,Commercial,Organic,3,24.46,2,1,1,2
1057,marketing analytics dashboard,8,12,1070,56.1,11.91,234,21.87,0.52,4947838,Rising,2026-07-23,Sitelinks,Commercial,Featured Snippet,4,26.94,2,2,1,1
1058,excel dashboard,21,9,16161,86.8,5.04,1376,8.51,0.16,6216739,Stable,2026-03-01,Sitelinks,Informational,Organic,-12,40.62,1,1,2,1
1059,data visualization tutorial,16,20,13002,20.9,4.25,1806,13.89,0.46,2139656,Declining,2026-04-20,Sitelinks,Informational,Organic,4,56.97,1,1,3,1
1060,google analytics skills,27,29,116,46.4,10.55,10,8.62,0.15,6162008,Rising,2026-02-21,Sitelinks,Informational,Featured Snippet,2,20.9,1,2,1,1
1061,google analytics online,18,32,1952,56.1,4.05,239,12.24,0.4,333496,Declining,2026-04-10,Reviews,Transactional,Image,14,23.56,3,5,3,6
1062,content marketing guide,9,19,21873,10.1,11.18,4443,20.31,0.37,6277907,Stable,2026-01-09,None,Informational,Image,10,81.27,1,5,2,7
1063,excel salary,36,27,2709,54,6.57,150,5.54,0.17,6801468,Rising,2026-02-08,Reviews,Transactional,Organic,-9,22.13,3,1,1,6
1064,data science tutorial,55,43,1694,48.3,6.78,27,1.59,0.63,3656293,Stable,2026-02-13,Video,Commercial,Organic,-12,19.72,2,1,2,4
1065,tableau training,17,6,1071,85.6,1.46,167,15.59,0.2,7052980,Stable,2026-01-04,Featured Snippet,Transactional,People Also Ask,-11,14.75,3,3,2,2
1066,power bi training,8,1,113,82.6,4.99,28,24.78,0.65,3074815,Declining,2026-06-07,Image Pack,Informational,Organic,-7,18.63,1,1,3,5
1067,content marketing software,37,35,681,30.1,10.13,34,4.99,0.48,221309,Rising,2026-01-31,None,Informational,Featured Snippet,-2,24.98,1,2,1,7
1068,excel tutorial,27,12,22585,54.3,1.38,1951,8.64,0.13,1462619,Stable,2026-01-07,Image Pack,Informational,Featured Snippet,-15,63.21,1,2,2,5
1069,content marketing interview questions,14,3,5770,67.6,11.7,853,14.78,0.23,531114,Stable,2026-05-07,Sitelinks,Commercial,Organic,-11,29.06,2,1,2,1
1070,sql tutorial,37,33,6838,49.4,2.55,248,3.63,0.23,335950,Stable,2026-06-28,Image Pack,Transactional,Organic,-4,30.71,3,1,2,5
1071,mysql best practices,91,89,7021,12.4,1.62,22,0.31,0.68,7002911,Rising,2026-07-26,Featured Snippet,Transactional,Video,-2,40.4,3,4,1,2
1072,mysql examples,56,69,2011,21.9,4.37,28,1.39,0.18,6859247,Rising,2026-01-30,People Also Ask,Informational,Organic,13,28.17,1,1,1,3
1073,seo analytics skills,81,84,122,73.6,0.8,1,0.82,0.17,2168069,Rising,2026-05-15,Image Pack,Informational,Featured Snippet,3,8.6,1,2,1,5
1074,customer analytics tools,92,95,23409,60.5,3.38,75,0.32,0.99,713074,Stable,2026-01-22,People Also Ask,Commercial,Organic,3,58.56,2,1,2,3
1075,dashboard project,83,94,10201,84.3,4.86,156,1.53,0.65,5254609,Rising,2026-08-13,Reviews,Informational,Organic,11,25.81,1,1,1,6
1076,reporting for beginners,96,90,197,40.6,1.38,1,0.51,0.1,3943156,Rising,2026-04-30,None,Informational,Organic,-6,18.48,1,1,1,7
1077,data visualization dashboard,95,100,5844,57.6,7.08,105,1.8,0.47,314351,Stable,2026-05-16,Featured Snippet,Transactional,People Also Ask,5,25.3,3,3,2,2
1078,python pandas course,28,27,106,75.6,6.58,5,4.72,0.1,1435196,Stable,2026-01-15,Reviews,Transactional,Organic,-1,10.04,3,1,2,6
1079,excel for beginners,11,3,1768,70.1,6.94,375,21.21,0.78,3698926,Rising,2026-02-27,Sitelinks,Navigational,Image,-8,23.77,4,5,1,1
1080,customer analytics online,81,84,1349,50.7,9.82,26,1.93,0.92,7174475,Rising,2026-03-12,Featured Snippet,Transactional,Organic,3,18.5,3,1,1,2
1081,content marketing online,66,74,879,45.2,6.18,9,1.02,0.21,6532588,Rising,2026-01-24,Video,Commercial,Organic,8,18.73,2,1,1,4
1082,sql jobs,25,22,6076,57.7,1.28,403,6.63,0.2,7149721,Stable,2026-05-19,None,Informational,Organic,-3,28.3,1,1,2,7
1083,customer analytics online,20,19,22077,56.3,11.99,2484,11.25,0.65,2283648,Stable,2026-04-28,Reviews,Informational,Video,-1,62.99,1,4,2,6
1084,sql advanced,55,43,1498,49.5,6.71,28,1.87,0.68,6506143,Stable,2026-04-25,People Also Ask,Transactional,Organic,-12,19.12,3,1,2,3
1085,mysql advanced,85,91,11744,33.4,0.73,131,1.12,0.65,6713675,Stable,2026-05-08,Reviews,Informational,Organic,6,43.92,1,1,2,6
1086,data analyst examples,58,59,806,45.5,2,13,1.61,0.2,7480657,Stable,2026-05-05,None,Commercial,Organic,1,18.81,2,1,2,7
1087,customer analytics salary,1,2,10976,72.3,3.34,3585,32.66,0.26,520485,Stable,2026-05-13,Video,Commercial,Image,1,47.51,2,5,2,4
1088,marketing analytics interview questions,78,81,199,59.9,0.95,1,0.5,0.83,4774683,Stable,2026-05-08,People Also Ask,Commercial,Image,3,12.69,2,5,2,3
1089,data visualization dashboard,92,90,172,48,5.01,0,0,0.28,7363134,Stable,2026-09-19,Sitelinks,Informational,Featured Snippet,-2,15.94,1,2,2,1
1090,data analyst jobs,47,61,1225,49.6,3.29,37,3.02,0.66,7009726,Stable,2026-05-21,Sitelinks,Transactional,Organic,14,19.16,3,1,2,1
1091,sql free,97,100,3982,84.5,0.97,41,1.03,0.61,4671229,Stable,2026-01-22,Image Pack,Commercial,Video,3,13.11,2,4,2,5
1092,data analyst guide,60,71,4009,31.7,5.43,85,2.12,0.15,1966498,Stable,2026-04-05,Video,Commercial,Video,11,29.59,2,4,2,4
1093,customer analytics best practices,79,85,5660,83.2,8.45,78,1.38,0.57,2630603,Stable,2026-06-09,Reviews,Transactional,Organic,6,17.03,3,1,2,6
1094,keyword research advanced,34,29,8814,19.9,1.79,403,4.57,0.84,6292158,Declining,2026-05-07,Reviews,Navigational,Video,-5,43.99,4,4,3,6
1095,power bi software,15,2,2265,64.6,0.93,335,14.79,0.78,6498530,Rising,2026-06-10,Featured Snippet,Informational,Organic,-13,22.99,1,1,1,2
1096,python pandas certification,66,69,929,58,4.67,6,0.65,0.67,4664718,Declining,2026-06-02,Image Pack,Navigational,Organic,3,14.79,4,1,3,5
1097,power bi project,49,46,15667,72.8,8.94,435,2.78,0.52,590018,Stable,2026-05-15,Featured Snippet,Informational,Featured Snippet,-3,40.79,1,2,2,2
1098,seo analytics skills,55,67,1564,45.4,6.54,25,1.6,0.95,6190442,Declining,2026-04-09,None,Commercial,Organic,12,20.34,2,1,3,7
1099,tableau salary,32,44,1320,42.4,4.7,78,5.91,0.77,2824757,Rising,2026-02-25,Video,Commercial,Organic,12,23.05,2,1,1,4
1100,content marketing training,7,1,24342,44,10.3,4128,16.96,0.22,6143885,Stable,2026-09-02,Reviews,Commercial,Organic,-6,74.22,2,1,2,6
1101,python pandas skills,79,66,1438,16.3,3.51,19,1.32,0.91,6843937,Declining,2026-05-09,Image Pack,Transactional,Organic,-13,28.67,3,1,3,5
1102,power bi course,98,100,3552,48,6.29,31,0.87,0.98,1197246,Declining,2026-03-30,Image Pack,Commercial,Video,2,23.12,2,4,3,5
1103,mysql course,35,34,697,42.7,3.3,39,5.6,0.12,5897485,Declining,2026-01-28,Featured Snippet,Commercial,Organic,-1,21.56,2,1,3,2
1104,data science skills,30,28,1781,68.4,10.42,115,6.46,0.38,6588207,Rising,2026-05-16,Image Pack,Informational,Organic,-2,16.46,1,1,1,5
1105,customer analytics training,65,60,953,70.2,11.41,11,1.15,0.45,2582924,Stable,2026-08-28,People Also Ask,Transactional,People Also Ask,-5,11.45,3,3,2,3
1106,sql certification,18,33,646,67,5.48,85,13.16,0.74,7821774,Stable,2026-02-13,Video,Commercial,Featured Snippet,15,18.19,2,2,2,4
1107,business intelligence training,86,80,13788,69.4,5.97,80,0.58,0.57,3160154,Rising,2026-02-07,Video,Informational,Organic,-6,36.9,1,1,1,4
1108,customer analytics tutorial,9,13,2747,76.1,3.21,446,16.24,0.41,7955773,Declining,2026-06-16,Reviews,Commercial,People Also Ask,4,21.27,2,3,3,6
1109,digital marketing templates,30,25,1053,10.9,10.32,85,8.07,0.75,4214677,Stable,2026-07-22,Video,Commercial,Organic,-5,33.12,2,1,2,4
1110,sql best practices,45,35,877,83.3,11.48,25,2.85,0.83,1840074,Stable,2026-07-05,Reviews,Informational,Organic,-10,8.27,1,1,2,6
1111,business intelligence interview questions,91,100,3875,61.3,7.88,63,1.63,0.35,5220465,Rising,2026-08-22,Image Pack,Commercial,Organic,9,20.18,2,1,1,5
1112,customer analytics guide,80,83,7983,56.9,6.27,71,0.89,0.7,675182,Declining,2026-06-11,Video,Commercial,Organic,3,29.28,2,1,3,4
1113,data science certification,36,47,3530,30.3,2.94,225,6.37,0.98,4415486,Declining,2026-05-10,Featured Snippet,Informational,Video,11,31.32,1,4,3,2
1114,customer analytics training,76,75,532,29.1,9.55,3,0.56,0.66,4487703,Rising,2026-03-22,Image Pack,Informational,Organic,-1,22.63,1,1,1,5
1115,marketing analytics tutorial,92,95,6734,23.4,1.63,65,0.97,0.27,7133916,Rising,2026-09-25,Video,Commercial,Organic,3,36.88,2,1,1,4
1116,power bi course,66,77,13413,79.4,11.05,267,1.99,0.16,4472380,Declining,2026-04-07,People Also Ask,Informational,Organic,11,33.91,1,1,3,3
1117,power bi training,71,65,1732,61.3,1.2,18,1.04,0.5,3484893,Stable,2026-03-12,Featured Snippet,Informational,Organic,-6,15.61,1,1,2,2
1118,dashboard skills,87,97,144,25.9,9.32,0,0,0.43,1622559,Stable,2026-05-23,People Also Ask,Navigational,Organic,10,22.52,4,1,2,3
1119,mysql tools,43,28,13180,44.6,10.78,401,3.04,0.12,7258899,Stable,2026-07-09,People Also Ask,Transactional,Organic,-15,44.44,3,1,2,3
1120,machine learning project,1,11,3237,18,7.45,1022,31.57,0.78,3861583,Stable,2026-01-08,People Also Ask,Transactional,Featured Snippet,10,47.84,3,2,2,3
1121,tableau best practices,71,62,1087,40.2,8.76,14,1.29,0.42,3781084,Rising,2026-04-30,Image Pack,Commercial,Organic,-9,20.79,2,1,1,5
1122,dashboard certification,61,62,13947,48.8,7.45,215,1.54,0.61,1608758,Stable,2026-02-09,Image Pack,Commercial,Organic,1,43.91,2,1,2,5
1123,reporting training,17,2,158,80.5,9.22,23,14.56,0.64,4703035,Declining,2026-04-06,Video,Informational,Image,-15,13.91,1,5,3,4
1124,customer analytics course,98,100,7663,21.1,1.06,59,0.77,0.35,7667227,Stable,2026-08-22,People Also Ask,Transactional,Organic,2,39.31,3,1,2,3
1125,python pandas free,38,35,6635,16,6.59,349,5.26,0.19,916836,Stable,2026-07-26,Featured Snippet,Commercial,Organic,-3,41.19,2,1,2,2
1126,python pandas templates,62,57,5556,45.9,9.77,151,2.72,0.3,5905007,Rising,2026-03-09,Sitelinks,Transactional,Organic,-5,28.72,3,1,1,1
1127,seo analytics software,63,74,92,72.4,1.69,1,1.09,0.84,3063917,Declining,2026-01-10,Reviews,Informational,Organic,11,9.04,1,1,3,6
1128,machine learning skills,53,46,102,26.9,1.8,2,1.96,0.22,1471049,Stable,2026-06-17,Reviews,Transactional,Organic,-7,23.18,3,1,2,6
1129,power bi tools,63,64,16340,75.3,2.36,354,2.17,0.28,1262747,Stable,2026-07-19,Image Pack,Navigational,Featured Snippet,1,41.05,4,2,2,5
1130,content marketing course,62,49,125,85.4,7.77,1,0.8,0.16,3100051,Rising,2026-04-02,None,Commercial,People Also Ask,-13,5.05,2,3,1,7
1131,sql skills,24,22,244,13.5,4.48,27,11.07,0.46,6602360,Rising,2026-01-23,Sitelinks,Commercial,People Also Ask,-2,32.33,2,3,1,1
1132,dashboard skills,88,73,136,30.5,8.47,1,0.74,0.52,6324619,Stable,2026-06-17,Reviews,Informational,People Also Ask,-15,21.51,1,3,2,6
1133,python pandas advanced,67,66,2230,55.8,10.41,25,1.12,0.29,7661089,Stable,2026-07-31,None,Transactional,Image,-1,18.29,3,5,2,7
1134,marketing analytics salary,61,52,1267,16.6,10.84,20,1.58,0.29,554150,Stable,2026-07-26,Featured Snippet,Commercial,Organic,-9,28.38,2,1,2,2
1135,seo analytics dashboard,94,90,2637,71.1,9.92,24,0.91,0.45,671708,Declining,2026-08-11,Sitelinks,Transactional,Organic,-4,14.4,3,1,3,1
1136,dashboard for beginners,29,36,1323,84.5,6.14,116,8.77,0.35,1977241,Declining,2026-06-02,Video,Navigational,Organic,7,11.95,4,1,3,4
1137,keyword research skills,7,6,4046,66.4,4.84,787,19.45,0.13,7695183,Rising,2026-04-04,Reviews,Transactional,Organic,-1,28.48,3,1,1,6
1138,customer analytics skills,99,94,145,60.3,3.85,0,0,0.15,2021853,Declining,2026-02-21,Video,Transactional,Video,-5,12.2,3,4,3,4
1139,excel templates,88,73,464,33.6,11.32,4,0.86,0.71,1511882,Rising,2026-07-09,Featured Snippet,Informational,Video,-15,21.3,1,4,1,2
1140,digital marketing tools,88,78,132,63.3,2.35,2,1.52,0.9,2987286,Declining,2026-01-06,Featured Snippet,Transactional,Featured Snippet,-10,12.08,3,2,3,2
1141,power bi tools,41,29,1275,67.6,2.36,70,5.49,0.67,5553870,Rising,2026-06-23,Sitelinks,Commercial,Organic,-12,15.18,2,1,1,1
1142,data science certification,98,97,15009,20.3,7.22,51,0.34,0.75,5457756,Stable,2026-04-29,Reviews,Transactional,Organic,-1,53.93,3,1,2,6
1143,data analyst guide,37,52,13625,87.6,9.32,628,4.61,0.59,223432,Stable,2026-01-17,Featured Snippet,Commercial,Organic,15,33.26,2,1,2,2
1144,seo analytics tools,10,12,1138,82.8,11.47,195,17.14,0.63,7156873,Declining,2026-07-03,People Also Ask,Transactional,Organic,2,16.54,3,1,3,3
1145,content marketing advanced,44,33,95,15.7,0.9,3,3.16,0.59,5224177,Stable,2026-08-08,None,Commercial,Organic,-11,27.16,2,1,2,7
1146,google analytics interview questions,62,55,124,81.6,11.95,2,1.61,0.17,7140154,Rising,2026-04-10,Image Pack,Transactional,Organic,-7,6.62,3,1,1,5
1147,content marketing training,3,1,2087,40.2,10.21,493,23.62,0.25,5136488,Declining,2026-02-07,Video,Informational,Organic,-2,34.66,1,1,3,4
1148,digital marketing salary,51,41,774,53,2.37,13,1.68,0.94,5679160,Rising,2026-04-24,People Also Ask,Informational,Organic,-10,16.53,1,1,1,3
1149,data analyst tutorial,74,60,15918,43.7,8.19,128,0.8,0.77,4419908,Declining,2026-09-19,People Also Ask,Informational,Organic,-14,48.96,1,1,3,3
1150,excel tools,50,47,2561,20.9,11.14,69,2.69,0.95,7403531,Stable,2026-08-19,People Also Ask,Transactional,People Also Ask,-3,30.25,3,3,2,3
1151,sql jobs,76,84,9917,34.9,4.86,108,1.09,0.44,6472033,Rising,2026-01-05,Reviews,Informational,Organic,8,39.83,1,1,1,6
1152,marketing analytics jobs,10,3,4164,81.2,8.4,913,21.93,0.16,6448994,Declining,2026-04-26,Reviews,Transactional,Organic,-7,25.59,3,1,3,6
1153,business intelligence best practices,90,100,384,73.6,8.76,2,0.52,0.91,6328275,Stable,2026-09-08,Reviews,Informational,Organic,10,8.96,1,1,2,6
1154,excel best practices,14,23,210,26.9,4.58,24,11.43,0.6,2640989,Stable,2026-08-29,Featured Snippet,Transactional,Organic,9,28.43,3,1,2,2
1155,customer analytics online,6,13,122,71.9,11.02,31,25.41,0.71,6893024,Rising,2026-07-12,Image Pack,Navigational,Organic,7,22.2,4,1,1,5
1156,dashboard free,23,33,4466,86.9,3.87,305,6.83,0.53,1511346,Stable,2026-03-25,Sitelinks,Informational,Organic,10,16.44,1,1,2,1
1157,reporting project,69,58,16183,88.4,1.8,240,1.48,0.13,2374207,Declining,2026-04-19,Reviews,Informational,Featured Snippet,-11,36.44,1,2,3,6
1158,marketing analytics certification,9,7,1656,66.8,8.47,365,22.04,0.74,1195129,Stable,2026-01-26,People Also Ask,Navigational,Organic,-2,24.98,4,1,2,3
1159,machine learning salary,17,24,3145,78,1.7,354,11.26,0.72,523144,Stable,2026-03-08,Image Pack,Informational,Organic,7,18.85,1,1,2,5
1160,power bi best practices,33,30,561,88.7,0.88,35,6.24,0.93,3631768,Stable,2026-07-23,Image Pack,Informational,Organic,-3,7.83,1,1,2,5
1161,python pandas tools,88,73,9759,57.9,5.11,156,1.6,0.75,3863476,Stable,2026-01-21,None,Navigational,Organic,-15,32.88,4,1,2,7
1162,marketing analytics dashboard,16,31,88,77.4,8.95,9,10.23,0.41,1465178,Stable,2026-04-14,Sitelinks,Informational,Organic,15,12.4,1,1,2,1
1163,power bi software,52,54,2067,43.4,11.64,61,2.95,0.87,516519,Rising,2026-07-21,Featured Snippet,Informational,Organic,2,22.66,1,1,1,2
1164,google analytics software,47,33,1106,72.3,9.44,23,2.08,0.96,3253826,Rising,2026-06-06,Image Pack,Transactional,Organic,-14,11.62,3,1,1,5
1165,dashboard best practices,45,30,1153,40.2,5.55,27,2.34,0.18,7080100,Rising,2026-06-01,Featured Snippet,Informational,Featured Snippet,-15,21.48,1,2,1,2
1166,python pandas skills,84,86,16639,63.9,1.4,181,1.09,0.88,506468,Stable,2026-02-20,Reviews,Commercial,Organic,2,44.49,2,1,2,6
1167,machine learning project,92,79,13446,64.6,3.31,74,0.55,0.28,1245027,Declining,2026-05-25,Video,Navigational,Organic,-13,37.65,4,1,3,4
1168,content marketing tutorial,47,49,685,30.9,2.59,27,3.94,0.28,813747,Declining,2026-09-28,Video,Informational,Organic,2,24.19,1,1,3,4
1169,digital marketing software,60,69,17519,65.2,8.17,384,2.19,0.43,5754429,Stable,2026-05-18,Reviews,Transactional,Video,9,46.44,3,4,2,6
1170,keyword research dashboard,47,62,804,55.1,11.9,21,2.61,0.73,6259981,Stable,2026-02-02,Video,Informational,Organic,15,16.46,1,1,2,4
1171,sql jobs,44,38,1073,65.8,0.29,41,3.82,0.63,7531189,Stable,2026-06-24,Featured Snippet,Transactional,Organic,-6,14.43,3,1,2,2
1172,keyword research software,74,71,1822,45.7,1.53,23,1.26,0.87,2354234,Rising,2026-03-02,People Also Ask,Informational,Organic,-3,20.58,1,1,1,3
1173,seo analytics tutorial,86,100,1155,56.7,3.12,21,1.82,0.82,2547779,Rising,2026-06-08,Featured Snippet,Transactional,Organic,14,16.25,3,1,1,2
1174,dashboard best practices,29,35,2574,86.9,8.23,167,6.49,0.7,1151458,Declining,2026-07-02,Featured Snippet,Informational,Organic,6,12.5,1,1,3,2
1175,content marketing for beginners,58,45,4482,22.5,4.48,100,2.23,0.89,3576975,Declining,2026-08-24,People Also Ask,Informational,Organic,-13,33.35,1,1,3,3
1176,data science tutorial,15,15,919,23.1,7.85,97,10.55,0.55,6413734,Declining,2026-03-17,Featured Snippet,Navigational,Organic,0,30.51,4,1,3,2
1177,python pandas advanced,56,53,11120,25.1,5.72,233,2.1,0.66,563802,Stable,2026-07-02,None,Informational,Organic,-3,45.7,1,1,2,7
1178,customer analytics tools,4,18,1391,51.5,11.81,422,30.34,0.5,5522863,Stable,2026-02-03,People Also Ask,Informational,Organic,14,33.46,1,1,2,3
1179,business intelligence certification,55,40,7286,87.4,8.37,161,2.21,0.77,4326875,Stable,2026-02-14,Video,Navigational,Video,-15,19.44,4,4,2,4
1180,business intelligence certification,26,23,7536,66.7,6.31,731,9.7,0.08,5230027,Stable,2026-09-06,None,Informational,Organic,-3,30.14,1,1,2,7
1181,content marketing templates,46,57,14136,82.8,1.95,435,3.08,0.82,1969347,Stable,2026-09-25,Image Pack,Commercial,Organic,11,34.9,2,1,2,5
1182,content marketing free,89,96,997,28,2.87,9,0.9,0.96,3862430,Rising,2026-01-26,Image Pack,Navigational,Organic,7,24.06,4,1,1,5
1183,data visualization guide,78,78,247,74.6,9.99,1,0.4,0.06,1172514,Stable,2026-07-01,Reviews,Transactional,People Also Ask,0,8.32,3,3,2,6
1184,customer analytics training,72,78,5712,24.6,1.26,110,1.93,0.84,3590986,Stable,2026-05-15,Image Pack,Transactional,Featured Snippet,6,35,3,2,2,5
1185,data science dashboard,42,41,791,26.8,11.64,30,3.79,0.19,7627815,Declining,2026-09-18,Sitelinks,Commercial,Featured Snippet,-1,25.55,2,2,3,1
1186,seo analytics examples,20,16,6966,78.6,6.88,847,12.16,0.69,6909812,Rising,2026-07-01,Video,Informational,Organic,-4,26.74,1,1,1,4
1187,reporting skills,28,24,8814,41.2,10.03,737,8.36,0.86,2108208,Declining,2026-02-28,Image Pack,Informational,Organic,-4,39.61,1,1,3,5
1188,data science examples,14,25,563,63.5,2.9,74,13.14,0.16,4581140,Rising,2026-02-06,Featured Snippet,Transactional,Organic,11,19.06,3,1,1,2
1189,power bi online,37,43,1720,76.3,5.79,59,3.43,0.74,6367882,Rising,2026-06-13,People Also Ask,Commercial,Featured Snippet,6,12.36,2,2,1,3
1190,sql software,12,10,15972,16.2,9.24,2414,15.11,0.31,4642688,Stable,2026-07-12,Image Pack,Navigational,Organic,-2,64.94,4,1,2,5
1191,mysql for beginners,64,60,371,74.3,9.77,3,0.81,0.97,5399975,Rising,2026-09-12,Sitelinks,Informational,Organic,-4,8.88,1,1,1,1
1192,python pandas project,10,25,880,70.2,5.27,156,17.73,0.55,5248676,Stable,2026-09-25,Video,Informational,Organic,15,20.13,1,1,2,4
1193,data science free,30,17,11116,24.8,5.37,826,7.43,0.48,2845127,Stable,2026-09-29,Image Pack,Commercial,Organic,-13,48.61,2,1,2,5
1194,tableau software,31,42,16262,85.3,8.28,1221,7.51,0.34,1099247,Rising,2026-07-15,People Also Ask,Informational,Organic,11,40.74,1,1,1,3
1195,marketing analytics advanced,82,77,431,21.6,2.07,4,0.93,0.07,2923022,Declining,2026-05-20,People Also Ask,Commercial,Organic,-5,24.87,2,1,3,3
1196,seo analytics free,1,8,70,43.7,6.82,18,25.71,0.68,3595015,Stable,2026-08-18,Image Pack,Commercial,Organic,7,30.71,2,1,2,5
1197,sql best practices,26,23,1497,89.2,3.23,86,5.74,0.28,2654930,Rising,2026-04-12,Sitelinks,Commercial,Organic,-3,9.27,2,1,1,1
1198,digital marketing advanced,55,59,687,45.3,1.5,17,2.47,0.18,5628374,Rising,2026-04-16,Sitelinks,Commercial,Organic,4,19.09,2,1,1,1
1199,data analyst jobs,48,44,162,22.9,5.08,3,1.85,0.98,6855937,Stable,2026-09-26,Image Pack,Transactional,People Also Ask,-4,24.44,3,3,2,5
1200,keyword research templates,51,47,989,44.8,3.72,20,2.02,0.9,7402096,Stable,2026-06-07,Reviews,Informational,Organic,-4,19.6,1,1,2,6
1201,seo analytics templates,16,13,10796,57.1,9.09,1574,14.58,0.86,2351145,Stable,2026-04-26,Image Pack,Transactional,People Also Ask,-3,42.09,3,3,2,5
1202,digital marketing course,68,77,15428,66,2.22,189,1.23,0.52,1200768,Stable,2026-04-22,Image Pack,Commercial,Organic,9,41.53,2,1,2,5
1203,marketing analytics advanced,35,23,648,87.4,11.97,34,5.25,0.11,1552029,Declining,2026-01-23,Video,Informational,Video,-12,7.86,1,4,3,4
1204,marketing analytics software,25,19,14361,43,4.17,1006,7.01,0.78,490880,Rising,2026-06-04,People Also Ask,Commercial,People Also Ask,-6,49.38,2,3,1,3
1205,google analytics tools,19,27,6851,14.4,0.52,987,14.41,0.15,6274524,Rising,2026-08-25,People Also Ask,Transactional,People Also Ask,8,46.97,3,3,1,3
1206,marketing analytics templates,51,42,1661,60.2,10.11,53,3.19,0.45,6488082,Declining,2026-04-22,Sitelinks,Informational,Organic,-9,16.94,1,1,3,1
1207,seo analytics dashboard,34,41,1466,27.7,1.06,89,6.07,0.1,1796687,Declining,2026-04-08,None,Informational,Video,7,27.84,1,4,3,7
1208,python pandas tutorial,32,23,1020,24.6,5,46,4.51,0.27,3715945,Stable,2026-09-16,Reviews,Commercial,People Also Ask,-9,27.05,2,3,2,6
1209,google analytics for beginners,4,1,6270,89.1,7.88,1946,31.04,0.58,2388522,Stable,2026-01-26,Featured Snippet,Transactional,Organic,-3,32.26,3,1,2,2
1210,data science interview questions,37,24,2653,89.5,3.76,102,3.84,0.26,6392725,Declining,2026-01-25,Featured Snippet,Informational,Organic,-13,10.47,1,1,3,2
1211,digital marketing best practices,51,46,506,36.9,10.49,12,2.37,0.24,4258448,Rising,2026-04-30,Sitelinks,Informational,Organic,-5,21.2,1,1,1,1
1212,google analytics advanced,14,5,1051,28.4,2.79,150,14.27,0.11,5599612,Stable,2026-08-08,None,Commercial,Video,-9,31.16,2,4,2,7
1213,data analyst interview questions,55,44,3380,37.8,9.8,74,2.19,0.21,5205688,Rising,2026-02-10,Featured Snippet,Navigational,Featured Snippet,-11,26.55,4,2,1,2
1214,customer analytics examples,63,53,576,31.7,11.03,8,1.39,0.56,3775930,Declining,2026-01-09,Sitelinks,Commercial,Organic,-10,22.37,2,1,3,1
1215,data visualization salary,38,24,1111,75.1,8.72,48,4.32,0.88,3808045,Stable,2026-02-22,None,Navigational,Organic,-14,11.98,4,1,2,7
1216,data science skills,34,32,227,76.6,11.24,10,4.41,0.41,5190586,Rising,2026-08-14,Featured Snippet,Transactional,Organic,-2,9.82,3,1,1,2
1217,python pandas skills,65,77,165,35.3,0.67,4,2.42,0.37,3274782,Stable,2026-05-11,Image Pack,Transactional,Organic,12,21.03,3,1,2,5
1218,machine learning free,32,37,812,71.6,1.1,36,4.43,0.13,567740,Stable,2026-09-20,Sitelinks,Informational,Organic,5,12.49,1,1,2,1
1219,customer analytics best practices,96,100,116,81.3,10.81,0,0,0.82,2472514,Rising,2026-04-26,Image Pack,Informational,Organic,4,5.84,1,1,1,5
1220,reporting templates,33,40,1237,35.5,10.65,74,5.98,0.21,1308418,Stable,2026-07-18,Reviews,Informational,Organic,7,24.99,1,1,2,6
1221,mysql jobs,21,6,1950,22,1.53,213,10.92,0.69,2233250,Declining,2026-07-15,None,Navigational,Video,-15,33.09,4,4,3,7
1222,data analyst for beginners,26,17,906,45.4,10.88,67,7.4,0.54,4166881,Stable,2026-06-19,Sitelinks,Informational,Organic,-9,22.12,1,1,2,1
1223,data visualization course,48,52,11571,50.6,4.32,428,3.7,0.23,5518593,Stable,2026-04-04,Video,Commercial,Organic,4,39.79,2,1,2,4
1224,data visualization templates,95,90,1726,24.8,11.07,18,1.04,0.2,2997803,Rising,2026-08-03,Sitelinks,Transactional,Organic,-5,26.55,3,1,1,1
1225,sql salary,78,67,115,55.8,11.14,0,0,0.12,7407672,Declining,2026-07-30,Featured Snippet,Informational,Organic,-11,13.49,1,1,3,2
1226,keyword research advanced,52,44,1742,63.5,9.79,38,2.18,0.64,2513940,Stable,2026-04-03,Sitelinks,Commercial,Organic,-8,15.57,2,1,2,1
1227,digital marketing templates,66,51,14018,37.2,2.5,217,1.55,0.56,6840399,Rising,2026-04-25,Reviews,Transactional,Organic,-15,47.53,3,1,1,6
1228,sql jobs,20,8,623,39.8,3.69,83,13.32,0.72,4398945,Declining,2026-08-02,Image Pack,Commercial,Organic,-12,26.39,2,1,3,5
1229,data analyst certification,98,100,214,31,6.54,2,0.93,0.76,6729939,Stable,2026-01-22,None,Informational,Organic,2,21.62,1,1,2,7
1230,marketing analytics free,57,62,5181,76.6,6.35,156,3.01,0.65,2397798,Declining,2026-06-09,None,Transactional,Organic,5,18.92,3,1,3,7
1231,python pandas dashboard,38,44,389,21.3,11.18,15,3.86,0.23,333440,Stable,2026-01-24,People Also Ask,Informational,Organic,6,26.44,1,1,2,3
1232,business intelligence certification,37,45,4069,83.4,6.91,252,6.19,0.13,6929066,Stable,2026-07-28,Image Pack,Commercial,Image,8,16.36,2,5,2,5
1233,digital marketing advanced,89,90,231,51.1,2.55,2,0.87,0.26,3569529,Stable,2026-03-28,Reviews,Informational,Organic,1,15.59,1,1,2,6
1234,business intelligence jobs,70,65,864,25.1,1.34,7,0.81,0.81,2307191,Declining,2026-05-01,Image Pack,Transactional,Video,-5,24.62,3,4,3,5
1235,customer analytics jobs,54,65,6557,72.3,9.25,115,1.75,0.55,3571125,Declining,2026-08-12,Featured Snippet,Transactional,Organic,11,22.28,3,1,3,2
1236,customer analytics dashboard,65,69,2342,80.6,2.61,44,1.88,0.75,4144133,Stable,2026-07-26,Featured Snippet,Informational,Organic,4,11.48,1,1,2,2
1237,tableau for beginners,40,55,140,16,2.03,4,2.86,0.9,5791790,Rising,2026-09-18,Reviews,Navigational,Organic,15,27,4,1,1,6
1238,data visualization interview questions,95,99,23387,52.3,4.04,381,1.63,0.71,3367272,Declining,2026-09-10,Video,Informational,Organic,4,61.67,1,1,3,4
1239,content marketing advanced,22,7,15950,53.1,1.39,1390,8.71,0.77,5045125,Stable,2026-08-16,Video,Informational,Video,-15,50.42,1,4,2,4
1240,excel software,76,74,10378,61.5,6.58,112,1.08,0.22,5469344,Declining,2026-03-19,Reviews,Informational,Organic,-2,32.76,1,1,3,6
1241,google analytics for beginners,50,59,564,38.3,9.99,12,2.13,0.34,4156392,Stable,2026-03-25,People Also Ask,Informational,Organic,9,20.76,1,1,2,3
1242,tableau course,98,97,16353,20.9,10.37,49,0.3,0.5,6165691,Stable,2026-06-05,Sitelinks,Transactional,Organic,-1,56.4,3,1,2,1
1243,google analytics free,3,5,108,57.6,3.82,24,22.22,0.38,5018894,Stable,2026-07-27,People Also Ask,Informational,Organic,2,24.76,1,1,2,3
1244,reporting online,39,27,2046,33.1,5.61,90,4.4,0.42,4735894,Declining,2026-02-24,Video,Informational,Organic,-12,26.48,1,1,3,4
1245,data analyst examples,38,33,125,23.3,7.75,7,5.6,0.36,1533030,Declining,2026-01-17,Featured Snippet,Informational,Image,-5,26.24,1,5,3,2
1246,power bi guide,52,46,5606,14.9,10.11,121,2.16,0.29,4256650,Stable,2026-01-01,Image Pack,Transactional,Organic,-6,37.83,3,1,2,5
1247,business intelligence tutorial,43,43,1166,53.3,3,42,3.6,0.83,5999400,Rising,2026-06-27,Video,Navigational,Organic,0,18.24,4,1,1,4
1248,python pandas interview questions,48,62,73,27,8.22,2,2.74,0.43,4818956,Declining,2026-07-02,Reviews,Informational,Video,14,23.5,1,4,3,6
1249,content marketing guide,38,26,4413,55.2,9.94,245,5.55,0.89,2494679,Stable,2026-01-27,Image Pack,Transactional,Video,-12,25.17,3,4,2,5
1250,data analyst certification,68,68,495,61.4,0.61,5,1.01,0.45,7130733,Rising,2026-04-29,People Also Ask,Navigational,Organic,0,13.1,4,1,1,3
1251,digital marketing salary,77,81,97,31.9,4.25,1,1.03,0.43,7349058,Rising,2026-01-20,Video,Informational,Featured Snippet,4,21.17,1,2,1,4
1252,excel skills,45,49,8042,48.2,3.92,213,2.65,0.93,1610240,Stable,2026-06-19,Featured Snippet,Informational,Organic,4,32.94,1,1,2,2
1253,seo analytics interview questions,4,1,2745,82.1,3.78,793,28.89,0.4,1938131,Stable,2026-03-29,Sitelinks,Transactional,People Also Ask,-3,26.2,3,3,2,1
1254,customer analytics training,41,26,3843,87.6,3.59,136,3.54,0.21,6665415,Declining,2026-01-29,Sitelinks,Transactional,Organic,-15,13.24,3,1,3,1
1255,data visualization tools,9,23,22417,28.9,9.39,5341,23.83,0.51,3519669,Rising,2026-05-07,Image Pack,Informational,Organic,14,78.58,1,1,1,5
1256,keyword research for beginners,42,32,554,34.4,8.24,22,3.97,0.34,3367425,Declining,2026-06-17,Video,Informational,Organic,-10,22.89,1,1,3,4
1257,sql tutorial,44,58,107,60.9,4.49,3,2.8,0.48,2300111,Rising,2026-07-07,Reviews,Informational,Featured Snippet,14,13.43,1,2,1,6
1258,seo analytics interview questions,68,76,23350,33.7,10.03,347,1.49,0.6,5678157,Declining,2026-08-24,Featured Snippet,Informational,People Also Ask,8,67.11,1,3,3,2
1259,reporting dashboard,5,1,833,52.7,2.82,164,19.69,0.13,6342619,Stable,2026-05-03,None,Commercial,Video,-4,26.33,2,4,2,7
1260,data visualization best practices,5,6,3162,81.2,9.78,695,21.98,0.21,4437779,Rising,2026-05-27,None,Commercial,Organic,1,23.62,2,1,1,7
1261,sql skills,24,12,3552,42.7,10.01,274,7.71,0.26,6534908,Stable,2026-01-26,Sitelinks,Commercial,People Also Ask,-12,28.36,2,3,2,1
1262,content marketing best practices,88,88,723,79.5,6.06,8,1.11,0.41,1468165,Declining,2026-02-03,People Also Ask,Informational,People Also Ask,0,8.18,1,3,3,3
1263,python pandas advanced,78,81,1322,60.3,5.27,20,1.51,0.62,4685901,Stable,2026-01-19,Sitelinks,Informational,Organic,3,15.34,1,1,2,1
1264,keyword research free,30,33,107,28.7,11.19,5,4.67,0.71,4414360,Stable,2026-09-25,People Also Ask,Navigational,Organic,3,24.09,4,1,2,3
1265,seo analytics guide,36,44,6217,33.8,9.06,369,5.94,0.73,4746143,Stable,2026-07-09,None,Transactional,Organic,8,35.38,3,1,2,7
1266,dashboard software,97,98,680,69.4,10.14,2,0.29,0.46,4753694,Stable,2026-02-07,None,Informational,Organic,1,10.69,1,1,2,7
1267,business intelligence templates,58,71,204,84.1,9.06,5,2.45,0.3,2764105,Rising,2026-05-17,None,Navigational,Organic,13,6.48,4,1,1,7
1268,data visualization online,51,52,151,68.1,7.73,3,1.99,0.76,6821585,Rising,2026-02-11,Image Pack,Informational,Image,1,10.93,1,5,1,5
1269,data science for beginners,11,4,1655,81,0.47,318,19.21,0.86,6780938,Stable,2026-03-27,None,Informational,Organic,-7,19.21,1,1,2,7
1270,power bi software,41,30,6515,84,7.11,274,4.21,0.13,6666659,Rising,2026-09-16,Image Pack,Transactional,Featured Snippet,-11,19.99,3,2,1,5
1271,mysql course,99,100,11074,20.1,4.86,103,0.93,0.59,6340665,Rising,2026-05-08,None,Commercial,People Also Ask,1,46.48,2,3,1,7
1272,data science project,18,23,1417,29.5,5.23,190,13.41,0.36,4373089,Rising,2026-09-15,Reviews,Informational,Organic,5,31.1,1,1,1,6
1273,power bi salary,39,30,18409,42,10.89,1035,5.62,0.55,1804004,Stable,2026-03-13,Video,Informational,Organic,-9,56.99,1,1,2,4
1274,marketing analytics templates,52,55,677,29.4,7.5,19,2.81,0.56,7808336,Declining,2026-08-09,Sitelinks,Informational,Image,3,24.02,1,5,3,1
1275,mysql training,12,17,1953,75.6,3.03,265,13.57,0.38,7042321,Rising,2026-05-29,Featured Snippet,Informational,Organic,5,18.42,1,1,1,2
1276,power bi salary,66,80,824,24.5,0.53,10,1.21,0.99,5271223,Stable,2026-06-25,Featured Snippet,Informational,Organic,14,24.93,1,1,2,2
1277,google analytics examples,33,20,21205,16.1,10.74,1379,6.5,0.95,2721972,Declining,2026-06-21,Image Pack,Transactional,Organic,-13,70.79,3,1,3,5
1278,seo analytics best practices,34,20,2061,13,8.1,90,4.37,0.97,264525,Rising,2026-08-03,Featured Snippet,Commercial,Video,-14,32.52,2,4,1,2
1279,marketing analytics certification,34,39,1173,46.3,6.44,68,5.8,0.8,7427207,Stable,2026-01-23,Video,Commercial,Organic,5,21.53,2,1,2,4
1280,reporting course,73,63,526,71.1,3.48,7,1.33,0.3,2695228,Declining,2026-02-27,None,Transactional,People Also Ask,-10,10.42,3,3,3,7
1281,keyword research for beginners,96,100,2385,49.3,5.55,24,1.01,0.96,6487143,Declining,2026-03-03,None,Informational,Organic,4,20.49,1,1,3,7
1282,digital marketing tutorial,26,20,890,70.8,10.83,59,6.63,0.49,5284816,Stable,2026-09-20,Featured Snippet,Transactional,Organic,-6,14.06,3,1,2,2
1283,seo analytics free,58,43,766,67.4,7.34,12,1.57,0.94,1705410,Declining,2026-08-03,Sitelinks,Informational,Organic,-15,12.14,1,1,3,1
1284,python pandas software,34,44,689,83.9,1,48,6.97,0.27,862941,Rising,2026-07-02,Video,Commercial,Organic,10,9.91,2,1,1,4
1285,digital marketing tools,3,1,21295,65.2,10.1,5802,27.25,0.2,3095605,Stable,2026-02-08,Sitelinks,Commercial,Organic,-2,67.28,2,1,2,1
1286,seo analytics certification,82,96,400,32.2,11.43,2,0.5,0.57,1377982,Stable,2026-05-11,None,Navigational,Organic,14,21.4,4,1,2,7
1287,data visualization jobs,48,35,3868,73.5,2.39,108,2.79,0.7,5452901,Rising,2026-02-21,Sitelinks,Commercial,Organic,-13,17.12,2,1,1,1
1288,power bi dashboard,40,37,5010,65,2.74,165,3.29,0.43,5616776,Rising,2026-03-19,None,Informational,Organic,-3,22.21,1,1,1,7
1289,machine learning guide,54,62,374,38.8,5.03,6,1.6,0.37,3911209,Rising,2026-01-31,Sitelinks,Commercial,Organic,8,19.96,2,1,1,1
1290,dashboard course,4,14,2553,46.9,2.44,707,27.69,0.21,929488,Rising,2026-07-14,Image Pack,Informational,Organic,10,35.74,1,1,1,5
1291,sql guide,64,53,391,74.3,3.2,9,2.3,0.31,3378598,Rising,2026-09-11,Sitelinks,Commercial,Organic,-11,9.71,2,1,1,1
1292,sql free,1,1,914,42.6,11.8,225,24.62,0.33,6883262,Declining,2026-03-09,Featured Snippet,Informational,Organic,0,32.14,1,1,3,2
1293,google analytics course,19,14,425,57,9.11,53,12.47,0.93,5897317,Stable,2026-06-06,Reviews,Transactional,Featured Snippet,-5,20.38,3,2,2,6
1294,data science jobs,49,53,84,24.6,7.77,1,1.19,0.92,3868533,Rising,2026-08-27,Image Pack,Transactional,Featured Snippet,4,23.42,3,2,1,5
1295,data analyst salary,35,50,1918,38.7,6.57,67,3.49,0.15,4684785,Rising,2026-02-16,Featured Snippet,Transactional,Organic,15,24.06,3,1,1,2
1296,google analytics project,94,98,6597,30.4,6.76,103,1.56,0.53,3486147,Rising,2026-07-14,Sitelinks,Navigational,Organic,4,34.83,4,1,1,1
1297,digital marketing project,59,52,105,28.5,9.89,1,0.95,0.58,4660719,Stable,2026-03-08,Sitelinks,Commercial,Organic,-7,22.16,2,1,2,1
1298,google analytics advanced,95,100,6766,71.5,11.32,41,0.61,0.74,1197288,Rising,2026-06-16,Featured Snippet,Informational,Organic,5,22.33,1,1,1,2
1299,tableau examples,58,73,105,19.4,6.97,1,0.95,0.46,1354666,Declining,2026-03-28,Sitelinks,Navigational,Organic,15,24.89,4,1,3,1
1300,data science salary,2,1,1051,26.7,2.77,211,20.08,0.54,2139601,Rising,2026-07-26,Video,Informational,Organic,-1,34.77,1,1,1,4
1301,data analyst course,67,68,9901,55.5,1.26,116,1.17,0.05,4721231,Declining,2026-02-17,Video,Commercial,Featured Snippet,1,33.66,2,2,3,4
1302,python pandas training,18,24,2523,46.5,10.01,386,15.3,0.59,3786682,Stable,2026-01-23,Video,Informational,Featured Snippet,6,29.21,1,2,2,4
1303,keyword research project,70,81,271,79.3,6.66,3,1.11,0.28,595165,Declining,2026-09-21,People Also Ask,Commercial,Organic,11,7.34,2,1,3,3
1304,excel certification,93,100,1093,16.6,1.33,13,1.19,0.67,4531308,Stable,2026-05-13,People Also Ask,Commercial,Featured Snippet,7,27.83,2,2,2,3
1305,seo analytics salary,3,1,10582,77.8,0.34,2520,23.81,0.27,3420408,Rising,2026-06-14,Video,Navigational,Organic,-2,40.37,4,1,1,4
1306,digital marketing project,75,88,16044,42.4,5.41,187,1.17,0.57,2282573,Stable,2026-01-09,None,Informational,Featured Snippet,13,49.8,1,2,2,7
1307,sql online,20,34,578,51.1,7.24,81,14.01,0.19,7147326,Rising,2026-09-29,People Also Ask,Commercial,Organic,14,23.28,2,1,1,3
1308,digital marketing skills,18,17,1002,38.7,11.66,97,9.68,0.92,2886638,Stable,2026-01-05,People Also Ask,Informational,Organic,-1,25.53,1,1,2,3
1309,customer analytics salary,71,78,1162,19.3,5.14,8,0.69,0.64,2753439,Stable,2026-05-27,Reviews,Transactional,Organic,7,26.89,3,1,2,6
1310,power bi tutorial,60,64,426,31.2,5.02,4,0.94,0.28,1317929,Rising,2026-02-15,Reviews,Transactional,Video,4,21.99,3,4,1,6
1311,business intelligence salary,73,81,11988,38.1,1.68,155,1.29,0.55,3119237,Stable,2026-08-08,Video,Transactional,Organic,8,43.09,3,1,2,4
1312,digital marketing project,49,57,137,34.4,2.3,3,2.19,0.98,6846615,Rising,2026-01-13,Sitelinks,Commercial,Organic,8,21.12,2,1,1,1
1313,data analyst software,64,72,22661,88.6,11.58,389,1.72,0.29,2927834,Declining,2026-02-12,Video,Navigational,Organic,8,49.39,4,1,3,4
1314,data visualization skills,97,85,21160,76.1,8.08,111,0.52,0.05,3257480,Stable,2026-07-18,People Also Ask,Navigational,Featured Snippet,-12,49.52,4,2,2,3
1315,python pandas salary,36,23,10524,80.7,5.02,531,5.05,0.84,6362833,Rising,2026-08-28,None,Informational,Organic,-13,29.4,1,1,1,7
1316,power bi dashboard,47,32,98,84.6,9.71,2,2.04,0.98,7793723,Rising,2026-06-10,None,Informational,Organic,-15,5.9,1,1,1,7
1317,power bi project,93,91,22099,53.8,11.38,108,0.49,0.65,6779117,Stable,2026-07-02,Featured Snippet,Informational,Organic,-2,58.06,1,1,2,2
1318,data visualization course,52,58,16082,32.6,9.86,352,2.19,0.72,4045849,Rising,2026-02-11,Image Pack,Informational,Organic,6,53.36,1,1,1,5
1319,tableau training,40,32,1761,73.1,6.11,94,5.34,0.73,4320233,Rising,2026-08-03,Image Pack,Informational,Organic,-8,14.41,1,1,1,5
1320,digital marketing course,45,57,254,89.4,2.34,9,3.54,0.34,5320789,Rising,2026-04-06,Featured Snippet,Transactional,Organic,12,5.57,3,1,1,2
1321,google analytics tutorial,40,44,24583,43.9,9.92,754,3.07,0.72,5206508,Stable,2026-01-28,Sitelinks,Informational,Organic,4,67.34,1,1,2,1
1322,business intelligence certification,77,76,6398,59.8,10.97,33,0.52,0.31,7519195,Rising,2026-09-01,None,Informational,Organic,-1,25.06,1,1,1,7
1323,data science certification,76,87,3700,54.4,0.74,68,1.84,0.76,7096027,Rising,2026-07-01,Reviews,Transactional,Image,11,22.02,3,5,1,6
1324,power bi online,34,22,9228,77.6,7.71,486,5.27,0.39,273519,Rising,2026-04-16,Video,Informational,Organic,-12,27.87,1,1,1,4
1325,data visualization certification,3,3,545,64.1,10.08,104,19.08,0.18,3850259,Stable,2026-04-27,Video,Informational,Organic,0,22.01,1,1,2,4
1326,tableau course,71,78,3888,59.2,11.72,46,1.18,0.69,7057099,Stable,2026-07-16,People Also Ask,Commercial,Featured Snippet,7,20.6,2,2,2,3
1327,customer analytics dashboard,63,58,582,80.3,6.8,8,1.37,0.22,2437008,Rising,2026-07-07,None,Informational,People Also Ask,-5,7.8,1,3,1,7
1328,marketing analytics tutorial,2,1,10557,79.5,2.49,2515,23.82,0.42,1652538,Declining,2026-03-04,Video,Commercial,Featured Snippet,-1,39.82,2,2,3,4
1329,google analytics templates,86,95,2172,77.8,3.26,19,0.87,0.8,5521474,Stable,2026-08-12,Image Pack,Commercial,Organic,9,11.44,2,1,2,5
1330,content marketing salary,12,7,121,77.1,10.76,19,15.7,0.05,7436400,Rising,2026-07-06,Sitelinks,Navigational,Image,-5,15.47,4,5,1,1
1331,marketing analytics examples,21,15,953,65.6,7.52,107,11.23,0.32,6871179,Stable,2026-04-23,Sitelinks,Informational,Video,-6,18.19,1,4,2,1
1332,tableau templates,10,21,92,28.3,1.94,12,13.04,0.5,3044881,Declining,2026-07-18,Reviews,Informational,Organic,11,28.63,1,1,3,6
1333,machine learning training,86,98,10430,28.6,6.69,52,0.5,0.82,7067622,Rising,2026-09-13,Video,Informational,Image,12,42.42,1,5,1,4
1334,data science online,75,85,2597,19.8,5.78,30,1.16,0.77,6940973,Rising,2026-02-09,Video,Navigational,Organic,10,29.84,4,1,1,4
1335,excel salary,30,33,1853,49.8,1.36,96,5.18,0.85,5188036,Stable,2026-08-25,Featured Snippet,Informational,Organic,3,21.5,1,1,2,2
1336,python pandas project,38,36,23216,39.6,3.51,1105,4.76,0.08,704331,Rising,2026-08-24,Featured Snippet,Informational,Organic,-2,66.81,1,1,1,2
1337,excel software,50,60,1228,48.5,11.94,36,2.93,0.73,1888801,Stable,2026-06-07,Featured Snippet,Commercial,Featured Snippet,10,19.45,2,2,2,2
1338,mysql project,10,21,1052,35.9,5.62,141,13.4,0.58,2792180,Stable,2026-07-21,Reviews,Commercial,Image,11,28.45,2,5,2,6
1339,mysql jobs,72,73,1397,45.9,5.26,12,0.86,0.89,5528902,Rising,2026-02-04,None,Transactional,Organic,1,19.47,3,1,1,7
1340,keyword research dashboard,94,96,2066,65.3,4.43,12,0.58,0.46,4130807,Stable,2026-01-27,Video,Transactional,Organic,2,14.83,3,1,2,4
1341,digital marketing online,67,64,9404,24.1,8.39,201,2.14,0.29,2905454,Rising,2026-09-26,None,Commercial,Organic,-3,42.61,2,1,1,7
1342,business intelligence advanced,54,62,273,36.2,10.27,5,1.83,0.06,1696446,Stable,2026-06-14,Video,Commercial,Featured Snippet,8,20.66,2,2,2,4
1343,marketing analytics templates,60,60,16871,30.4,5.35,261,1.55,0.08,6683153,Stable,2026-03-17,None,Informational,Organic,0,55.25,1,1,2,7
1344,google analytics salary,59,67,660,66.5,2.27,13,1.97,0.15,785087,Stable,2026-07-09,Reviews,Transactional,Organic,8,12.41,3,1,2,6
1345,excel free,14,12,370,33.6,7.48,43,11.62,0.3,4509400,Stable,2026-04-30,Sitelinks,Informational,Video,-2,26.84,1,4,2,1
1346,tableau advanced,2,1,10396,24.3,0.55,2735,26.31,0.95,4635383,Stable,2026-02-18,People Also Ask,Informational,Organic,-1,57.38,1,1,2,3
1347,data science tools,8,6,3588,15.7,5.68,547,15.25,0.25,7982779,Stable,2026-04-10,Video,Transactional,Organic,-2,40.54,3,1,2,4
1348,keyword research course,5,1,6710,24.8,10.05,1942,28.94,0.4,1946238,Rising,2026-08-14,Featured Snippet,Commercial,Featured Snippet,-4,51.3,2,2,1,2
1349,tableau training,72,57,4278,55,8.95,63,1.47,0.11,7071615,Stable,2026-06-16,Sitelinks,Commercial,Organic,-15,22.79,2,1,2,1
1350,reporting training,17,16,14590,70.6,2.33,1554,10.65,0.59,6613522,Rising,2026-01-25,People Also Ask,Navigational,Organic,-1,43.5,4,1,1,3
1351,tableau tutorial,17,28,2405,46.2,7.82,306,12.72,0.21,5227265,Stable,2026-04-16,Image Pack,Commercial,Organic,11,27.69,2,1,2,5
1352,dashboard software,3,2,12607,78.7,5.33,3242,25.72,0.52,3034425,Stable,2026-01-12,Featured Snippet,Informational,Organic,-1,45.14,1,1,2,2
1353,excel advanced,22,26,81,71.7,10.87,10,12.35,0.88,2057933,Rising,2026-05-13,Image Pack,Commercial,Organic,4,15.22,2,1,1,5
1354,machine learning jobs,21,17,698,23.9,11.5,53,7.59,0.19,3119068,Stable,2026-06-19,People Also Ask,Transactional,Organic,-4,28.26,3,1,2,3
1355,reporting training,44,38,1886,64.6,0.59,76,4.03,0.81,6506581,Rising,2026-04-17,Image Pack,Informational,Featured Snippet,-6,16.51,1,2,1,5
1356,business intelligence jobs,38,50,780,23.1,5.24,31,3.97,0.38,6023644,Stable,2026-04-29,Sitelinks,Informational,Image,12,26.73,1,5,2,1
1357,digital marketing examples,12,2,5922,72.4,9.07,1188,20.06,0.63,4995346,Declining,2026-03-02,Featured Snippet,Informational,Organic,-10,30.73,1,1,3,2
1358,business intelligence tools,62,61,1111,32.2,0.97,11,0.99,0.78,2291973,Rising,2026-04-15,Video,Informational,Image,-1,23.08,1,5,1,4
1359,excel advanced,17,7,2024,66.2,1.38,285,14.08,0.17,3503707,Declining,2026-08-31,People Also Ask,Informational,People Also Ask,-10,21.66,1,3,3,3
1360,google analytics examples,50,38,595,81.2,5.22,18,3.03,0.07,4654438,Rising,2026-09-30,People Also Ask,Informational,Organic,-12,8.44,1,1,1,3
1361,power bi dashboard,22,29,148,65.3,10.35,12,8.11,0.3,5814403,Rising,2026-02-23,People Also Ask,Informational,People Also Ask,7,15.02,1,3,1,3
1362,marketing analytics interview questions,63,77,8181,21.2,5.7,172,2.1,0.75,6907762,Rising,2026-02-17,Image Pack,Commercial,Organic,14,41.02,2,1,1,5
1363,digital marketing skills,90,100,6269,57.3,8.88,85,1.36,0.56,4042577,Stable,2026-07-15,None,Commercial,Image,10,26,2,5,2,7
1364,machine learning jobs,76,79,5004,17.6,10.5,71,1.42,0.49,4434633,Rising,2026-08-10,People Also Ask,Informational,Organic,3,35.42,1,1,1,3
1365,marketing analytics software,95,96,4172,69.1,2.23,57,1.37,0.72,3927042,Stable,2026-03-30,Sitelinks,Transactional,Organic,1,18.29,3,1,2,1
1366,data science salary,85,88,476,83.9,10.37,5,1.05,0.4,6328737,Stable,2026-03-23,Featured Snippet,Informational,Organic,3,6.34,1,1,2,2
1367,excel for beginners,24,20,22627,84.7,4.99,2645,11.69,0.47,4509270,Rising,2026-05-09,Featured Snippet,Commercial,Organic,-4,55.8,2,1,1,2
1368,data visualization jobs,32,46,761,55.6,2.27,30,3.94,0.71,3456542,Rising,2026-08-16,Sitelinks,Informational,Organic,14,16.93,1,1,1,1
1369,digital marketing skills,7,22,7623,25.5,0.99,1802,23.64,0.07,2006474,Rising,2026-02-13,Image Pack,Informational,Organic,15,50.09,1,1,1,5
1370,business intelligence for beginners,80,70,406,76.9,1.31,5,1.23,0.85,5619657,Stable,2026-01-11,Image Pack,Informational,Organic,-10,8.39,1,1,2,5
1371,power bi skills,52,45,1555,64.8,5.13,44,2.83,0.46,1212432,Rising,2026-09-27,Reviews,Navigational,Organic,-7,15.16,4,1,1,6
1372,dashboard skills,30,29,419,43.9,5.45,21,5.01,0.26,1068328,Declining,2026-04-12,None,Informational,Organic,-1,20.33,1,1,3,7
1373,reporting examples,37,44,275,34,11.28,12,4.36,0.31,6573593,Rising,2026-04-11,Video,Informational,Organic,7,22.67,1,1,1,4
1374,google analytics online,47,47,2652,70.2,5.18,101,3.81,0.62,1604473,Declining,2026-05-23,Video,Transactional,Organic,0,16.24,3,1,3,4
1375,keyword research certification,66,68,2141,16.9,10.19,37,1.73,0.21,5639199,Rising,2026-03-28,People Also Ask,Commercial,Organic,2,30.11,2,1,1,3
1376,digital marketing examples,10,19,2453,31.5,5.26,369,15.04,0.82,4666276,Stable,2026-01-06,Featured Snippet,Informational,Organic,9,33.43,1,1,2,2
1377,customer analytics software,96,88,2578,20.9,6.8,10,0.39,0.21,4222598,Stable,2026-05-17,Sitelinks,Commercial,Image,-8,29.06,2,5,2,1
1378,data analyst templates,44,36,6560,60.1,3.89,214,3.26,0.14,5863681,Rising,2026-01-09,None,Transactional,Organic,-8,26.75,3,1,1,7
1379,machine learning free,69,56,1170,14,5.97,18,1.54,0.14,1932606,Stable,2026-09-25,People Also Ask,Informational,Organic,-13,28.95,1,1,2,3
1380,google analytics guide,11,13,3870,87,4.35,816,21.09,0.85,1224714,Declining,2026-04-30,Video,Commercial,People Also Ask,2,22.82,2,3,3,4
1381,sql software,85,79,13697,39.8,6.31,119,0.87,0.11,3731929,Declining,2026-03-27,Image Pack,Transactional,Organic,-6,45.75,3,1,3,5
1382,marketing analytics project,43,29,18325,77.3,6.83,709,3.87,0.39,6072610,Stable,2026-06-22,Sitelinks,Informational,Organic,-14,45.3,1,1,2,1
1383,digital marketing best practices,76,77,678,41.7,7.81,7,1.03,0.43,5666575,Declining,2026-03-03,Image Pack,Navigational,Organic,1,19.39,4,1,3,5
1384,data visualization best practices,53,66,4013,61.4,9.36,117,2.92,0.47,5246933,Stable,2026-04-22,Image Pack,Transactional,Organic,13,21.11,3,1,2,5
1385,power bi guide,61,70,880,26.3,8.22,12,1.36,0.63,6812974,Stable,2026-07-24,Sitelinks,Transactional,Organic,9,24.58,3,1,2,1
1386,keyword research course,86,91,1099,21.1,1.59,9,0.82,0.86,3496182,Stable,2026-02-09,Image Pack,Transactional,Organic,5,26.29,3,1,2,5
1387,mysql course,53,50,664,14.9,1.02,18,2.71,0.95,7191245,Rising,2026-04-09,None,Commercial,Organic,-3,28.29,2,1,1,7
1388,marketing analytics templates,11,17,10171,84.4,5.99,1694,16.66,0.35,7091840,Rising,2026-04-30,Video,Informational,Featured Snippet,6,33.77,1,2,1,4
1389,data analyst for beginners,55,66,1127,23.7,7.13,17,1.51,0.7,4377385,Declining,2026-05-01,Sitelinks,Commercial,Organic,11,25.93,2,1,3,1
1390,keyword research project,88,93,9477,19,4.43,129,1.36,0.47,7952294,Stable,2026-02-02,Image Pack,Informational,Organic,5,43.87,1,1,2,5
1391,business intelligence course,48,41,8570,86.7,3.4,259,3.02,0.78,5337773,Rising,2026-01-28,Reviews,Informational,People Also Ask,-7,22.64,1,3,1,6
1392,sql interview questions,93,95,197,50.2,11.14,1,0.51,0.65,5373924,Stable,2026-06-25,Reviews,Commercial,People Also Ask,2,15.6,2,3,2,6
1393,power bi certification,49,54,1317,56.5,8.73,37,2.81,0.53,2762827,Rising,2026-08-18,None,Informational,Organic,5,17.16,1,1,1,7
1394,reporting salary,53,58,729,80.4,2.6,18,2.47,0.54,7206382,Declining,2026-02-03,Video,Informational,Organic,5,8.64,1,1,3,4
1395,data visualization templates,54,56,577,71.6,10.03,14,2.43,0.94,5352004,Rising,2026-03-17,Image Pack,Commercial,Organic,2,10.96,2,1,1,5
1396,keyword research advanced,24,29,12322,32,1.09,1054,8.55,0.61,1076199,Stable,2026-07-17,None,Informational,Featured Snippet,5,49.45,1,2,2,7
1397,google analytics guide,17,2,3615,20.7,0.4,453,12.53,0.65,6474824,Declining,2026-08-04,Featured Snippet,Commercial,Video,-15,37.65,2,4,3,2
1398,digital marketing examples,28,23,7736,62.1,7.77,555,7.17,0.82,3979513,Rising,2026-04-02,Sitelinks,Transactional,Organic,-5,30.57,3,1,1,1
1399,python pandas project,21,27,1275,57.7,7.11,112,8.78,0.26,3041008,Rising,2026-05-17,Image Pack,Commercial,People Also Ask,6,19.9,2,3,1,5
1400,power bi training,79,76,14792,10.1,11.04,126,0.85,0.17,6165869,Stable,2026-01-22,People Also Ask,Informational,Organic,-3,56.83,1,1,2,3
1401,tableau examples,65,74,237,75.2,9.52,4,1.69,0.07,2095958,Stable,2026-05-20,None,Transactional,Organic,9,8.81,3,1,2,7
1402,python pandas certification,46,58,19781,89.8,3.14,747,3.78,0.43,1387707,Rising,2026-03-07,Featured Snippet,Commercial,Organic,12,44.4,2,1,1,2
1403,mysql templates,100,100,4927,56.8,1.73,50,1.01,0.51,7308694,Declining,2026-03-31,Featured Snippet,Transactional,Image,0,23.29,3,5,3,2
1404,data visualization templates,68,65,408,42.9,7.51,3,0.74,0.12,3738898,Declining,2026-07-28,Featured Snippet,Informational,Organic,-3,18.33,1,1,3,2
1405,reporting advanced,77,83,555,69,9.54,7,1.26,0.35,4512199,Stable,2026-07-24,Image Pack,Commercial,Organic,6,11.07,2,1,2,5
1406,mysql templates,24,20,1417,19.7,3.21,122,8.61,0.86,2161455,Stable,2026-05-07,Sitelinks,Informational,Organic,-4,31.49,1,1,2,1
1407,business intelligence templates,11,1,490,12.3,10.78,62,12.65,0.97,5647482,Declining,2026-03-17,None,Commercial,Featured Snippet,-10,34.02,2,2,3,7
1408,sql project,95,100,10305,12.7,3.55,112,1.09,0.33,330124,Stable,2026-09-11,People Also Ask,Informational,Organic,5,47.26,1,1,2,3
1409,customer analytics free,17,3,9032,44.8,4.06,1034,11.45,0.75,5403608,Stable,2026-06-01,Sitelinks,Informational,Image,-14,40.61,1,5,2,1
1410,python pandas tutorial,67,57,748,28.6,6.93,10,1.34,0.62,6443116,Stable,2026-05-14,Image Pack,Navigational,Organic,-10,23.62,4,1,2,5
1411,dashboard for beginners,5,10,1472,20.5,0.25,324,22.01,0.64,221669,Stable,2026-07-29,Sitelinks,Navigational,Organic,5,38.49,4,1,2,1
1412,keyword research free,20,29,16088,61.4,9.3,1320,8.2,0.28,7527136,Stable,2026-03-03,Reviews,Informational,Organic,9,47.93,1,1,2,6
1413,sql dashboard,62,68,7368,42.4,0.35,129,1.75,0.65,771541,Declining,2026-06-29,Sitelinks,Informational,Organic,6,32.86,1,1,3,1
1414,dashboard jobs,6,1,16802,59.8,10.06,2912,17.33,0.24,3977378,Rising,2026-01-21,Featured Snippet,Informational,Organic,-5,54.69,1,1,1,2
1415,seo analytics project,36,48,2701,58.7,9.4,98,3.63,0.75,4369451,Declining,2026-04-26,People Also Ask,Navigational,Video,12,19.69,4,4,3,3
1416,data analyst free,53,48,248,58.7,9.48,8,3.23,0.7,6855990,Declining,2026-02-15,Video,Commercial,Image,-5,14.6,2,5,3,4
1417,data visualization for beginners,76,72,177,40.7,11.66,1,0.56,0.57,2961338,Rising,2026-06-27,Image Pack,Transactional,Featured Snippet,-4,18.44,3,2,1,5
1418,excel skills,58,51,1202,59.5,8.1,22,1.83,0.92,565749,Stable,2026-08-31,Sitelinks,Informational,Organic,-7,15.51,1,1,2,1
1419,machine learning course,92,86,1987,19.4,3.46,8,0.4,0.62,6350004,Stable,2026-04-02,Sitelinks,Transactional,Organic,-6,28.34,3,1,2,1
1420,business intelligence advanced,49,46,618,69.1,0.67,21,3.4,0.56,3314853,Declining,2026-01-11,Reviews,Commercial,Organic,-3,12.31,2,1,3,6
1421,python pandas guide,42,32,9507,17.2,10.84,323,3.4,0.61,6962222,Stable,2026-06-25,Reviews,Informational,Organic,-10,45.55,1,1,2,6
1422,business intelligence templates,60,54,1295,50.3,6.19,20,1.54,0.46,532057,Stable,2026-09-05,Sitelinks,Commercial,Organic,-6,18.3,2,1,2,1
1423,excel templates,90,94,215,67.8,8.37,2,0.93,0.26,916628,Stable,2026-03-16,None,Informational,Organic,4,10.58,1,1,2,7
1424,keyword research for beginners,36,38,1638,37.4,9.64,83,5.07,0.15,5318342,Rising,2026-08-21,None,Commercial,Image,2,24.73,2,5,1,7
1425,python pandas course,41,33,10667,64.2,5.82,442,4.14,0.31,3945932,Stable,2026-01-30,None,Commercial,Video,-8,34.15,2,4,2,7
1426,python pandas dashboard,11,10,180,69.7,9.91,35,19.44,0.59,3485551,Stable,2026-07-18,Video,Informational,Organic,-1,19.79,1,1,2,4
1427,machine learning skills,90,99,7705,10.2,2.94,36,0.47,0.12,4370040,Rising,2026-07-11,Video,Transactional,Video,9,42.51,3,4,1,4
1428,data analyst dashboard,50,51,1467,84.3,0.81,33,2.25,0.27,6668033,Stable,2026-03-08,Reviews,Commercial,Organic,1,8.82,2,1,2,6
1429,tableau examples,2,6,5557,10.9,2.75,1203,21.65,0.21,6482853,Rising,2026-01-15,Featured Snippet,Informational,Organic,4,49.3,1,1,1,2
1430,digital marketing skills,21,28,989,46.8,4.58,107,10.82,0.27,1074488,Stable,2026-04-06,Video,Informational,Organic,7,23.68,1,1,2,4
1431,customer analytics best practices,6,1,2832,75.2,6.02,571,20.16,0.81,7855563,Stable,2026-03-12,Sitelinks,Informational,Featured Snippet,-5,23.8,1,2,2,1
1432,reporting project,89,83,1286,17.2,6.78,11,0.86,0.57,3236459,Stable,2026-09-29,Featured Snippet,Informational,People Also Ask,-6,27.85,1,3,2,2
1433,seo analytics skills,51,48,653,57.8,8.29,14,2.14,0.52,2656199,Stable,2026-01-07,Featured Snippet,Navigational,Organic,-3,15.1,4,1,2,2
1434,tableau salary,40,42,1442,10.8,5.5,70,4.85,0.9,3367619,Rising,2026-06-30,None,Navigational,Organic,2,32.21,4,1,1,7
1435,content marketing course,10,6,941,15.4,2.92,218,23.17,0.45,6509913,Rising,2026-01-28,People Also Ask,Commercial,Organic,-4,39.58,2,1,1,3
1436,content marketing salary,23,16,752,29.6,4.05,60,7.98,0.72,7755307,Stable,2026-07-07,Featured Snippet,Informational,People Also Ask,-7,26.86,1,3,2,2
1437,mysql advanced,7,2,18398,55.8,8.88,4967,27,0.65,4345833,Stable,2026-06-03,None,Transactional,Organic,-5,64.21,3,1,2,7
1438,tableau skills,50,63,217,25.6,4,5,2.3,0.68,3788047,Stable,2026-01-04,People Also Ask,Commercial,Organic,13,23.98,2,1,2,3
1439,data visualization training,96,100,3879,74.1,1.25,29,0.75,0.81,982040,Rising,2026-01-14,Image Pack,Informational,Organic,4,15.88,1,1,1,5
1440,business intelligence dashboard,19,26,20206,48.3,9.48,2311,11.44,0.86,2454947,Rising,2026-03-10,People Also Ask,Informational,Organic,7,61.77,1,1,1,3
1441,google analytics interview questions,49,53,9255,30.7,5.38,327,3.53,0.72,1945908,Stable,2026-06-23,Reviews,Informational,Organic,4,41.07,1,1,2,6
1442,data visualization course,74,62,1182,10,5.19,12,1.02,0.21,2375422,Rising,2026-06-02,Video,Commercial,Organic,-12,29.89,2,1,1,4
1443,marketing analytics salary,78,63,12459,75.6,10.37,106,0.85,0.37,7194253,Rising,2026-08-15,People Also Ask,Commercial,Organic,-15,32.54,2,1,1,3
1444,reporting tools,26,28,629,10.3,10.02,66,10.49,0.25,1406858,Stable,2026-08-10,Reviews,Transactional,Organic,2,33.74,3,1,2,6
1445,python pandas free,58,57,2558,85.1,5.09,64,2.5,0.08,3307720,Declining,2026-09-02,Sitelinks,Navigational,Organic,-1,10.89,4,1,3,1
1446,business intelligence for beginners,47,33,771,12.8,7.45,20,2.59,0.34,5115361,Rising,2026-01-20,Reviews,Commercial,Organic,-14,29.07,2,1,1,6
1447,power bi salary,64,57,117,79.5,5.78,2,1.71,0.45,3477934,Stable,2026-01-02,None,Navigational,People Also Ask,-7,7.29,4,3,2,7
1448,data analyst tutorial,32,39,1667,50.7,11.79,119,7.14,0.94,7087697,Stable,2026-07-30,Reviews,Informational,Organic,7,21.9,1,1,2,6
1449,digital marketing skills,77,77,13324,18.4,11.12,261,1.96,0.59,3978360,Stable,2026-05-23,None,Navigational,Featured Snippet,0,52.01,4,2,2,7
1450,digital marketing templates,91,92,1448,69.2,10.69,14,0.97,0.32,5677161,Stable,2026-03-15,None,Informational,People Also Ask,1,12.64,1,3,2,7
1451,seo analytics dashboard,17,6,15402,57.2,10.74,1467,9.52,0.73,4768645,Declining,2026-02-08,Reviews,Transactional,Organic,-11,48.53,3,1,3,6
1452,reporting project,72,86,1289,11.3,8.46,12,0.93,0.75,7904139,Declining,2026-03-12,Featured Snippet,Transactional,Image,14,29.67,3,5,3,2
1453,seo analytics free,39,29,9757,41.8,5.64,420,4.3,0.85,6239939,Stable,2026-03-07,Featured Snippet,Commercial,Organic,-10,39.15,2,1,2,2
1454,data science tutorial,43,49,6903,33.2,4.78,237,3.43,0.98,1759442,Stable,2026-07-09,Video,Informational,Featured Snippet,6,35.59,1,2,2,4
1455,dashboard templates,69,81,973,70.2,4.03,12,1.23,0.3,6245346,Stable,2026-05-04,Sitelinks,Transactional,People Also Ask,12,11.53,3,3,2,1
1456,mysql salary,26,23,147,53.4,6.97,8,5.44,0.43,257790,Stable,2026-07-02,People Also Ask,Transactional,Organic,-3,17.17,3,1,2,3
1457,tableau examples,43,43,16185,85.8,4.01,584,3.61,0.51,979033,Declining,2026-05-11,Video,Commercial,Organic,0,38.36,2,1,3,4
1458,power bi guide,68,67,1597,74.7,9.74,26,1.63,0.1,756070,Stable,2026-05-11,People Also Ask,Informational,Organic,-1,11.63,1,1,2,3
1459,digital marketing project,34,21,5560,47.8,3.69,334,6.01,0.24,4328412,Declining,2026-08-07,Sitelinks,Commercial,Organic,-13,29.91,2,1,3,1
1460,keyword research free,6,14,203,86.7,5.02,47,23.15,0.81,2288693,Declining,2026-09-20,Reviews,Informational,Organic,8,16.71,1,1,3,6
1461,keyword research tutorial,70,74,19336,12.4,7.38,406,2.1,0.25,5410192,Rising,2026-08-10,Reviews,Informational,Organic,4,65.84,1,1,1,6
1462,reporting free,74,87,2383,31.8,11.88,25,1.05,0.39,4953264,Stable,2026-06-02,People Also Ask,Navigational,Organic,13,25.76,4,1,2,3
1463,content marketing guide,97,100,2728,50.8,11.81,27,0.99,0.65,1937621,Rising,2026-01-10,People Also Ask,Commercial,Organic,3,20.71,2,1,1,3
1464,customer analytics tutorial,18,24,1401,67.4,3.16,197,14.06,0.86,6451160,Declining,2026-07-01,Image Pack,Commercial,Featured Snippet,6,20.05,2,2,3,5
1465,keyword research online,36,40,102,77.6,2.01,4,3.92,0.46,3786723,Rising,2026-08-12,Video,Informational,Organic,4,9.01,1,1,1,4
1466,excel project,9,10,2432,89.5,8.3,397,16.32,0.52,6085993,Rising,2026-06-13,None,Commercial,People Also Ask,1,16.67,2,3,1,7
1467,marketing analytics examples,14,17,1622,61.7,2.79,240,14.8,0.74,3012637,Stable,2026-05-24,Featured Snippet,Commercial,People Also Ask,3,22.59,2,3,2,2
1468,seo analytics online,27,15,2504,10.2,4.95,169,6.75,0.96,7335113,Rising,2026-02-17,None,Commercial,Video,-12,35.51,2,4,1,7
1469,sql interview questions,70,71,453,21.7,4.7,5,1.1,0.34,5058288,Stable,2026-01-12,Video,Navigational,Organic,1,24.98,4,1,2,4
1470,mysql salary,29,34,2349,60,11.36,120,5.11,0.21,3877905,Declining,2026-01-29,Sitelinks,Transactional,Featured Snippet,5,19.39,3,2,3,1
1471,tableau skills,35,47,19431,61,0.86,965,4.97,0.49,3683699,Stable,2026-05-13,Sitelinks,Commercial,Organic,12,52.98,2,1,2,1
1472,data science skills,41,32,8539,89.1,10.57,365,4.27,0.09,3728977,Rising,2026-09-21,Sitelinks,Informational,Organic,-9,22.52,1,1,1,1
1473,data science templates,8,10,7293,50.8,7.38,1411,19.35,0.43,4489439,Stable,2026-09-20,Video,Informational,Organic,2,39.56,1,1,2,4
1474,python pandas course,88,88,1510,29,4.91,6,0.4,0.64,5409620,Rising,2026-06-20,Reviews,Informational,People Also Ask,0,24.51,1,3,1,6
1475,customer analytics certification,20,34,9223,53.2,7.79,1206,13.08,0.14,6182725,Declining,2026-01-14,Reviews,Transactional,Organic,14,39.34,3,1,3,6
1476,google analytics guide,92,100,5805,19.5,5.57,30,0.52,0.19,4527728,Stable,2026-04-29,Featured Snippet,Informational,Organic,8,35.97,1,1,2,2
1477,tableau project,78,91,4034,29.4,3.93,39,0.97,0.53,3427372,Stable,2026-04-26,Featured Snippet,Informational,Organic,13,29.72,1,1,2,2
1478,data analyst free,57,49,13879,23.7,9.7,299,2.15,0.35,2854056,Rising,2026-06-12,Video,Commercial,Organic,-8,51.63,2,1,1,4
1479,python pandas tools,68,68,8979,80.2,2.83,129,1.44,0.3,2627201,Declining,2026-04-18,Sitelinks,Navigational,Organic,0,24.56,4,1,3,1
1480,seo analytics free,7,12,13890,22.2,2.88,2710,19.51,0.1,3324651,Declining,2026-02-28,People Also Ask,Commercial,Organic,5,61.34,2,1,3,3
1481,customer analytics templates,10,18,110,45,10.5,20,18.18,0.87,1308564,Stable,2026-06-04,None,Transactional,Organic,8,26.39,3,1,2,7
1482,tableau online,38,31,2766,56,3.66,176,6.36,0.82,3501415,Declining,2026-06-02,None,Informational,Organic,-7,22.08,1,1,3,7
1483,python pandas templates,41,41,984,50.5,2.66,36,3.66,0.52,3733446,Declining,2026-03-17,Reviews,Commercial,Organic,0,18.75,2,1,3,6
1484,google analytics for beginners,100,100,957,20.9,9.99,6,0.63,0.71,2573538,Rising,2026-04-27,Featured Snippet,Informational,Organic,0,25.97,1,1,1,2
1485,content marketing tools,71,67,14606,53,7.08,185,1.27,0.49,1816970,Rising,2026-07-16,None,Commercial,Organic,-4,43.81,2,1,1,7
1486,data visualization certification,45,53,13207,53.6,7.87,500,3.79,0.75,7402119,Stable,2026-08-06,Sitelinks,Commercial,Organic,8,42.19,2,1,2,1
1487,data visualization jobs,10,11,9189,55.2,1.05,1515,16.49,0.99,1977827,Stable,2026-05-21,Reviews,Commercial,Organic,1,40.49,2,1,2,6
1488,power bi advanced,33,44,4211,48.9,5.51,277,6.58,0.61,5807931,Rising,2026-07-27,People Also Ask,Commercial,Image,11,27.2,2,5,1,3
1489,business intelligence course,20,18,11322,84.6,0.55,1323,11.69,0.71,1659883,Stable,2026-04-07,Video,Informational,Organic,-2,33.35,1,1,2,4
1490,reporting guide,54,52,2733,10.1,11.97,87,3.18,0.31,6528200,Declining,2026-03-10,None,Transactional,Organic,-2,34.1,3,1,3,7
1491,machine learning examples,79,82,3638,82,2.66,37,1.02,0.26,3483612,Stable,2026-01-09,Sitelinks,Commercial,Organic,3,13.18,2,1,2,1
1492,sql skills,20,25,893,42.3,3.44,75,8.4,0.28,6895105,Rising,2026-06-05,None,Informational,Organic,5,23.56,1,1,1,7
1493,seo analytics salary,49,60,77,40.7,5.98,1,1.3,0.58,6301899,Stable,2026-07-15,Image Pack,Commercial,Organic,11,18.63,2,1,2,5
1494,data visualization jobs,63,69,2888,80.5,9.78,31,1.07,0.25,6894856,Stable,2026-06-15,Sitelinks,Navigational,Featured Snippet,6,12.16,4,2,2,1
1495,keyword research skills,9,17,24932,76.5,9.43,4190,16.81,0.69,7025037,Stable,2026-03-14,Featured Snippet,Commercial,Organic,8,65.56,2,1,2,2
1496,dashboard course,39,39,1095,15.3,11.12,50,4.57,0.7,3115572,Stable,2026-04-12,Featured Snippet,Informational,Organic,0,30.02,1,1,2,2
1497,dashboard interview questions,68,69,3338,35.3,0.95,46,1.38,0.06,2713399,Rising,2026-09-11,Reviews,Commercial,Organic,1,26.78,2,1,1,6
1498,business intelligence tutorial,90,91,1577,14.8,8.73,20,1.27,0.13,1807817,Rising,2026-02-17,Sitelinks,Informational,Organic,1,29.37,1,1,1,1
1499,customer analytics best practices,22,27,272,11.2,9.62,24,8.82,0.09,5436826,Stable,2026-06-13,Video,Informational,Organic,5,31.87,1,1,2,4
1500,mysql tutorial,53,58,5780,10.2,10.39,175,3.03,0.28,6507357,Rising,2026-05-15,Featured Snippet,Transactional,Organic,5,40.04,3,1,1,2
1501,google analytics tutorial,7,1,590,86.7,5.29,135,22.88,0.94,7297638,Rising,2026-06-17,None,Informational,Organic,-6,17.34,1,1,1,7
1502,excel certification,38,48,359,42.7,0.63,13,3.62,0.74,4617840,Rising,2026-07-25,Video,Transactional,Organic,10,19.83,3,1,1,4
1503,marketing analytics salary,17,6,447,12.5,3.97,61,13.65,0.22,1573585,Stable,2026-03-13,Reviews,Informational,Image,-11,34.4,1,5,2,6
1504,reporting tutorial,10,1,703,34.5,2.84,106,15.08,0.21,1615976,Stable,2026-03-01,None,Informational,Organic,-9,29.07,1,1,2,7
1505,reporting examples,43,54,2350,36.7,2.76,72,3.06,0.78,2524002,Stable,2026-01-03,Featured Snippet,Informational,Organic,11,25.29,1,1,2,2
1506,tableau dashboard,35,25,13286,74.8,11.42,742,5.58,0.65,3893716,Declining,2026-05-05,People Also Ask,Commercial,Organic,-10,36.94,2,1,3,3
1507,content marketing jobs,80,80,759,76.8,1.29,13,1.71,0.97,3353416,Declining,2026-02-03,People Also Ask,Commercial,Video,0,9.38,2,4,3,3
1508,data visualization software,32,44,12691,59.6,5.12,636,5.01,0.79,3081896,Rising,2026-07-09,Featured Snippet,Informational,Organic,12,40.02,1,1,1,2
1509,digital marketing guide,56,64,1750,37,6.82,46,2.63,0.43,6142736,Declining,2026-06-23,Reviews,Informational,Organic,8,23.78,1,1,3,6
1510,google analytics free,76,65,772,48,2.05,9,1.17,0.93,7617036,Stable,2026-04-25,People Also Ask,Informational,Video,-11,17.76,1,4,2,3
1511,seo analytics best practices,71,66,6121,29.7,7.02,60,0.98,0.74,1347496,Stable,2026-05-02,Image Pack,Commercial,Video,-5,33.78,2,4,2,5
1512,customer analytics tools,54,42,1953,63.9,6.1,44,2.25,0.53,1734526,Stable,2026-01-15,Featured Snippet,Informational,People Also Ask,-12,15.91,1,3,2,2
1513,data science salary,49,35,3551,72,9.32,103,2.9,0.63,6553242,Declining,2026-01-10,Image Pack,Transactional,Organic,-14,17,3,1,3,5
1514,digital marketing advanced,27,15,692,88.3,4.9,58,8.38,0.79,3647768,Rising,2026-05-23,None,Informational,Organic,-12,9.35,1,1,1,7
1515,data visualization guide,90,84,1838,26.4,9.83,19,1.03,0.75,4763618,Declining,2026-06-03,Sitelinks,Informational,People Also Ask,-6,26.28,1,3,3,1
1516,digital marketing online,86,73,9322,61.4,8.49,73,0.78,0.48,5039290,Stable,2026-01-14,Video,Commercial,Organic,-13,30.53,2,1,2,4
1517,business intelligence skills,29,33,144,86.5,1.47,11,7.64,0.08,3330546,Stable,2026-05-20,Reviews,Commercial,Featured Snippet,4,8.4,2,2,2,6
1518,sql dashboard,29,21,1380,27.2,11.03,93,6.74,0.8,7664580,Rising,2026-02-21,People Also Ask,Informational,Organic,-8,28.17,1,1,1,3
1519,digital marketing tools,94,80,261,49.5,2.75,0,0,0.56,1009090,Rising,2026-05-25,Image Pack,Commercial,Organic,-14,15.67,2,1,1,5
1520,sql course,7,19,1159,83.8,10.74,246,21.23,0.83,3454387,Stable,2026-03-02,Video,Navigational,Image,12,18.46,4,5,2,4
1521,sql templates,78,64,723,19.8,10.18,6,0.83,0.75,2767187,Stable,2026-03-21,Sitelinks,Informational,Organic,-14,25.94,1,1,2,1
1522,tableau tutorial,90,90,11112,17.7,10.08,128,1.15,0.92,3180829,Rising,2026-09-04,Sitelinks,Transactional,Video,0,47.39,3,4,1,1
1523,data science certification,27,40,623,17.8,8.25,59,9.47,0.99,2566949,Stable,2026-01-03,Featured Snippet,Navigational,Organic,13,30.94,4,1,2,2
1524,sql project,12,1,644,46.8,7.66,128,19.88,0.93,785646,Declining,2026-04-20,Video,Commercial,Organic,-11,27.82,2,1,3,4
1525,data science guide,38,50,1662,15.7,6.74,62,3.73,0.65,2552990,Declining,2026-07-14,Sitelinks,Transactional,Image,12,30.58,3,5,3,1
1526,data visualization training,83,72,188,80.2,1.1,1,0.53,0.25,600913,Stable,2026-08-10,Reviews,Informational,Organic,-11,6.6,1,1,2,6
1527,customer analytics examples,45,40,699,24,7.94,30,4.29,0.05,5137373,Rising,2026-02-03,Reviews,Commercial,Organic,-5,26.47,2,1,1,6
1528,reporting examples,67,68,1497,58.4,6.18,33,2.2,0.97,438878,Rising,2026-06-24,Video,Commercial,Video,1,16.63,2,4,1,4
1529,google analytics dashboard,47,43,4536,21.7,11.89,152,3.35,0.48,3239786,Rising,2026-07-05,Video,Informational,Organic,-4,34.29,1,1,1,4
1530,data analyst free,3,9,75,78.7,7.92,23,30.67,0.05,6583611,Stable,2026-08-04,None,Informational,Organic,6,22.86,1,1,2,7
1531,marketing analytics interview questions,100,100,262,10.3,7.73,3,1.15,0.61,5444063,Declining,2026-02-21,Video,Informational,Organic,0,28.04,1,1,3,4
1532,data science best practices,22,13,6020,19.7,10.47,482,8.01,0.18,1355049,Rising,2026-03-21,People Also Ask,Informational,Organic,-9,40.32,1,1,1,3
1533,keyword research salary,68,59,2099,57.3,3.71,14,0.67,0.73,4523109,Stable,2026-03-01,Featured Snippet,Informational,Featured Snippet,-9,17.34,1,2,2,2
1534,excel training,45,51,127,85.7,3.91,4,3.15,0.47,1335827,Stable,2026-09-29,Image Pack,Informational,People Also Ask,6,6.22,1,3,2,5
1535,tableau project,16,21,24393,38.8,5.97,3589,14.71,0.49,2074059,Rising,2026-01-09,None,Informational,Video,5,74.69,1,4,1,7
1536,excel templates,37,51,24484,29.4,1.11,1273,5.2,0.79,4182201,Declining,2026-05-15,People Also Ask,Commercial,Organic,14,72.63,2,1,3,3
1537,mysql project,94,100,9482,12.9,1.2,92,0.97,0.62,376067,Rising,2026-06-26,Video,Navigational,Organic,6,45.5,4,1,1,4
1538,data analyst training,60,62,9929,63.4,1.35,240,2.42,0.9,3668135,Declining,2026-05-03,None,Transactional,Organic,2,32.01,3,1,3,7
1539,data analyst skills,43,45,2055,83.2,9.45,68,3.31,0.77,4448903,Rising,2026-01-01,None,Informational,Image,2,10.89,1,5,1,7
1540,dashboard tutorial,89,83,1988,51.6,9.65,16,0.8,0.73,3230356,Stable,2026-05-04,Featured Snippet,Commercial,Organic,-6,18.9,2,1,2,2
1541,mysql tutorial,11,8,1201,43.1,11.13,214,17.82,0.33,7211562,Rising,2026-07-03,Featured Snippet,Commercial,Organic,-3,28.94,2,1,1,2
1542,business intelligence free,93,90,9037,61.2,10.22,56,0.62,0.78,4091397,Declining,2026-06-15,None,Transactional,Organic,-3,29.94,3,1,3,7
1543,seo analytics jobs,31,39,665,23.9,3.76,28,4.21,0.13,5733616,Rising,2026-06-19,People Also Ask,Informational,People Also Ask,8,26.39,1,3,1,3
1544,reporting certification,42,44,1381,32.5,11.49,55,3.98,0.83,4592176,Stable,2026-03-25,People Also Ask,Informational,Organic,2,25.11,1,1,2,3
1545,machine learning dashboard,29,35,567,37,7.28,47,8.29,0.85,2712836,Stable,2026-03-13,Image Pack,Informational,Organic,6,24.44,1,1,2,5
1546,data analyst salary,78,76,1657,80.5,7.48,9,0.54,0.51,7619972,Stable,2026-03-09,Sitelinks,Informational,Organic,-2,9.43,1,1,2,1
1547,customer analytics jobs,16,12,10422,24.1,4.99,1388,13.32,0.98,238643,Rising,2026-03-06,None,Informational,Organic,-4,50.58,1,1,1,7
1548,business intelligence certification,30,33,525,34.2,9.41,26,4.95,0.19,3460297,Stable,2026-01-25,Sitelinks,Commercial,Organic,3,23.42,2,1,2,1
1549,business intelligence software,80,72,3368,16.8,0.93,15,0.45,0.72,5254642,Stable,2026-07-12,Featured Snippet,Informational,Organic,-8,31.9,1,1,2,2
1550,digital marketing free,9,10,17242,87.6,3.85,3524,20.44,0.63,7208441,Rising,2026-05-27,None,Transactional,Featured Snippet,1,48.88,3,2,1,7
1551,business intelligence salary,96,88,274,62.1,5.73,3,1.09,0.12,2785681,Rising,2026-05-28,None,Informational,Organic,-8,12.49,1,1,1,7
1552,excel templates,38,53,1255,59.1,10.97,68,5.42,0.97,3537683,Stable,2026-08-08,People Also Ask,Informational,Organic,15,17.65,1,1,2,3
1553,data science best practices,9,1,124,22.8,1.22,21,16.94,0.56,3372879,Rising,2026-01-31,Featured Snippet,Informational,Organic,-8,32.42,1,1,1,2
1554,excel guide,62,67,5879,45.3,4.76,135,2.3,0.24,2119380,Rising,2026-09-06,Sitelinks,Commercial,Organic,5,29.32,2,1,1,1
1555,sql salary,49,60,12741,32.8,6.25,425,3.34,0.13,2431322,Rising,2026-06-09,Featured Snippet,Informational,Organic,11,47.27,1,1,1,2
1556,machine learning interview questions,44,53,879,53,10.91,23,2.62,0.71,1815996,Rising,2026-06-26,Image Pack,Commercial,Organic,9,17.24,2,1,1,5
1557,google analytics guide,79,70,689,70.4,6.52,6,0.87,0.57,6451289,Stable,2026-06-25,Image Pack,Informational,Image,-9,10.71,1,5,2,5
1558,business intelligence online,18,4,153,32,10.48,22,14.38,0.2,3538168,Rising,2026-08-09,Video,Transactional,People Also Ask,-14,28.36,3,3,1,4
1559,content marketing tools,19,19,697,35.3,4.28,102,14.63,0.51,6708497,Stable,2026-06-10,None,Informational,Organic,0,28.58,1,1,2,7
1560,tableau examples,68,67,4527,44.1,2.14,87,1.92,0.72,6677595,Rising,2026-07-28,Reviews,Informational,Organic,-1,26.79,1,1,1,6
1561,tableau advanced,17,20,1857,52.7,4.14,267,14.38,0.1,3489271,Rising,2026-08-18,Video,Transactional,Organic,3,25.54,3,1,1,4
1562,machine learning skills,90,75,8068,72.2,3.24,138,1.71,0.12,4689118,Rising,2026-07-10,Sitelinks,Informational,Featured Snippet,-15,25.29,1,2,1,1
1563,seo analytics free,60,62,24379,65.9,8.81,392,1.61,0.96,5839708,Stable,2026-03-12,People Also Ask,Informational,Organic,2,59.56,1,1,2,3
1564,power bi interview questions,4,1,923,52.4,1.3,255,27.63,0.94,7883344,Rising,2026-05-05,Featured Snippet,Commercial,Featured Snippet,-3,30.82,2,2,1,2
1565,python pandas tutorial,73,80,15998,15.1,11.09,238,1.49,0.47,3284308,Stable,2026-04-23,Reviews,Informational,People Also Ask,7,58.07,1,3,2,6
1566,marketing analytics best practices,26,11,149,21.1,9.57,13,8.72,0.84,7152462,Stable,2026-09-23,People Also Ask,Commercial,Organic,-15,28.61,2,1,2,3
1567,google analytics examples,99,100,4212,89.4,2.71,60,1.42,0.41,7586573,Stable,2026-07-27,Video,Transactional,Organic,1,12.31,3,1,2,4
1568,business intelligence guide,2,14,1722,30.3,11.02,593,34.44,0.61,387409,Declining,2026-08-03,People Also Ask,Commercial,People Also Ask,12,42.66,2,3,3,3
1569,excel dashboard,19,12,7669,79.4,10.92,853,11.12,0.83,7759162,Declining,2026-02-09,Sitelinks,Transactional,Organic,-7,27.35,3,1,3,1
1570,excel free,45,55,6003,81.6,7.78,151,2.52,0.94,5923237,Stable,2026-01-19,People Also Ask,Informational,Organic,10,18.8,1,1,2,3
1571,seo analytics tutorial,35,27,188,40.8,6.21,7,3.72,0.36,4275037,Stable,2026-05-21,Image Pack,Commercial,Organic,-8,20.11,2,1,2,5
1572,mysql skills,46,47,83,60,0.34,3,3.61,0.35,2398291,Rising,2026-08-19,Image Pack,Informational,Organic,1,14.09,1,1,1,5
1573,reporting tutorial,20,33,3759,62.6,4.98,458,12.18,0.66,1792806,Stable,2026-08-12,Sitelinks,Informational,Organic,13,25.18,1,1,2,1
1574,google analytics best practices,67,65,151,55.7,9.95,1,0.66,0.74,4266266,Stable,2026-03-23,Video,Informational,People Also Ask,-2,13.94,1,3,2,4
1575,keyword research course,43,45,769,30.4,7.79,21,2.73,0.36,5703596,Stable,2026-05-07,People Also Ask,Navigational,Image,2,23.86,4,5,2,3
1576,dashboard advanced,99,100,4070,22.7,4.92,19,0.47,0.78,3959427,Stable,2026-02-04,Reviews,Informational,People Also Ask,1,31.53,1,3,2,6
1577,tableau best practices,71,71,10466,10.3,10.52,86,0.82,0.53,1795166,Declining,2026-08-25,Featured Snippet,Commercial,Organic,0,48.15,2,1,3,2
1578,dashboard for beginners,83,75,921,61,9.77,9,0.98,0.17,4239299,Declining,2026-08-07,Sitelinks,Navigational,Organic,-8,14.05,4,1,3,1
1579,customer analytics interview questions,25,40,107,55.1,5.77,11,10.28,0.65,6171100,Rising,2026-03-27,Video,Transactional,Organic,15,19.15,3,1,1,4
1580,excel certification,98,99,798,20.3,8.84,10,1.25,0.24,6285815,Rising,2026-08-15,Sitelinks,Informational,Organic,1,26.16,1,1,1,1
1581,python pandas examples,19,10,1172,49.1,10.68,128,10.92,0.67,6820377,Stable,2026-08-17,Video,Informational,Organic,-9,23.41,1,1,2,4
1582,tableau certification,87,90,9133,18.7,4.5,96,1.05,0.42,6203388,Stable,2026-01-21,Image Pack,Commercial,Organic,3,43.11,2,1,2,5
1583,marketing analytics training,25,19,711,59.2,4.53,67,9.42,0.31,1279595,Stable,2026-07-06,Featured Snippet,Transactional,Organic,-6,18.67,3,1,2,2
1584,data visualization salary,12,15,246,29.5,7.56,28,11.38,0.7,3930277,Rising,2026-01-26,None,Informational,Organic,3,27.7,1,1,1,7
1585,dashboard certification,11,25,1088,66.2,0.72,222,20.4,0.19,269524,Stable,2026-03-10,Video,Informational,Organic,14,23.16,1,1,2,4
1586,business intelligence examples,60,74,1677,79.1,11.04,23,1.37,0.53,5767094,Stable,2026-02-15,Image Pack,Informational,Organic,14,10.33,1,1,2,5
1587,google analytics free,73,60,969,87.6,8.59,22,2.27,0.41,2412323,Declining,2026-03-21,Sitelinks,Transactional,Organic,-13,6.85,3,1,3,1
1588,data science salary,85,83,1910,72.3,1.88,16,0.84,0.86,4819508,Rising,2026-09-13,Reviews,Informational,Organic,-2,12.55,1,1,1,6
1589,power bi salary,3,5,2329,16.9,8.07,450,19.32,0.13,387884,Stable,2026-05-24,Featured Snippet,Transactional,Organic,2,39.84,3,1,2,2
1590,excel guide,84,75,13318,61.6,8.76,196,1.47,0.45,5312546,Rising,2026-04-13,None,Informational,Video,-9,38.78,1,4,1,7
1591,power bi tutorial,76,62,6372,57.1,0.98,58,0.91,0.05,7535996,Declining,2026-09-30,Sitelinks,Informational,Organic,-14,26.02,1,1,3,1
1592,machine learning skills,90,100,745,53.5,11.33,10,1.34,0.1,5968841,Rising,2026-05-15,Reviews,Informational,Organic,10,16.14,1,1,1,6
1593,tableau tools,32,41,1951,52.7,7.78,137,7.02,0.18,1269422,Stable,2026-09-24,Sitelinks,Informational,Image,9,21.8,1,5,2,1
1594,dashboard project,100,99,24965,71.5,10.19,406,1.63,0.26,7949363,Declining,2026-02-15,Sitelinks,Navigational,Organic,-1,59.05,4,1,3,1
1595,business intelligence training,2,14,8022,84.4,7.33,1995,24.87,0.18,4550056,Declining,2026-06-07,Featured Snippet,Commercial,Organic,12,33.86,2,1,3,2
1596,data science best practices,94,100,1730,70.6,1.43,21,1.21,0.7,966690,Stable,2026-07-23,None,Transactional,Organic,6,12.9,3,1,2,7
1597,customer analytics dashboard,53,67,802,52.1,8.04,13,1.62,0.67,7056963,Stable,2026-03-24,Video,Navigational,Organic,14,16.83,4,1,2,4
1598,data visualization jobs,55,53,2021,76.5,6.28,51,2.52,0.47,3297239,Declining,2026-06-16,Featured Snippet,Informational,Video,-2,12.41,1,4,3,2
1599,reporting for beginners,78,63,2712,56.7,9.74,26,0.96,0.35,5055397,Stable,2026-03-19,Video,Informational,Organic,-15,18.89,1,1,2,4
1600,data science guide,38,23,6435,83,4.56,227,3.53,0.08,765030,Stable,2026-05-29,Sitelinks,Transactional,Organic,-15,19.77,3,1,2,1
1601,google analytics skills,62,64,6655,15.6,9.91,155,2.33,0.38,3292557,Declining,2026-09-30,Video,Informational,Organic,2,39.79,1,1,3,4
1602,seo analytics online,55,41,131,38.9,0.71,2,1.53,0.3,5691246,Rising,2026-08-17,Image Pack,Transactional,Organic,-14,19.4,3,1,1,5
1603,mysql tutorial,81,73,8539,21.3,2.51,65,0.76,0.19,5142236,Rising,2026-09-17,Video,Transactional,Organic,-8,40.99,3,1,1,4
1604,digital marketing jobs,74,83,98,61.5,4.27,1,1.02,0.85,3382979,Rising,2026-03-02,Reviews,Commercial,Organic,9,12.29,2,1,1,6
1605,power bi course,64,69,571,20.9,3.29,6,1.05,0.72,1283364,Stable,2026-08-20,People Also Ask,Informational,Video,5,25.42,1,4,2,3
1606,seo analytics course,90,100,1569,72.6,1.29,15,0.96,0.42,5374093,Stable,2026-07-28,Reviews,Transactional,Organic,10,11.85,3,1,2,6
1607,power bi guide,70,83,3756,39,3.79,61,1.62,0.36,711551,Stable,2026-08-08,Image Pack,Navigational,Organic,13,26.63,4,1,2,5
1608,tableau software,66,57,14679,31.4,2.54,222,1.51,0.26,7530273,Stable,2026-08-08,Reviews,Informational,Organic,-9,50.57,1,1,2,6
1609,data science dashboard,56,53,1062,29.2,0.55,24,2.26,0.39,3873796,Declining,2026-05-29,Featured Snippet,Informational,Video,-3,24.55,1,4,3,2
1610,tableau templates,72,63,15364,30.1,3.08,280,1.82,0.61,2830288,Stable,2026-07-02,Sitelinks,Transactional,Featured Snippet,-9,52.48,3,2,2,1
1611,keyword research tutorial,47,55,111,52.6,4.93,3,2.7,0.1,1737175,Rising,2026-04-11,Image Pack,Informational,Organic,8,15.88,1,1,1,5
1612,machine learning free,19,31,7362,60.8,11.08,1082,14.7,0.05,4585379,Rising,2026-08-04,Featured Snippet,Informational,Image,12,34.22,1,5,1,2
1613,excel software,5,11,591,60.9,3.74,152,25.72,0.95,934863,Rising,2026-04-27,Sitelinks,Informational,Organic,6,26.59,1,1,1,1
1614,digital marketing training,29,38,3402,76.6,4.1,246,7.23,0.9,1071067,Rising,2026-06-30,Image Pack,Informational,Image,9,17.63,1,5,1,5
1615,data visualization guide,46,36,3815,21.9,5.32,158,4.14,0.81,2882778,Stable,2026-09-26,People Also Ask,Commercial,Organic,-10,33.22,2,1,2,3
1616,customer analytics software,45,39,2052,30.8,9.13,92,4.48,0.82,5081315,Stable,2026-06-15,Sitelinks,Informational,Organic,-6,27.22,1,1,2,1
1617,seo analytics software,46,41,10247,46.3,0.57,285,2.78,0.23,6792568,Stable,2026-04-13,Featured Snippet,Commercial,Organic,-5,37.96,2,1,2,2
1618,python pandas tools,86,81,2886,43.9,8.72,34,1.18,0.45,7087167,Rising,2026-08-06,Sitelinks,Commercial,Organic,-5,23.2,2,1,1,1
1619,marketing analytics interview questions,51,41,111,84.6,5.2,2,1.8,0.46,357385,Declining,2026-06-22,Sitelinks,Commercial,Organic,-10,5.8,2,1,3,1
1620,power bi project,43,29,16757,59.2,7.16,632,3.77,0.91,5690410,Stable,2026-04-27,Reviews,Transactional,Video,-14,47.56,3,4,2,6
1621,business intelligence examples,30,41,6719,52.4,0.65,530,7.89,0.14,2475668,Rising,2026-03-16,People Also Ask,Commercial,Organic,11,31.84,2,1,1,3
1622,seo analytics software,6,18,9615,24.1,8.72,1842,19.16,0.49,6183447,Stable,2026-08-27,Featured Snippet,Commercial,Organic,12,52.08,2,1,2,2
1623,keyword research project,76,61,16193,30.7,10.76,226,1.4,0.66,2140106,Declining,2026-07-10,Featured Snippet,Navigational,Organic,-15,53.73,4,1,3,2
1624,power bi jobs,86,89,3115,64.3,1.46,11,0.35,0.6,7600045,Declining,2026-03-06,Video,Navigational,Image,3,17.09,4,5,3,4
1625,sql interview questions,28,40,528,77.3,1.87,44,8.33,0.74,4015539,Declining,2026-03-21,Featured Snippet,Informational,Organic,12,12.29,1,1,3,2
1626,google analytics advanced,10,20,1514,64.4,5.33,319,21.07,0.39,4606064,Stable,2026-09-07,Sitelinks,Commercial,Organic,10,24.9,2,1,2,1
1627,reporting templates,94,81,1956,14.5,3.44,9,0.46,0.22,1221270,Stable,2026-09-24,Featured Snippet,Commercial,Organic,-13,29.78,2,1,2,2
1628,power bi dashboard,96,100,1146,80.4,2.21,7,0.61,0.77,568400,Stable,2026-01-25,People Also Ask,Informational,Featured Snippet,4,8.48,1,2,2,3
1629,business intelligence examples,53,59,18386,37.8,7.58,507,2.76,0.28,3506920,Stable,2026-01-23,Sitelinks,Transactional,People Also Ask,6,56.68,3,3,2,1
1630,python pandas interview questions,23,10,130,35.1,3.08,8,6.15,0.56,1445528,Rising,2026-05-01,Image Pack,Commercial,Organic,-13,23,2,1,1,5
1631,machine learning jobs,5,14,6090,64.8,1.11,1379,22.64,0.16,6281934,Stable,2026-08-01,None,Informational,Organic,9,34.72,1,1,2,7
1632,sql free,32,40,2240,47.3,6.22,151,6.74,0.45,1636660,Rising,2026-07-01,Featured Snippet,Informational,Organic,8,23.85,1,1,1,2
1633,excel tutorial,61,75,101,44.7,3.37,1,0.99,0.8,5436076,Declining,2026-06-14,Sitelinks,Informational,Organic,14,17.32,1,1,3,1
1634,marketing analytics software,11,20,263,56.7,1.15,48,18.25,0.39,7490973,Stable,2026-08-30,Featured Snippet,Commercial,Organic,9,23.23,2,1,2,2
1635,google analytics certification,77,67,2998,16.3,5.38,52,1.73,0.7,5470691,Stable,2026-03-14,None,Commercial,Organic,-10,31.99,2,1,2,7
1636,google analytics certification,18,26,2470,40.5,9.36,372,15.06,0.4,4056467,Stable,2026-04-11,Image Pack,Transactional,Organic,8,30.78,3,1,2,5
1637,seo analytics tutorial,22,30,426,62.4,8.67,48,11.27,0.95,2555022,Stable,2026-07-15,Featured Snippet,Commercial,Organic,8,18.12,2,1,2,2
1638,business intelligence course,38,53,9327,74.4,5.11,335,3.59,0.64,997675,Rising,2026-09-19,Featured Snippet,Informational,Organic,15,28.13,1,1,1,2
1639,customer analytics best practices,27,40,1766,12.2,3.15,134,7.59,0.58,4826610,Declining,2026-01-12,Featured Snippet,Informational,Organic,13,33.89,1,1,3,2
1640,machine learning course,4,1,4269,64.6,11.06,1196,28.02,0.7,814311,Stable,2026-04-03,Reviews,Navigational,Featured Snippet,-3,34.02,4,2,2,6
1641,reporting certification,85,90,518,14.6,4.09,2,0.39,0.9,589060,Stable,2026-03-16,Image Pack,Informational,Organic,5,26.86,1,1,2,5
1642,data visualization salary,66,56,1035,51.5,0.44,16,1.55,0.6,7913431,Stable,2026-01-28,None,Transactional,Organic,-10,17.43,3,1,2,7
1643,mysql online,79,87,19160,30.2,7,324,1.69,0.47,4882086,Rising,2026-03-11,Sitelinks,Commercial,Organic,8,59.93,2,1,1,1
1644,customer analytics best practices,43,41,1592,17.6,7.51,77,4.84,0.89,273422,Rising,2026-04-19,Reviews,Transactional,People Also Ask,-2,30.46,3,3,1,6
1645,keyword research best practices,32,20,1680,17.5,7.24,102,6.07,0.38,6580213,Stable,2026-08-01,Sitelinks,Informational,Organic,-12,31.32,1,1,2,1
1646,tableau dashboard,63,77,5274,17.1,10.1,86,1.63,0.72,5256507,Declining,2026-01-28,Video,Commercial,Video,14,36.22,2,4,3,4
1647,power bi certification,98,89,15315,50,5.23,113,0.74,0.69,1539576,Stable,2026-04-10,Video,Navigational,People Also Ask,-9,45.84,4,3,2,4
1648,machine learning tools,61,65,4652,56.3,9.1,66,1.42,0.83,2092846,Stable,2026-07-02,Reviews,Informational,Organic,4,23.11,1,1,2,6
1649,keyword research online,29,24,17905,87.4,10.44,1576,8.8,0.57,6680747,Rising,2026-05-23,Reviews,Informational,Organic,-5,44.06,1,1,1,6
1650,python pandas skills,100,100,1161,74.7,1.02,13,1.12,0.35,7068559,Rising,2026-05-11,None,Commercial,Organic,0,10.49,2,1,1,7
1651,data visualization certification,91,81,14967,74.9,1.63,129,0.86,0.61,2992458,Rising,2026-04-17,Reviews,Transactional,Organic,-10,37.74,3,1,1,6
1652,machine learning certification,41,38,994,58.2,0.3,41,4.12,0.43,5359524,Stable,2026-01-24,Reviews,Commercial,Organic,-3,16.71,2,1,2,6
1653,seo analytics software,75,77,2384,32.2,8.81,36,1.51,0.62,1571567,Rising,2026-09-05,Reviews,Transactional,Organic,2,25.88,3,1,1,6
1654,sql best practices,52,53,149,26.5,11.56,4,2.68,0.48,3930108,Rising,2026-09-03,Reviews,Informational,Organic,1,23.77,1,1,1,6
1655,data analyst jobs,40,29,9841,23.7,10.24,420,4.27,0.54,6376918,Stable,2026-02-01,Video,Commercial,Organic,-11,44.73,2,1,2,4
1656,machine learning best practices,41,35,76,53.5,7.86,2,2.63,0.33,7781787,Declining,2026-05-19,Featured Snippet,Commercial,Organic,-6,15.5,2,1,3,2
1657,data visualization examples,32,42,1057,58.1,5.38,75,7.1,0.14,5412799,Stable,2026-02-03,People Also Ask,Informational,Organic,10,18.45,1,1,2,3
1658,reporting advanced,37,25,1046,25.4,6.56,63,6.02,0.49,2695368,Declining,2026-03-10,People Also Ask,Transactional,Image,-12,27.66,3,5,3,3
1659,reporting tutorial,66,80,484,16.1,10.84,6,1.24,0.24,3189980,Stable,2026-04-03,Reviews,Commercial,Image,14,26.79,2,5,2,6
1660,power bi jobs,31,31,2395,44.6,8.03,173,7.22,0.78,4644809,Rising,2026-07-16,Sitelinks,Commercial,Organic,0,25.22,2,1,1,1
1661,sql for beginners,97,88,9390,76.9,9.56,104,1.11,0.31,5121223,Rising,2026-01-02,Video,Commercial,Organic,-9,26.19,2,1,1,4
1662,business intelligence examples,53,44,1011,64,6.56,18,1.78,0.25,3093230,Declining,2026-09-27,Video,Commercial,Organic,-9,13.76,2,1,3,4
1663,power bi online,56,65,1902,24.1,3.14,39,2.05,0.63,1241696,Stable,2026-01-11,Video,Informational,Organic,9,27.64,1,1,2,4
1664,data analyst advanced,45,35,5717,84.9,9.72,236,4.13,0.88,7385073,Declining,2026-01-05,Featured Snippet,Commercial,People Also Ask,-10,18.09,2,3,3,2
1665,reporting best practices,37,32,740,17.7,10.37,25,3.38,0.48,6460028,Stable,2026-01-03,Sitelinks,Transactional,Featured Snippet,-5,27.96,3,2,2,1
1666,keyword research examples,18,20,6823,27,3.44,909,13.32,0.66,5402303,Stable,2026-08-11,Video,Commercial,Organic,2,42.55,2,1,2,4
1667,dashboard examples,59,44,2381,46.6,10.27,60,2.52,0.86,3579196,Rising,2026-05-14,Image Pack,Commercial,Organic,-15,22.09,2,1,1,5
1668,data analyst dashboard,68,61,24347,45.8,4.17,328,1.35,0.46,2741180,Stable,2026-02-09,Image Pack,Transactional,Organic,-7,65.38,3,1,2,5
1669,data analyst certification,50,50,10857,55,8.73,223,2.05,0.25,7731297,Stable,2026-08-11,Image Pack,Commercial,Organic,0,36.18,2,1,2,5
1670,digital marketing skills,98,100,115,72.5,5.02,1,0.87,0.27,2876614,Rising,2026-05-16,Featured Snippet,Transactional,Organic,2,8.94,3,1,1,2
1671,data science for beginners,76,66,1891,19.9,11.52,27,1.43,0.97,5523413,Rising,2026-06-15,None,Transactional,Organic,-10,28.55,3,1,1,7
1672,data visualization guide,39,40,228,70.8,3.14,10,4.39,0.76,3376190,Stable,2026-01-27,Reviews,Informational,Organic,1,11.55,1,1,2,6
1673,content marketing training,3,11,143,16.4,9.22,39,27.27,0.62,855661,Declining,2026-04-17,Sitelinks,Transactional,Organic,8,39.88,3,1,3,1
1674,marketing analytics software,19,33,18770,38,4.64,2613,13.92,0.41,3436640,Rising,2026-04-10,Reviews,Commercial,Organic,14,63.33,2,1,1,6
1675,seo analytics dashboard,81,85,982,72.5,4.65,11,1.12,0.15,761126,Declining,2026-04-11,Featured Snippet,Informational,Organic,4,10.8,1,1,3,2
1676,sql free,92,100,23967,45.9,2.79,120,0.5,0.31,2987158,Stable,2026-08-08,Featured Snippet,Commercial,Video,8,64.15,2,4,2,2
1677,google analytics training,51,50,4596,13.3,7.45,174,3.79,0.62,6546995,Rising,2026-09-11,None,Transactional,Organic,-1,37.16,3,1,1,7
1678,seo analytics training,37,48,5995,21.1,4.38,298,4.97,0.79,7049785,Declining,2026-05-03,Video,Informational,Organic,11,38.23,1,1,3,4
1679,data science project,4,1,357,79.3,5.17,79,22.13,0.47,1757825,Rising,2026-06-12,None,Commercial,Organic,-3,18.7,2,1,1,7
1680,business intelligence tutorial,80,83,125,61.5,0.75,2,1.6,0.8,3106285,Stable,2026-09-17,Featured Snippet,Informational,Organic,3,12.65,1,1,2,2
1681,digital marketing skills,32,33,1737,43.8,3.1,139,8,0.86,1215042,Stable,2026-01-17,Reviews,Commercial,Video,1,24.57,2,4,2,6
1682,data analyst tutorial,34,33,129,55.6,1.13,5,3.88,0.34,7918879,Stable,2026-08-04,Sitelinks,Informational,Organic,-1,15.64,1,1,2,1
1683,reporting online,73,76,17628,35.1,1.15,265,1.5,0.35,1877284,Declining,2026-05-22,Video,Commercial,Organic,3,55.32,2,1,3,4
1684,seo analytics free,58,56,211,71.1,5.02,3,1.42,0.73,5918005,Stable,2026-07-16,Image Pack,Transactional,Organic,-2,9.85,3,1,2,5
1685,data analyst software,92,81,1474,88.2,7.12,6,0.41,0.11,5802966,Stable,2026-04-29,Sitelinks,Transactional,Organic,-11,6.69,3,1,2,1
1686,data visualization free,55,69,1298,35.2,10.09,34,2.62,0.45,7334081,Rising,2026-01-29,People Also Ask,Informational,People Also Ask,14,23.41,1,3,1,3
1687,customer analytics guide,49,35,1039,46.1,3.07,35,3.37,0.29,5919212,Stable,2026-03-27,People Also Ask,Commercial,People Also Ask,-14,20.03,2,3,2,3
1688,python pandas course,25,20,7069,18.2,11.17,677,9.58,0.91,1962255,Stable,2026-04-26,None,Informational,Organic,-5,43.69,1,1,2,7
1689,tableau best practices,40,54,3106,17.6,1.26,108,3.48,0.53,1665608,Rising,2026-09-21,People Also Ask,Informational,Video,14,32.75,1,4,1,3
1690,tableau skills,69,80,188,86.1,11.24,3,1.6,0.21,1127633,Stable,2026-06-17,People Also Ask,Transactional,People Also Ask,11,5.4,3,3,2,3
1691,power bi advanced,67,61,23766,73.5,1.1,346,1.46,0.97,2776278,Declining,2026-02-26,Video,Commercial,Featured Snippet,-6,55.98,2,2,3,4
1692,data visualization dashboard,69,60,222,34.9,9.19,3,1.35,0.72,520208,Rising,2026-04-11,Image Pack,Informational,Organic,-9,20.69,1,1,1,5
1693,google analytics dashboard,34,23,20244,75.3,3.88,1130,5.58,0.87,4679019,Stable,2026-05-04,None,Transactional,People Also Ask,-11,50.63,3,3,2,7
1694,excel jobs,9,10,1212,82.4,3.68,213,17.57,0.43,1733806,Rising,2026-07-02,People Also Ask,Informational,Organic,1,17.04,1,1,1,3
1695,sql skills,29,15,592,34.6,0.32,31,5.24,0.72,7170886,Stable,2026-07-28,People Also Ask,Commercial,Organic,-14,23.59,2,1,2,3
1696,keyword research skills,59,57,23176,44.6,9.04,507,2.19,0.34,6308066,Stable,2026-04-05,Image Pack,Commercial,Organic,-2,63.86,2,1,2,5
1697,reporting templates,35,30,369,34.5,1.17,22,5.96,0.15,3470937,Rising,2026-07-15,Reviews,Informational,Organic,-5,23.56,1,1,1,6
1698,data analyst tutorial,97,100,21756,60.9,2.09,157,0.72,0.17,4377268,Stable,2026-09-15,Featured Snippet,Informational,Organic,3,55.37,1,1,2,2
1699,data science software,82,79,577,40.5,7.5,10,1.73,0.08,1709711,Rising,2026-02-14,Reviews,Informational,Organic,-3,19.92,1,1,1,6
1700,machine learning salary,85,95,13720,85,7.68,163,1.19,0.57,3755747,Stable,2026-03-22,Featured Snippet,Informational,Image,10,32.41,1,5,2,2
1701,mysql examples,72,67,8362,20.3,9.7,146,1.75,0.19,2927255,Rising,2026-04-06,Reviews,Transactional,Organic,-5,41.47,3,1,1,6
1702,marketing analytics course,91,100,669,85.8,4.91,6,0.9,0.57,1553319,Declining,2026-04-04,People Also Ask,Informational,Featured Snippet,9,6.07,1,2,3,3
1703,seo analytics free,34,33,2369,58.6,4.22,99,4.18,0.87,5149601,Declining,2026-09-16,People Also Ask,Commercial,Image,-1,19.35,2,5,3,3
1704,digital marketing dashboard,5,1,1860,77.3,5.29,439,23.6,0.51,4167541,Stable,2026-07-15,People Also Ask,Commercial,Image,-4,23.07,2,5,2,3
1705,reporting templates,31,18,778,86.7,5.12,56,7.2,0.84,379634,Rising,2026-02-20,None,Transactional,Organic,-13,9.37,3,1,1,7
1706,google analytics course,36,36,7151,70.3,10.85,333,4.66,0.06,4169729,Rising,2026-03-04,None,Transactional,Organic,0,25.61,3,1,1,7
1707,marketing analytics advanced,98,93,15698,23.5,8.68,78,0.5,0.72,1151874,Stable,2026-01-25,People Also Ask,Informational,Organic,-5,54.43,1,1,2,3
1708,customer analytics training,76,72,274,42.7,2.74,2,0.73,0.73,1183537,Stable,2026-09-10,Sitelinks,Transactional,Organic,-4,18.12,3,1,2,1
1709,marketing analytics online,52,63,12841,71.6,10.05,327,2.55,0.19,7149167,Stable,2026-04-06,None,Transactional,Organic,11,35.41,3,1,2,7
1710,data visualization for beginners,1,10,213,22.3,4.61,75,35.21,0.53,3531332,Stable,2026-08-05,Video,Navigational,Organic,9,42.47,4,1,2,4
1711,marketing analytics course,79,94,1789,74.1,2.78,34,1.9,0.59,6681417,Stable,2026-03-17,Sitelinks,Informational,Organic,15,12.34,1,1,2,1
1712,sql free,42,55,1767,66.7,7.28,59,3.34,0.64,2341396,Stable,2026-05-22,Sitelinks,Navigational,Organic,13,15.28,4,1,2,1
1713,seo analytics online,50,56,499,35.9,1.62,11,2.2,0.63,4045554,Rising,2026-04-25,People Also Ask,Commercial,Organic,6,21.39,2,1,1,3
1714,keyword research tools,99,95,12060,80.9,7.41,105,0.87,0.27,5836480,Declining,2026-01-26,Image Pack,Navigational,Organic,-4,30.17,4,1,3,5
1715,marketing analytics jobs,8,19,195,25.3,0.64,36,18.46,0.5,5186550,Rising,2026-05-24,Featured Snippet,Informational,Organic,11,32.62,1,1,1,2
1716,customer analytics dashboard,40,49,13441,48.4,5.04,519,3.86,0.77,3599972,Stable,2026-02-12,None,Commercial,Organic,9,44.26,2,1,2,7
1717,power bi examples,2,12,670,34,0.26,172,25.67,0.26,6032457,Stable,2026-09-27,Video,Informational,Featured Snippet,10,34.79,1,2,2,4
1718,excel software,42,35,991,11.3,3.09,31,3.13,0.63,3611863,Declining,2026-07-26,Reviews,Transactional,Organic,-7,30.25,3,1,3,6
1719,power bi skills,96,87,2695,78.2,3.73,21,0.78,0.7,5742659,Declining,2026-06-28,Video,Commercial,Organic,-9,12.31,2,1,3,4
1720,python pandas online,47,55,81,16.8,10.6,2,2.47,0.88,6320408,Declining,2026-04-22,Image Pack,Informational,Organic,8,26.44,1,1,3,5
1721,data science interview questions,44,56,1626,17.1,2.07,43,2.64,0.94,3092087,Stable,2026-09-20,People Also Ask,Informational,Organic,12,29.51,1,1,2,3
1722,mysql for beginners,79,88,128,76.4,1.17,1,0.78,0.59,980428,Stable,2026-08-22,Video,Informational,Organic,9,7.75,1,1,2,4
1723,dashboard examples,39,27,1122,23.2,2.63,53,4.72,0.63,1587175,Stable,2026-05-06,Image Pack,Transactional,Organic,-12,27.78,3,1,2,5
1724,dashboard free,35,34,3012,40.3,3.97,168,5.58,0.39,2563340,Stable,2026-04-18,Reviews,Transactional,Organic,-1,26.87,3,1,2,6
1725,tableau for beginners,61,67,2313,78.8,9.65,26,1.12,0.05,4741648,Stable,2026-01-28,Video,Informational,Video,6,11.55,1,4,2,4
1726,machine learning project,15,11,761,47.1,1.67,77,10.12,0.17,2797601,Rising,2026-08-21,None,Informational,Organic,-4,22.77,1,1,1,7
1727,digital marketing training,85,72,10604,52.9,1.78,85,0.8,0.95,2826778,Rising,2026-04-25,People Also Ask,Informational,Image,-13,35.64,1,5,1,3
1728,data science project,13,10,4650,61.9,5.72,658,14.15,0.27,1327625,Stable,2026-07-10,People Also Ask,Commercial,People Also Ask,-3,28.21,2,3,2,3
1729,dashboard software,63,71,7287,49,11.15,86,1.18,0.09,6341835,Declining,2026-05-15,Reviews,Commercial,Featured Snippet,8,30.42,2,2,3,6
1730,tableau jobs,31,22,21874,73,7.73,1211,5.54,0.49,2162656,Declining,2026-08-16,Reviews,Transactional,Organic,-9,54.54,3,1,3,6
1731,data science advanced,63,71,15694,33.3,6.76,320,2.04,0.99,4241972,Rising,2026-05-26,People Also Ask,Transactional,Organic,8,52.3,3,1,1,3
1732,excel interview questions,4,1,10218,18.1,1.12,2807,27.47,0.67,506646,Rising,2026-01-19,Video,Commercial,Featured Snippet,-3,59.5,2,2,1,4
1733,digital marketing advanced,5,5,5013,57.8,11.34,1304,26.01,0.42,5688357,Rising,2026-07-06,Image Pack,Transactional,Organic,0,36.47,3,1,1,5
1734,customer analytics advanced,55,54,2347,38.2,2.54,64,2.73,0.4,5455692,Stable,2026-09-27,Image Pack,Informational,Organic,-1,24.66,1,1,2,5
1735,mysql salary,18,20,4250,72.3,11.61,456,10.73,0.15,1712029,Rising,2026-05-20,Featured Snippet,Informational,Organic,2,22.47,1,1,1,2
1736,seo analytics jobs,64,69,1382,28.1,4.98,21,1.52,0.5,6220749,Stable,2026-08-15,None,Transactional,Organic,5,25.13,3,1,2,7
1737,digital marketing online,3,1,22272,87.9,8.08,7330,32.91,0.68,1980953,Stable,2026-08-12,None,Informational,People Also Ask,-2,65.42,1,3,2,7
1738,google analytics course,66,56,1240,89.3,5.1,24,1.94,0.61,2262449,Stable,2026-02-04,Featured Snippet,Transactional,People Also Ask,-10,6.71,3,3,2,2
1739,marketing analytics guide,55,70,6180,74.8,8.13,199,3.22,0.21,2258061,Stable,2026-06-15,None,Informational,Organic,15,21.56,1,1,2,7
1740,excel advanced,63,73,12991,74.5,1.93,210,1.62,0.34,7818616,Stable,2026-08-20,People Also Ask,Commercial,Organic,10,34.34,2,1,2,3
1741,content marketing dashboard,24,20,15279,32.4,11.11,1000,6.54,0.78,4352123,Declining,2026-06-25,Sitelinks,Informational,Video,-4,54.14,1,4,3,1
1742,business intelligence online,3,9,1201,26.5,9.94,249,20.73,0.61,3667561,Declining,2026-08-08,Image Pack,Informational,Organic,6,35.47,1,1,3,5
1743,digital marketing free,11,4,2339,23.3,11.36,404,17.27,0.24,2724416,Declining,2026-02-19,Sitelinks,Informational,Organic,-7,36.85,1,1,3,1
1744,business intelligence guide,2,1,105,80.3,4.86,35,33.33,0.09,4669477,Declining,2026-09-05,Video,Informational,Organic,-1,23.86,1,1,3,4
1745,mysql guide,19,27,7689,48.7,7.92,681,8.86,0.44,7675996,Stable,2026-01-22,People Also Ask,Commercial,People Also Ask,8,35.39,2,3,2,3
1746,google analytics for beginners,7,13,772,41.2,6.98,196,25.39,0.68,3219556,Rising,2026-06-18,None,Informational,Organic,6,32.69,1,1,1,7
1747,mysql project,14,17,6066,13,8.67,777,12.81,0.69,3217848,Declining,2026-01-17,Image Pack,Transactional,Featured Snippet,3,44.98,3,2,3,5
1748,data analyst training,39,28,1905,89.8,8.52,93,4.88,0.17,739380,Declining,2026-02-21,Featured Snippet,Informational,Organic,-11,9.44,1,1,3,2
1749,dashboard guide,60,75,102,24,11.54,1,0.98,0.28,7230360,Stable,2026-06-24,Featured Snippet,Informational,Organic,15,23.52,1,1,2,2
1750,data visualization certification,55,58,24308,12,8.55,619,2.55,0.53,1304203,Declining,2026-04-29,Featured Snippet,Transactional,Organic,3,76.09,3,1,3,2
1751,machine learning online,39,30,15449,61.1,0.25,550,3.56,0.81,6840007,Stable,2026-06-23,People Also Ask,Informational,Organic,-9,44.28,1,1,2,3
1752,content marketing certification,4,17,607,34.3,10.91,124,20.43,0.56,1677307,Stable,2026-07-08,Image Pack,Navigational,Organic,13,31.79,4,1,2,5
1753,data science advanced,75,60,749,70.7,7.31,7,0.93,0.13,3990273,Rising,2026-01-17,People Also Ask,Informational,Organic,-15,10.77,1,1,1,3
1754,power bi advanced,39,26,438,84.6,4.71,22,5.02,0.29,6511380,Stable,2026-06-14,Featured Snippet,Informational,Organic,-13,8.16,1,1,2,2
1755,digital marketing certification,97,99,3704,42.3,5.68,49,1.32,0.06,2382559,Rising,2026-08-21,Reviews,Commercial,People Also Ask,2,25.38,2,3,1,6
1756,sql free,98,90,85,24.2,7.05,0,0,0.73,2799981,Stable,2026-09-13,People Also Ask,Navigational,Organic,-8,22.91,4,1,2,3
1757,data analyst project,70,63,6505,56.9,8.47,144,2.21,0.25,1113127,Rising,2026-06-26,Video,Informational,Organic,-7,27.04,1,1,1,4
1758,seo analytics jobs,62,48,3348,77.9,10.71,56,1.67,0.89,6461420,Stable,2026-03-02,Sitelinks,Informational,Organic,-14,14.18,1,1,2,1
1759,dashboard free,51,45,2860,63.9,4.34,55,1.92,0.58,3756150,Rising,2026-04-18,People Also Ask,Commercial,Organic,-6,17.54,2,1,1,3
1760,data analyst dashboard,75,60,8441,86.5,4.69,160,1.9,0.06,3584211,Stable,2026-04-04,None,Navigational,Organic,-15,21.84,4,1,2,7
1761,tableau tools,28,29,676,72.5,5.82,60,8.88,0.88,7144891,Stable,2026-07-11,Video,Informational,Organic,1,14.32,1,1,2,4
1762,dashboard advanced,53,42,1711,47.5,2.37,52,3.04,0.47,5426623,Rising,2026-08-13,None,Informational,Organic,-11,20.77,1,1,1,7
1763,python pandas for beginners,77,75,415,73.4,5,7,1.69,0.21,1773386,Rising,2026-05-04,Sitelinks,Transactional,Organic,-2,9.7,3,1,1,1
1764,dashboard training,33,26,1431,42.1,8.56,88,6.15,0.94,4614790,Declining,2026-04-27,Reviews,Navigational,Organic,-7,23.49,4,1,3,6
1765,content marketing salary,25,20,3229,41.3,9.39,213,6.6,0.53,2091032,Stable,2026-01-25,Sitelinks,Transactional,People Also Ask,-5,27.54,3,3,2,1
1766,digital marketing examples,68,81,4677,52.5,9.4,47,1,0.95,5127659,Stable,2026-09-24,None,Informational,Organic,13,24.08,1,1,2,7
1767,content marketing project,19,20,92,88,5.04,13,14.13,0.39,6445572,Stable,2026-08-06,Image Pack,Commercial,Image,1,11.3,2,5,2,5
1768,customer analytics guide,4,10,364,67.8,11.42,77,21.15,0.12,3948179,Declining,2026-02-17,Image Pack,Navigational,Video,6,21.64,4,4,3,5
1769,customer analytics guide,54,68,1092,72.1,8.01,25,2.29,0.54,3975481,Declining,2026-09-23,Video,Informational,Featured Snippet,14,11.76,1,2,3,4
1770,sql examples,21,31,1097,73.8,2.25,115,10.48,0.68,3259954,Rising,2026-08-07,Sitelinks,Informational,Featured Snippet,10,15.62,1,2,1,1
1771,customer analytics for beginners,65,50,2109,35.9,8.48,26,1.23,0.37,818446,Declining,2026-03-17,Reviews,Informational,Organic,-15,24.08,1,1,3,6
1772,data analyst tools,93,100,2857,39.3,3.4,24,0.84,0.63,5336678,Stable,2026-01-29,None,Transactional,Organic,7,24.34,3,1,2,7
1773,python pandas interview questions,41,46,12825,17.8,2.22,555,4.33,0.29,1532319,Rising,2026-07-23,Sitelinks,Commercial,Video,5,52.46,2,4,1,1
1774,keyword research project,95,97,672,55.8,4.6,7,1.04,0.27,4532047,Stable,2026-01-06,Video,Informational,Organic,2,15.15,1,1,2,4
1775,digital marketing skills,58,62,430,42.1,1.09,10,2.33,0.52,977839,Stable,2026-01-04,Sitelinks,Informational,Featured Snippet,4,19.46,1,2,2,1
1776,dashboard best practices,64,68,3505,12.2,1.72,32,0.91,0.16,4586338,Stable,2026-06-30,Featured Snippet,Informational,Organic,4,33.79,1,1,2,2
1777,dashboard interview questions,1,12,1102,78.1,9.1,327,29.67,0.61,1004496,Stable,2026-07-10,People Also Ask,Transactional,Organic,11,24.55,3,1,2,3
1778,business intelligence templates,83,82,179,23.2,0.43,2,1.12,0.93,2561090,Declining,2026-06-08,Featured Snippet,Informational,People Also Ask,-1,23.99,1,3,3,2
1779,machine learning advanced,53,43,1582,58.1,6.3,43,2.72,0.22,5294455,Declining,2026-08-29,Reviews,Commercial,Featured Snippet,-10,17.16,2,2,3,6
1780,tableau interview questions,62,52,907,60.8,2.53,24,2.65,0.64,3807030,Stable,2026-07-12,People Also Ask,Commercial,Organic,-10,14.97,2,1,2,3
1781,google analytics project,29,42,6532,61.8,10.05,480,7.35,0.77,1965876,Declining,2026-01-10,Reviews,Informational,Organic,13,28.36,1,1,3,6
1782,dashboard best practices,7,12,120,55.4,0.31,27,22.5,0.5,3927481,Rising,2026-03-27,Video,Informational,Featured Snippet,5,25.59,1,2,1,4
1783,python pandas salary,47,40,6461,12.6,5.07,154,2.38,0.76,5799092,Rising,2026-01-31,Sitelinks,Commercial,Organic,-7,40.33,2,1,1,1
1784,machine learning certification,91,79,2487,24.6,3.87,11,0.44,0.86,3484612,Declining,2026-01-07,Sitelinks,Commercial,Organic,-12,27.8,2,1,3,1
1785,python pandas templates,29,20,1691,88.8,3.42,100,5.91,0.59,5171497,Declining,2026-06-15,Image Pack,Informational,Organic,-9,9.87,1,1,3,5
1786,data science free,11,7,1043,11.6,2.19,221,21.19,0.75,3826791,Stable,2026-07-26,People Also Ask,Informational,Organic,-4,39.87,1,1,2,3
1787,python pandas templates,73,58,5812,87.7,0.86,61,1.05,0.11,6757546,Rising,2026-03-16,Video,Commercial,Organic,-15,15.8,2,1,1,4
1788,keyword research skills,34,40,120,32.7,7.77,6,5,0.61,5848123,Stable,2026-08-10,Video,Navigational,People Also Ask,6,23.09,4,3,2,4
1789,digital marketing advanced,29,33,731,28.5,6.98,45,6.16,0.85,5966865,Stable,2026-04-04,None,Navigational,Organic,4,26.18,4,1,2,7
1790,marketing analytics free,72,79,747,25.9,9.96,10,1.34,0.26,353611,Stable,2026-05-22,People Also Ask,Informational,Video,7,24.43,1,4,2,3
1791,business intelligence tutorial,24,16,1834,77.6,2,209,11.4,0.07,4646443,Stable,2026-08-23,Featured Snippet,Informational,Organic,-8,16.43,1,1,2,2
1792,power bi skills,10,7,78,75.7,4.05,14,17.95,0.13,7588237,Stable,2026-09-13,Sitelinks,Transactional,Image,-3,17,3,5,2,1
1793,digital marketing tutorial,35,24,663,75.4,8.17,35,5.28,0.12,4831103,Rising,2026-07-10,None,Informational,Organic,-11,11.51,1,1,1,7
1794,marketing analytics tutorial,63,72,3763,17.3,3.14,108,2.87,0.37,366307,Stable,2026-04-25,Reviews,Commercial,Organic,9,33.82,2,1,2,6
1795,digital marketing tools,79,86,2331,65.4,10.33,21,0.9,0.16,7468198,Stable,2026-04-29,Featured Snippet,Navigational,Organic,7,15.49,4,1,2,2
1796,python pandas examples,53,45,128,44.4,8.99,3,2.34,0.68,7006344,Stable,2026-08-10,Featured Snippet,Informational,Organic,-8,18.18,1,1,2,2
1797,data analyst interview questions,56,71,183,33.1,0.85,4,2.19,0.52,2996295,Stable,2026-08-17,Video,Transactional,Organic,15,21.6,3,1,2,4
1798,business intelligence best practices,4,18,3647,71.2,0.65,1107,30.35,0.77,3457262,Rising,2026-01-26,Reviews,Informational,Organic,14,32.04,1,1,1,6
1799,marketing analytics online,65,67,215,26.6,3.52,4,1.86,0.16,7518511,Stable,2026-02-28,Video,Navigational,Organic,2,23.44,4,1,2,4
1800,customer analytics software,12,13,11367,43.6,7.23,2077,18.27,0.67,3178113,Declining,2026-03-24,Video,Commercial,Organic,1,49.24,2,1,3,4
1801,data analyst free,20,27,2428,10.1,7.73,291,11.99,0.94,2464988,Rising,2026-04-09,Video,Informational,Organic,7,38.18,1,1,1,4
1802,data analyst interview questions,67,59,21727,72.5,11.52,300,1.38,0.62,7627939,Stable,2026-07-10,Sitelinks,Commercial,Organic,-8,52.18,2,1,2,1
1803,seo analytics templates,71,62,2046,16.4,4.77,16,0.78,0.46,4309470,Stable,2026-08-19,People Also Ask,Informational,Organic,-9,29.56,1,1,2,3
1804,data science certification,11,9,948,13.6,8.09,198,20.89,0.24,2568627,Declining,2026-02-15,Image Pack,Informational,Organic,-2,38.92,1,1,3,5
1805,mysql dashboard,76,90,355,12.6,4.32,5,1.41,0.36,6369855,Rising,2026-08-29,Reviews,Commercial,Featured Snippet,14,27.68,2,2,1,6
1806,data analyst dashboard,13,10,3543,48.5,7.18,515,14.54,0.4,4470546,Stable,2026-01-07,None,Informational,Organic,-3,30.23,1,1,2,7
1807,power bi salary,48,63,935,11.9,0.88,27,2.89,0.08,7949517,Stable,2026-04-17,Image Pack,Transactional,Organic,15,29.83,3,1,2,5
1808,mysql training,67,68,2383,40.2,4.82,26,1.09,0.78,2140099,Rising,2026-01-31,Sitelinks,Informational,Organic,1,23.26,1,1,1,1
1809,machine learning skills,21,25,1132,28.1,0.41,133,11.75,0.15,7934399,Stable,2026-07-31,People Also Ask,Navigational,Organic,4,30.07,4,1,2,3
1810,google analytics salary,66,70,3555,38.7,6.36,55,1.55,0.37,3728264,Stable,2026-07-26,Sitelinks,Informational,Organic,4,26.28,1,1,2,1
1811,power bi salary,29,42,727,40.6,5.72,67,9.22,0.15,3003520,Stable,2026-09-23,Image Pack,Transactional,People Also Ask,13,24.17,3,3,2,5
1812,excel online,81,71,6588,11,1.02,49,0.74,0.56,1095116,Rising,2026-03-07,Video,Commercial,Organic,-10,40.19,2,1,1,4
1813,digital marketing free,82,86,110,40.5,2.49,0,0,0.42,2719080,Stable,2026-05-25,People Also Ask,Informational,Organic,4,18.07,1,1,2,3
1814,data visualization examples,89,91,437,53.5,4.84,4,0.92,0.48,3803784,Rising,2026-01-22,Featured Snippet,Navigational,People Also Ask,2,15.31,4,3,1,2
1815,excel for beginners,5,12,483,40.5,7.13,98,20.29,0.16,6145421,Stable,2026-07-29,Sitelinks,Informational,Organic,7,29.61,1,1,2,1
1816,mysql tools,65,68,14164,18.2,7.05,220,1.55,0.35,7594509,Declining,2026-03-15,People Also Ask,Transactional,Organic,3,53.53,3,1,3,3
1817,customer analytics dashboard,38,25,85,16.3,1.3,4,4.71,0.15,6891349,Declining,2026-02-23,People Also Ask,Informational,Image,-13,27.79,1,5,3,3
1818,sql training,21,16,9373,79.9,8.09,923,9.85,0.52,3429749,Stable,2026-05-21,None,Informational,Image,-5,29.91,1,5,2,7
1819,google analytics interview questions,13,7,15267,46.7,2.71,1797,11.77,0.81,2958762,Declining,2026-05-20,People Also Ask,Commercial,Video,-6,52.61,2,4,3,3
1820,python pandas interview questions,42,48,3359,73.2,5.57,99,2.95,0.86,7511400,Rising,2026-09-26,Video,Informational,Video,6,16.29,1,4,1,4
1821,machine learning templates,14,21,780,87.6,7.46,131,16.79,0.43,2543584,Rising,2026-07-17,Sitelinks,Informational,Organic,7,14.21,1,1,1,1
1822,mysql software,30,45,238,54.5,4.3,15,6.3,0.13,6724823,Rising,2026-07-27,Reviews,Informational,Organic,15,17.48,1,1,1,6
1823,excel jobs,42,34,1452,84.5,0.45,45,3.1,0.54,3818257,Rising,2026-07-13,None,Commercial,Organic,-8,9.19,2,1,1,7
1824,marketing analytics advanced,35,36,1061,47.4,10.8,60,5.66,0.07,617746,Declining,2026-08-28,Sitelinks,Transactional,Organic,1,20.9,3,1,3,1
1825,machine learning free,41,44,1116,74.7,9.83,48,4.3,0.15,7466303,Rising,2026-02-24,Image Pack,Transactional,Organic,3,12.1,3,1,1,5
1826,power bi tutorial,36,40,81,17.4,3.58,4,4.94,0.39,6823824,Stable,2026-05-24,Featured Snippet,Informational,Organic,4,27.57,1,1,2,2
1827,marketing analytics project,85,88,17730,66.1,4.24,235,1.33,0.98,3944350,Stable,2026-04-19,Reviews,Informational,Organic,3,46.13,1,1,2,6
1828,data analyst tutorial,40,44,22641,56.7,4.74,834,3.68,0.73,5797537,Declining,2026-09-02,Reviews,Transactional,Organic,4,59.96,3,1,3,6
1829,mysql dashboard,73,85,1234,65.6,2.03,18,1.46,0.19,7362339,Stable,2026-06-28,None,Commercial,People Also Ask,12,13.55,2,3,2,7
1830,machine learning templates,20,32,3483,41,5.55,403,11.57,0.98,7679879,Rising,2026-04-13,None,Informational,Featured Snippet,12,30.78,1,2,1,7
1831,reporting guide,57,71,100,39.2,6.8,1,1,0.83,3807558,Rising,2026-03-04,Video,Informational,Organic,14,18.97,1,1,1,4
1832,dashboard for beginners,79,70,1837,41.5,4.93,28,1.52,0.61,321489,Declining,2026-06-17,People Also Ask,Commercial,People Also Ask,-9,22.01,2,3,3,3
1833,machine learning templates,92,84,1162,48,10.11,5,0.43,0.42,7639364,Stable,2026-03-19,People Also Ask,Informational,Organic,-8,18.14,1,1,2,3
1834,power bi skills,4,8,486,14.3,0.77,150,30.86,0.82,5404334,Stable,2026-02-12,None,Informational,Organic,4,43.1,1,1,2,7
1835,sql advanced,59,50,4402,30.2,9.3,92,2.09,0.18,884216,Rising,2026-01-25,Reviews,Transactional,Organic,-9,30.8,3,1,1,6
1836,business intelligence online,39,45,2565,60,9.22,141,5.5,0.72,4573321,Stable,2026-03-07,Featured Snippet,Commercial,Organic,6,20.03,2,1,2,2
1837,power bi examples,86,79,3937,64.1,11.34,41,1.04,0.64,3418997,Declining,2026-07-05,People Also Ask,Transactional,Organic,-7,19.15,3,1,3,3
1838,python pandas salary,10,19,5414,80.3,0.45,747,13.8,0.73,3301554,Rising,2026-09-04,Video,Informational,Organic,9,24.02,1,1,1,4
1839,machine learning course,20,11,1766,19.3,7.61,186,10.53,0.23,7321874,Stable,2026-02-03,Video,Transactional,Organic,-9,33.33,3,1,2,4
1840,data analyst training,19,11,9331,67,8.86,1375,14.74,0.18,7217654,Rising,2026-07-25,None,Commercial,Organic,-8,36.3,2,1,1,7
1841,google analytics templates,31,30,7056,77.7,6.9,384,5.44,0.23,1643070,Stable,2026-05-12,People Also Ask,Informational,Organic,-1,23.61,1,1,2,3
1842,machine learning best practices,99,100,19430,50.6,10.49,199,1.02,0.79,1935990,Rising,2026-05-12,Sitelinks,Commercial,Organic,1,53.99,2,1,1,1
1843,keyword research for beginners,64,64,257,35.4,4.3,5,1.95,0.1,5194405,Stable,2026-03-27,None,Commercial,Organic,0,20.93,2,1,2,7
1844,reporting tutorial,22,36,1655,65,0.39,209,12.63,0.95,3850104,Rising,2026-04-02,Reviews,Navigational,Organic,14,20.51,4,1,1,6
1845,data analyst dashboard,19,10,1584,15.8,9.6,157,9.91,0.67,4797610,Declining,2026-08-28,None,Informational,Organic,-9,33.68,1,1,3,7
1846,dashboard dashboard,78,89,2075,78.2,3.93,21,1.01,0.65,1339180,Stable,2026-05-18,Reviews,Informational,Organic,11,11.2,1,1,2,6
1847,business intelligence guide,59,44,957,44.1,11.54,18,1.88,0.86,1011769,Rising,2026-05-30,Reviews,Transactional,Organic,-15,19.67,3,1,1,6
1848,data analyst course,70,56,1467,29.9,8.97,16,1.09,0.96,5100573,Declining,2026-03-13,Image Pack,Commercial,Image,-14,24.53,2,5,3,5
1849,data visualization certification,6,19,3534,51.7,2.59,760,21.51,0.72,7856400,Stable,2026-05-29,Image Pack,Informational,Organic,13,32.96,1,1,2,5
1850,data science salary,1,1,8115,11.8,3.68,2074,25.56,0.68,3607457,Stable,2026-09-08,Image Pack,Commercial,Featured Snippet,0,56.2,2,2,2,5
1851,business intelligence guide,42,29,568,68.5,4.37,20,3.52,0.07,3034770,Rising,2026-09-20,Sitelinks,Commercial,Organic,-13,12.45,2,1,1,1
1852,digital marketing salary,17,15,422,13.8,2.68,49,11.61,0.17,2713462,Rising,2026-09-28,Featured Snippet,Informational,Video,-2,32.88,1,4,1,2
1853,digital marketing salary,82,75,1117,36.5,2.62,6,0.54,0.59,6825481,Stable,2026-02-27,None,Informational,Organic,-7,21.56,1,1,2,7
1854,excel best practices,55,59,2570,47.7,8.18,35,1.36,0.05,3115767,Declining,2026-02-02,Sitelinks,Informational,Organic,4,21.52,1,1,3,1
1855,digital marketing advanced,60,45,118,33,9.51,1,0.85,0.36,5315927,Stable,2026-06-03,Featured Snippet,Commercial,Organic,-15,20.79,2,1,2,2
1856,data visualization online,1,4,453,19.5,0.27,147,32.45,0.96,3381974,Stable,2026-08-01,Sitelinks,Transactional,Featured Snippet,3,42.32,3,2,2,1
1857,excel skills,21,28,1441,65.9,8.42,166,11.52,0.57,574354,Stable,2026-04-09,Video,Commercial,Organic,7,19.23,2,1,2,4
1858,machine learning software,35,43,136,78.1,3.81,6,4.41,0.37,6988855,Rising,2026-07-06,Sitelinks,Transactional,Organic,8,9.19,3,1,1,1
1859,keyword research jobs,42,37,5900,76.8,5.66,244,4.14,0.22,514939,Rising,2026-08-16,People Also Ask,Commercial,Organic,-5,20.89,2,1,1,3
1860,machine learning course,33,47,1892,52.7,9.61,111,5.87,0.49,6726806,Stable,2026-06-08,None,Navigational,Organic,14,21.08,4,1,2,7
1861,machine learning software,90,85,22278,62.9,4.5,237,1.06,0.74,2950470,Stable,2026-06-14,Video,Commercial,Organic,-5,55.99,2,1,2,4
1862,sql certification,88,79,4177,73.8,2.84,59,1.41,0.49,7778213,Stable,2026-05-09,People Also Ask,Transactional,Organic,-9,16.91,3,1,2,3
1863,sql guide,1,3,11081,77.9,11.62,4036,36.42,0.09,6100798,Declining,2026-03-27,Featured Snippet,Informational,Organic,2,48.04,1,1,3,2
1864,google analytics online,77,86,1485,83.2,2.51,18,1.21,0.12,5438628,Stable,2026-09-22,Image Pack,Commercial,Organic,9,8.64,2,1,2,5
1865,data science examples,50,63,243,69.8,8.82,7,2.88,0.5,7094083,Declining,2026-03-06,Video,Informational,Video,13,11.08,1,4,3,4
1866,keyword research guide,7,21,678,64.1,9.03,163,24.04,0.88,1335163,Stable,2026-09-20,Video,Commercial,Organic,14,24.91,2,1,2,4
1867,digital marketing training,74,73,2375,14.1,10.93,35,1.47,0.49,4072243,Rising,2026-06-02,None,Informational,Organic,-1,31.27,1,1,1,7
1868,digital marketing project,36,24,101,56.5,9.97,4,3.96,0.65,7424764,Rising,2026-04-29,People Also Ask,Transactional,People Also Ask,-12,15.36,3,3,1,3
1869,dashboard certification,89,86,135,68.7,3.14,1,0.74,0.25,4967546,Stable,2026-01-28,Video,Transactional,Organic,-3,10.05,3,1,2,4
1870,dashboard best practices,47,48,1522,70.5,11.08,44,2.89,0.98,4506879,Stable,2026-09-27,People Also Ask,Navigational,Organic,1,13.41,4,1,2,3
1871,seo analytics tutorial,63,74,15252,89.7,7.9,209,1.37,0.49,7666952,Rising,2026-04-09,People Also Ask,Commercial,Organic,11,34.14,2,1,1,3
1872,data analyst free,66,68,777,22.5,2.45,14,1.8,0.32,2043111,Rising,2026-06-24,Featured Snippet,Navigational,Organic,2,25.75,4,1,1,2
1873,power bi jobs,29,16,675,64.7,4.83,43,6.37,0.34,5433579,Stable,2026-03-02,People Also Ask,Commercial,Organic,-13,15.32,2,1,2,3
1874,reporting tutorial,25,14,435,48.6,1.08,38,8.74,0.88,4764248,Stable,2026-06-10,People Also Ask,Informational,Organic,-11,20.94,1,1,2,3
1875,power bi salary,5,1,1558,30.1,2.5,331,21.25,0.93,3011519,Rising,2026-08-29,None,Informational,Featured Snippet,-4,35.38,1,2,1,7
1876,excel for beginners,73,65,13415,86.5,1.94,233,1.74,0.06,3464112,Rising,2026-07-27,Sitelinks,Navigational,Organic,-8,31.65,4,1,1,1
1877,python pandas for beginners,84,76,14364,12.1,4.76,120,0.84,0.38,5435334,Declining,2026-07-09,People Also Ask,Informational,Video,-8,55.37,1,4,3,3
1878,dashboard skills,7,1,1697,36.6,0.28,418,24.63,0.62,5442880,Declining,2026-04-21,Featured Snippet,Commercial,Organic,-6,35.5,2,1,3,2
1879,business intelligence advanced,93,97,88,75.9,0.62,0,0,0.83,3322397,Stable,2026-03-14,Video,Transactional,Organic,4,7.4,3,1,2,4
1880,data visualization jobs,20,6,8087,85.9,8.18,851,10.52,0.62,3566994,Declining,2026-08-25,Sitelinks,Navigational,Organic,-14,25.91,4,1,3,1
1881,keyword research certification,23,9,84,77.9,3.18,7,8.33,0.61,7173564,Declining,2026-07-15,Featured Snippet,Transactional,Organic,-14,11.23,3,1,3,2
1882,business intelligence training,97,100,889,60.8,10.1,8,0.9,0.91,6308933,Stable,2026-02-27,Sitelinks,Transactional,Organic,3,14.01,3,1,2,1
1883,data science tools,21,11,1458,14.5,6.8,158,10.84,0.66,3666877,Rising,2026-08-21,None,Informational,Organic,-10,34.32,1,1,1,7
1884,customer analytics skills,63,71,5374,45.6,2.16,76,1.41,0.43,1375661,Stable,2026-09-23,None,Commercial,Featured Snippet,8,27.75,2,2,2,7
1885,sql jobs,54,57,3685,33.3,5.11,82,2.23,0.35,5977082,Rising,2026-07-29,Sitelinks,Transactional,Organic,3,28.52,3,1,1,1
1886,data analyst best practices,34,33,593,30.6,9.84,28,4.72,0.25,4490875,Stable,2026-08-29,Video,Commercial,Organic,-1,24.51,2,1,2,4
1887,data analyst interview questions,1,11,21408,31.8,3.95,7288,34.04,0.1,3585015,Rising,2026-09-21,Image Pack,Commercial,Image,10,81.14,2,5,1,5
1888,python pandas for beginners,40,29,2131,73.6,1.81,76,3.57,0.43,5812513,Stable,2026-07-13,People Also Ask,Informational,Organic,-11,14.06,1,1,2,3
1889,keyword research dashboard,64,51,12733,43.9,4.15,232,1.82,0.53,6400208,Rising,2026-07-25,Video,Informational,Organic,-13,43.11,1,1,1,4
1890,dashboard software,82,69,513,51.9,10.79,9,1.75,0.99,1241582,Stable,2026-05-02,People Also Ask,Commercial,Organic,-13,16.38,2,1,2,3
1891,google analytics course,11,14,6079,59.3,8.23,1073,17.65,0.05,5679120,Stable,2026-09-21,None,Transactional,Organic,3,33.69,3,1,2,7
1892,excel software,22,8,3081,18.3,11.4,266,8.63,0.32,1954496,Declining,2026-07-10,Reviews,Commercial,Organic,-14,35.23,2,1,3,6
1893,python pandas project,53,40,8851,88,1.28,267,3.02,0.05,5475027,Rising,2026-02-24,Video,Commercial,Organic,-13,22.8,2,1,1,4
1894,data visualization course,48,34,471,33.1,5.79,18,3.82,0.27,5524886,Rising,2026-02-11,Sitelinks,Navigational,Organic,-14,23.04,4,1,1,1
1895,data science software,80,90,8250,61.9,8.16,130,1.58,0.36,1994531,Stable,2026-06-14,Image Pack,Transactional,Image,10,28.67,3,5,2,5
1896,seo analytics examples,98,88,1208,63,8.23,12,0.99,0.66,638019,Rising,2026-05-26,Sitelinks,Informational,Organic,-10,14.03,1,1,1,1
1897,mysql project,6,21,15546,17.4,10.8,3383,21.76,0.78,4978356,Rising,2026-08-16,None,Commercial,Featured Snippet,15,67.27,2,2,1,7
1898,dashboard templates,58,55,3903,64.1,4.65,116,2.97,0.35,4071955,Rising,2026-08-23,People Also Ask,Commercial,Organic,-3,20.11,2,1,1,3
1899,content marketing online,39,43,17526,50.7,3.45,575,3.28,0.1,7656820,Stable,2026-09-15,Video,Informational,Featured Snippet,4,51.38,1,2,2,4
1900,content marketing interview questions,33,26,1078,59.4,6.78,50,4.64,0.77,2675235,Declining,2026-02-25,Sitelinks,Navigational,Organic,-7,16.79,4,1,3,1
1901,power bi online,48,58,23456,87,3.15,900,3.84,0.62,5412833,Stable,2026-04-24,None,Informational,Organic,10,52.58,1,1,2,7
1902,dashboard best practices,16,17,10161,75.5,5.56,1499,14.75,0.7,6841087,Rising,2026-01-21,Featured Snippet,Informational,People Also Ask,1,35.4,1,3,1,2
1903,digital marketing salary,45,49,3491,20.7,4.15,112,3.21,0.2,4680681,Declining,2026-09-05,None,Commercial,Organic,4,32.44,2,1,3,7
1904,reporting salary,9,21,1029,64.6,7.38,193,18.76,0.41,2498561,Stable,2026-08-22,Sitelinks,Commercial,Organic,12,22.65,2,1,2,1
1905,digital marketing free,24,11,1000,46.6,6.09,104,10.4,0.37,1323643,Declining,2026-04-03,Video,Commercial,Video,-13,23.54,2,4,3,4
1906,tableau templates,65,66,13596,57.2,6.59,210,1.54,0.33,2769237,Rising,2026-08-20,None,Informational,Organic,1,40.69,1,1,1,7
1907,digital marketing course,15,29,10786,20.9,11.24,2008,18.62,0.44,7146064,Rising,2026-06-18,Image Pack,Commercial,Organic,14,55.08,2,1,1,5
1908,keyword research tools,90,93,700,81.7,6.29,2,0.29,0.31,7824140,Rising,2026-05-31,Video,Commercial,Organic,3,7.04,2,1,1,4
1909,content marketing best practices,16,30,277,42.8,9.68,28,10.11,0.92,6968928,Rising,2026-08-27,Sitelinks,Commercial,Organic,14,23.09,2,1,1,1
1910,digital marketing online,4,16,2066,18.2,0.61,510,24.69,0.92,2081925,Rising,2026-08-14,Reviews,Informational,Video,12,41.79,1,4,1,6
1911,data science tools,69,67,13849,32.7,5.59,249,1.8,0.86,6438445,Rising,2026-02-09,Featured Snippet,Commercial,Organic,-2,48.68,2,1,1,2
1912,customer analytics jobs,72,85,3233,73.8,10.89,36,1.11,0.88,2904391,Declining,2026-06-19,Image Pack,Informational,Organic,13,14.88,1,1,3,5
1913,tableau skills,91,100,755,84.4,2.15,11,1.46,0.22,1288176,Declining,2026-09-25,Reviews,Commercial,Organic,9,6.96,2,1,3,6
1914,power bi skills,79,72,2225,67.2,6.41,21,0.94,0.89,7949578,Declining,2026-05-27,Video,Transactional,Organic,-7,14.76,3,1,3,4
1915,power bi training,11,17,1030,23.4,7.48,220,21.36,0.14,5921975,Declining,2026-04-18,Reviews,Informational,Organic,6,36.4,1,1,3,6
1916,tableau guide,67,65,788,45.4,10.5,11,1.4,0.45,4424312,Stable,2026-06-23,Featured Snippet,Commercial,Organic,-2,18.69,2,1,2,2
1917,google analytics course,93,85,352,89.5,5.9,4,1.14,0.46,823949,Stable,2026-07-28,Featured Snippet,Commercial,Organic,-8,4.46,2,1,2,2
1918,machine learning examples,82,87,1903,70.4,11.75,22,1.16,0.28,7147518,Rising,2026-03-08,None,Transactional,People Also Ask,5,13.28,3,3,1,7
1919,data science tutorial,8,1,1273,52.5,8.53,195,15.32,0.17,3805800,Stable,2026-03-06,Featured Snippet,Commercial,People Also Ask,-7,24.93,2,3,2,2
1920,mysql course,40,47,626,13.3,8.78,21,3.35,0.32,3402247,Stable,2026-04-25,Image Pack,Transactional,Video,7,29.04,3,4,2,5
1921,mysql tutorial,38,26,198,87.7,6.54,9,4.55,0.6,5173528,Declining,2026-07-24,None,Commercial,Organic,-12,6.51,2,1,3,7
1922,google analytics skills,49,53,90,87.2,6.28,2,2.22,0.68,4095796,Rising,2026-04-06,Reviews,Informational,People Also Ask,4,5.2,1,3,1,6
1923,data visualization project,70,74,1419,47.2,8.34,13,0.92,0.45,1461110,Stable,2026-05-15,People Also Ask,Commercial,Organic,4,19.15,2,1,2,3
1924,digital marketing jobs,54,47,104,11.9,6.75,1,0.96,0.17,5803604,Rising,2026-05-06,Image Pack,Commercial,Organic,-7,27.15,2,1,1,5
1925,machine learning online,64,51,1601,27.9,4.4,20,1.25,0.89,4475292,Declining,2026-01-20,Image Pack,Commercial,Video,-13,25.48,2,4,3,5
1926,content marketing dashboard,27,26,1286,25.8,4.96,98,7.62,0.47,1492466,Stable,2026-02-06,People Also Ask,Navigational,Organic,-1,28.87,4,1,2,3
1927,tableau templates,48,47,24148,63.4,3.69,764,3.16,0.37,4646330,Declining,2026-01-14,People Also Ask,Informational,Organic,-1,60.67,1,1,3,3
1928,google analytics salary,73,80,9097,19.2,6.26,199,2.19,0.32,779592,Rising,2026-06-26,Featured Snippet,Commercial,Organic,7,43.49,2,1,1,2
1929,content marketing salary,8,23,3977,71.9,7.81,933,23.46,0.12,5270868,Rising,2026-02-04,Image Pack,Commercial,Organic,15,28.82,2,1,1,5
1930,seo analytics software,63,57,16327,21.9,9.69,225,1.38,0.18,5119265,Stable,2026-05-15,Video,Informational,Organic,-6,56.62,1,1,2,4
1931,customer analytics salary,39,54,83,68.3,8.26,3,3.61,0.14,1514544,Declining,2026-05-27,Sitelinks,Transactional,Organic,15,11.6,3,1,3,1
1932,business intelligence best practices,30,24,15418,72.9,7,1101,7.14,0.13,4503083,Rising,2026-03-26,People Also Ask,Commercial,Organic,-6,42.58,2,1,1,3
1933,dashboard tutorial,91,76,1347,48.3,10.97,7,0.52,0.67,7253052,Stable,2026-07-28,Sitelinks,Informational,Video,-15,18.46,1,4,2,1
1934,sql certification,27,37,1218,68.4,2.95,108,8.87,0.49,1776603,Stable,2026-08-10,Reviews,Informational,Organic,10,16.62,1,1,2,6
1935,customer analytics best practices,12,2,2602,75.6,1.57,307,11.8,0.21,873236,Stable,2026-04-15,Image Pack,Informational,Organic,-10,18.77,1,1,2,5
1936,sql project,76,88,1092,23,6.4,15,1.37,0.66,5748956,Stable,2026-07-31,People Also Ask,Transactional,Organic,12,26,3,1,2,3
1937,excel advanced,14,20,10465,12.9,2.02,1305,12.47,0.42,4580385,Declining,2026-04-16,Sitelinks,Commercial,Organic,6,53.57,2,1,3,1
1938,tableau guide,63,49,1381,66.9,8.41,16,1.16,0.06,5310518,Stable,2026-02-17,Image Pack,Informational,Organic,-14,13.29,1,1,2,5
1939,data science project,5,1,77,67.8,9.42,21,27.27,0.28,7630946,Rising,2026-07-08,Video,Informational,Organic,-4,24.33,1,1,1,4
1940,digital marketing online,61,70,1882,76.1,6.05,34,1.81,0.39,6905373,Stable,2026-04-26,Sitelinks,Transactional,Featured Snippet,9,11.87,3,2,2,1
1941,business intelligence certification,51,36,930,86.8,6.15,21,2.26,0.85,6005954,Stable,2026-06-11,None,Transactional,Featured Snippet,-15,7.01,3,2,2,7
1942,data analyst dashboard,98,100,9027,78.8,2.63,88,0.97,0.07,2893885,Stable,2026-07-26,Image Pack,Transactional,Image,2,24.82,3,5,2,5
1943,google analytics templates,32,44,14325,71.3,2.77,629,4.39,0.15,5513260,Stable,2026-01-05,None,Informational,Organic,12,39.43,1,1,2,7
1944,sql examples,84,70,4972,30,2.75,26,0.52,0.76,2833632,Stable,2026-09-09,People Also Ask,Informational,Organic,-14,31.16,1,1,2,3
1945,marketing analytics for beginners,25,29,9837,47.4,7.28,808,8.21,0.23,4291871,Declining,2026-03-14,Reviews,Informational,Video,4,39.71,1,4,3,6
1946,digital marketing software,41,53,169,71.5,10.75,8,4.73,0.96,7370835,Stable,2026-03-26,None,Transactional,Organic,12,11.4,3,1,2,7
1947,customer analytics for beginners,27,29,18761,41.7,6.84,1177,6.27,0.28,332552,Rising,2026-05-01,Video,Informational,Organic,2,58.13,1,1,1,4
1948,seo analytics best practices,54,67,1062,69,11.34,20,1.88,0.51,889024,Rising,2026-04-27,Sitelinks,Commercial,Organic,13,12.41,2,1,1,1
1949,data visualization advanced,57,57,1452,30.8,6.26,17,1.17,0.75,2300967,Stable,2026-07-09,Video,Informational,Organic,0,24.27,1,1,2,4
1950,seo analytics dashboard,90,87,150,53.1,1.6,1,0.67,0.86,7044114,Rising,2026-09-22,Image Pack,Informational,Featured Snippet,-3,14.72,1,2,1,5
1951,data analyst skills,44,39,20545,40.3,4.34,742,3.61,0.52,2125028,Stable,2026-05-11,None,Navigational,Image,-5,60.68,4,5,2,7
1952,machine learning free,58,45,1264,25.9,10.55,30,2.37,0.35,7936663,Declining,2026-07-01,Reviews,Informational,Organic,-13,26,1,1,3,6
1953,data analyst training,1,13,152,86.4,7.79,44,28.95,0.19,1920262,Stable,2026-08-30,People Also Ask,Commercial,Organic,12,19.79,2,1,2,3
1954,mysql dashboard,50,60,4311,39.4,9.48,98,2.27,0.84,5121650,Rising,2026-04-10,People Also Ask,Informational,Organic,10,27.96,1,1,1,3
1955,dashboard tools,53,59,1084,19.1,2.43,34,3.14,0.85,6078212,Declining,2026-05-04,People Also Ask,Transactional,Organic,6,28.1,3,1,3,3
1956,customer analytics examples,25,37,24711,75,0.6,1755,7.1,0.51,4649217,Stable,2026-06-21,Reviews,Informational,People Also Ask,12,60.41,1,3,2,6
1957,reporting software,33,27,9793,44.2,4.09,398,4.06,0.75,5634254,Declining,2026-07-01,None,Commercial,Organic,-6,38.37,2,1,3,7
1958,data visualization online,1,16,77,87.3,8.96,28,36.36,0.86,5257215,Stable,2026-05-19,People Also Ask,Commercial,Organic,15,23.31,2,1,2,3
1959,seo analytics skills,75,65,735,19.4,5.03,5,0.68,0.2,2372283,Stable,2026-09-07,Reviews,Informational,Image,-10,26,1,5,2,6
1960,power bi tutorial,12,11,102,87.3,1.42,18,17.65,0.65,2835158,Stable,2026-02-08,Reviews,Transactional,Organic,-1,13.41,3,1,2,6
1961,digital marketing advanced,39,41,762,83.7,3.6,41,5.38,0.85,6443240,Rising,2026-06-29,None,Informational,Image,2,9.27,1,5,1,7
1962,customer analytics dashboard,82,73,2454,52.8,5.77,21,0.86,0.51,7949662,Rising,2026-04-17,Sitelinks,Navigational,Organic,-9,19.5,4,1,1,1
1963,keyword research guide,36,41,4096,47.8,9.97,202,4.93,0.88,5885796,Rising,2026-09-26,None,Navigational,Organic,5,26.43,4,1,1,7
1964,power bi online,77,70,270,84.9,5.95,2,0.74,0.44,793319,Declining,2026-05-12,People Also Ask,Informational,Organic,-7,5.46,1,1,3,3
1965,excel advanced,65,57,123,46.6,9.64,1,0.81,0.87,4017887,Declining,2026-09-22,Image Pack,Transactional,Featured Snippet,-8,16.7,3,2,3,5
1966,data visualization training,64,72,12455,33.4,8.16,275,2.21,0.05,3856298,Stable,2026-03-03,Reviews,Informational,Organic,8,45.92,1,1,2,6
1967,keyword research certification,21,8,14507,54.4,0.56,1805,12.44,0.43,4659659,Stable,2026-07-29,Reviews,Informational,Featured Snippet,-13,49.14,1,2,2,6
1968,python pandas for beginners,56,52,23229,53.9,2.74,666,2.87,0.48,3396964,Stable,2026-09-29,Featured Snippet,Navigational,Featured Snippet,-4,61.54,4,2,2,2
1969,data analyst course,25,31,18552,76.6,9.04,1206,6.5,0.09,2118545,Stable,2026-02-01,Image Pack,Commercial,Featured Snippet,6,47.36,2,2,2,5
1970,tableau best practices,97,100,6858,12.9,9.65,96,1.4,0.59,7136555,Stable,2026-05-20,Image Pack,Informational,Organic,3,40.51,1,1,2,5
1971,tableau free,93,87,5040,42.7,8.27,49,0.97,0.85,6427858,Stable,2026-05-18,None,Informational,Organic,-6,27.73,1,1,2,7
1972,python pandas best practices,61,58,1760,17.2,7.26,19,1.08,0.99,2317280,Stable,2026-06-29,Sitelinks,Transactional,People Also Ask,-3,28.91,3,3,2,1
1973,business intelligence project,43,52,614,14.9,5.36,21,3.42,0.97,655111,Rising,2026-07-19,Reviews,Navigational,Organic,9,28.57,4,1,1,6
1974,data visualization software,57,49,565,82.8,9.16,14,2.48,0.78,2211701,Stable,2026-07-15,Featured Snippet,Informational,Organic,-8,7.6,1,1,2,2
1975,keyword research salary,83,72,1025,69.6,4.54,7,0.68,0.24,6128439,Stable,2026-01-13,Sitelinks,Transactional,Organic,-11,11.52,3,1,2,1
1976,business intelligence guide,93,100,2240,26.7,1.8,16,0.71,0.29,1365698,Declining,2026-07-24,Featured Snippet,Transactional,Featured Snippet,7,26.82,3,2,3,2
1977,machine learning interview questions,18,31,838,24.1,4.18,79,9.43,0.27,1989536,Stable,2026-01-28,Sitelinks,Commercial,Organic,13,29.45,2,1,2,1
1978,python pandas dashboard,33,47,84,45.7,3.35,5,5.95,0.23,1165558,Stable,2026-09-21,Featured Snippet,Commercial,Organic,14,19.62,2,1,2,2
1979,sql salary,47,52,3970,60.1,0.35,115,2.9,0.61,6447384,Stable,2026-07-10,None,Navigational,Organic,5,21.41,4,1,2,7
1980,data science best practices,74,80,2156,81.5,7.9,23,1.07,0.71,2595872,Stable,2026-03-15,Sitelinks,Informational,Organic,6,10.41,1,1,2,1
1981,customer analytics training,60,64,9721,33.1,4.01,222,2.28,0.47,5252005,Declining,2026-08-08,Image Pack,Commercial,Organic,4,40.61,2,1,3,5
1982,digital marketing salary,68,70,915,55.8,2.81,16,1.75,0.49,7347061,Stable,2026-04-22,Reviews,Informational,Organic,2,16.01,1,1,2,6
1983,data analyst training,22,10,8454,70.6,9.93,753,8.91,0.39,829438,Stable,2026-01-16,Featured Snippet,Informational,Organic,-12,30.37,1,1,2,2
1984,tableau online,52,57,14846,42.3,5.6,455,3.06,0.49,6992493,Declining,2026-09-30,Video,Informational,Organic,5,48.45,1,1,3,4
1985,content marketing templates,12,25,12612,52.2,2.39,1993,15.8,0.21,1004674,Stable,2026-07-25,Featured Snippet,Navigational,Organic,13,47.82,4,1,2,2
1986,business intelligence advanced,87,85,894,30.6,4.17,7,0.78,0.57,2913357,Stable,2026-05-27,Video,Informational,Featured Snippet,-2,23.01,1,2,2,4
1987,content marketing dashboard,10,10,105,27.4,0.83,15,14.29,0.67,5943150,Declining,2026-04-15,Video,Commercial,Organic,0,29.59,2,1,3,4
1988,data visualization software,95,92,15075,26.4,8.51,105,0.7,0.24,7361368,Stable,2026-04-20,Image Pack,Navigational,Organic,-3,52.42,4,1,2,5
1989,google analytics course,13,16,144,10.8,6.67,25,17.36,0.73,6032761,Rising,2026-03-20,Video,Informational,Video,3,36.29,1,4,1,4
1990,mysql for beginners,74,79,15091,47.5,4.42,211,1.4,0.14,7935413,Stable,2026-01-12,Image Pack,Informational,Organic,5,46.5,1,1,2,5
1991,tableau project,99,100,13959,61.1,6.8,42,0.3,0.51,2126013,Rising,2026-08-11,Image Pack,Transactional,Organic,1,39.58,3,1,1,5
1992,data science dashboard,89,100,862,71.4,10.61,12,1.39,0.94,2739538,Stable,2026-01-16,Reviews,Informational,Organic,11,11.03,1,1,2,6
1993,sql for beginners,25,24,6295,34.2,5.5,510,8.1,0.76,4119163,Declining,2026-05-21,Featured Snippet,Transactional,Organic,-1,36.57,3,1,3,2
1994,reporting guide,66,61,6800,13.2,2.06,74,1.09,0.09,6912475,Stable,2026-07-19,People Also Ask,Informational,Organic,-5,40.14,1,1,2,3
1995,data visualization examples,29,23,760,52.3,7.22,39,5.13,0.82,5551028,Stable,2026-05-01,Image Pack,Commercial,Organic,-6,18.55,2,1,2,5
1996,customer analytics tutorial,27,22,993,33.3,5.24,84,8.46,0.11,3920127,Rising,2026-05-22,Video,Commercial,Video,-5,26.49,2,4,1,4
1997,excel tools,55,42,412,75,0.72,11,2.67,0.82,3359471,Rising,2026-06-29,Image Pack,Transactional,Organic,-13,9.74,3,1,1,5
1998,sql advanced,82,68,125,34.2,3.9,1,0.8,0.4,6791720,Stable,2026-07-25,Sitelinks,Informational,Organic,-14,20.41,1,1,2,1
1999,keyword research skills,96,81,81,37.1,10.28,0,0,0.15,7032575,Rising,2026-04-05,None,Informational,Organic,-15,19.03,1,1,1,7
2000,mysql certification,70,57,1636,40.8,10.99,30,1.83,0.62,6211657,Rising,2026-07-25,Reviews,Transactional,Organic,-13,21.99,3,1,1,6
2001,content marketing skills,16,19,234,69.2,7.2,33,14.1,0.55,835574,Stable,2026-09-10,Sitelinks,Commercial,Organic,3,17.21,2,1,2,1
2002,seo analytics templates,19,23,955,70.1,11.38,139,14.55,0.95,6810286,Declining,2026-01-09,Video,Navigational,Organic,4,18.61,4,1,3,4
2003,reporting best practices,11,1,6832,75,1.08,1212,17.74,0.2,1251199,Stable,2026-05-16,Sitelinks,Commercial,Video,-10,30.52,2,4,2,1
2004,business intelligence free,87,74,3141,51.8,4.32,18,0.57,0.56,3231546,Rising,2026-04-03,Video,Transactional,Featured Snippet,-13,21.01,3,2,1,4
2005,power bi training,8,5,11181,39.6,1.07,2470,22.09,0.21,1119461,Stable,2026-02-02,Image Pack,Informational,Organic,-3,52.11,1,1,2,5
2006,python pandas training,87,91,10786,25.7,2.35,111,1.03,0.53,4063506,Stable,2026-03-11,Sitelinks,Commercial,Organic,4,44.28,2,1,2,1
2007,excel project,85,80,8010,62.6,6.16,111,1.39,0.15,357278,Stable,2026-07-18,Reviews,Informational,Featured Snippet,-5,27.88,1,2,2,6
2008,customer analytics tutorial,37,33,94,17.1,1.86,3,3.19,0.45,4247160,Stable,2026-05-21,None,Informational,Organic,-4,26.75,1,1,2,7
2009,customer analytics course,33,26,22632,42.6,0.7,997,4.41,0.62,7274886,Rising,2026-05-01,People Also Ask,Commercial,Organic,-7,64.56,2,1,1,3
2010,digital marketing advanced,46,31,1416,64.4,10.23,52,3.67,0.52,3428973,Rising,2026-08-22,People Also Ask,Informational,Organic,-15,15.45,1,1,1,3
2011,customer analytics training,88,92,12989,76.6,6.94,52,0.4,0.62,2338600,Rising,2026-01-09,People Also Ask,Commercial,Organic,4,33.06,2,1,1,3
2012,mysql best practices,23,18,937,60.2,3.59,81,8.64,0.13,4884447,Stable,2026-01-23,Sitelinks,Informational,People Also Ask,-5,18.4,1,3,2,1
2013,seo analytics free,18,19,11767,47.6,3.66,1763,14.98,0.35,7271765,Rising,2026-07-18,Featured Snippet,Commercial,Organic,1,47.09,2,1,1,2
2014,google analytics tools,16,25,1941,71.5,6.57,296,15.25,0.34,4272328,Rising,2026-07-24,Image Pack,Commercial,Organic,9,20.53,2,1,1,5
2015,tableau free,84,70,195,40.3,10.1,3,1.54,0.33,1433469,Declining,2026-09-12,Featured Snippet,Informational,Organic,-14,19.12,1,1,3,2
2016,python pandas skills,19,12,686,37.2,4.23,95,13.85,0.05,2704026,Declining,2026-06-08,Image Pack,Informational,Organic,-7,27.57,1,1,3,5
2017,data visualization certification,47,62,93,22,7.59,4,4.3,0.36,6186828,Rising,2026-03-02,Image Pack,Informational,Video,15,25.87,1,4,1,5
2018,data analyst skills,79,94,6887,63.1,3.06,55,0.8,0.17,4915346,Declining,2026-05-19,People Also Ask,Transactional,Organic,15,25.19,3,1,3,3
2019,excel examples,90,95,179,12.5,10.86,2,1.12,0.26,5618400,Declining,2026-04-11,Reviews,Transactional,Organic,5,27.2,3,1,3,6
2020,data science advanced,98,100,591,34.3,9.12,2,0.34,0.92,1348724,Rising,2026-09-09,Image Pack,Navigational,People Also Ask,2,21.07,4,3,1,5
2021,marketing analytics tools,65,53,8530,13.4,8.24,151,1.77,0.2,3385519,Declining,2026-09-23,None,Commercial,People Also Ask,-12,43.88,2,3,3,7
2022,business intelligence skills,47,48,3048,32.6,11.34,69,2.26,0.25,5677717,Stable,2026-09-30,Featured Snippet,Informational,Featured Snippet,1,27.48,1,2,2,2
2023,data science salary,41,35,1223,20.3,4,34,2.78,0.49,4305815,Stable,2026-04-06,Image Pack,Informational,Organic,-6,27.82,1,1,2,5
2024,machine learning examples,44,40,870,52.2,6.23,21,2.41,0.3,3294338,Stable,2026-07-13,Reviews,Informational,Organic,-4,17.35,1,1,2,6
2025,customer analytics free,39,34,21373,50,1.13,727,3.4,0.49,1819336,Stable,2026-04-21,Reviews,Navigational,Organic,-5,59.3,4,1,2,6
2026,reporting dashboard,14,10,14316,20.3,7.95,2437,17.02,0.72,7536428,Rising,2026-05-15,Featured Snippet,Informational,People Also Ask,-4,61.43,1,3,1,2
2027,data analyst guide,11,4,948,57.3,10.43,145,15.3,0.72,2632730,Declining,2026-04-20,Sitelinks,Commercial,Organic,-7,22.84,2,1,3,1
2028,data science certification,16,22,1288,75.5,10.67,219,17,0.2,3570661,Stable,2026-01-15,Sitelinks,Informational,Organic,6,18.96,1,1,2,1
2029,business intelligence project,29,23,1119,49.7,8.92,71,6.34,0.57,3424174,Rising,2026-09-29,Image Pack,Commercial,People Also Ask,-6,20.69,2,3,1,5
2030,data science online,52,38,25149,74.7,1.74,621,2.47,0.52,2189990,Stable,2026-04-23,Image Pack,Informational,Video,-14,58.9,1,4,2,5
2031,dashboard tutorial,27,18,162,24.9,10.48,12,7.41,0.92,3623980,Rising,2026-04-16,Reviews,Informational,Organic,-9,26.8,1,1,1,6
2032,marketing analytics dashboard,51,53,2750,47.7,10.33,62,2.25,0.26,3202968,Declining,2026-06-30,Video,Informational,Organic,2,22.35,1,1,3,4
2033,mysql guide,92,81,649,54,2.02,7,1.08,0.7,4402375,Rising,2026-04-19,None,Transactional,Organic,-11,15.67,3,1,1,7
2034,customer analytics jobs,62,64,1233,20.7,3.28,27,2.19,0.24,286528,Rising,2026-07-04,Reviews,Commercial,People Also Ask,2,27.41,2,3,1,6
2035,dashboard jobs,85,94,133,42.1,11.61,0,0,0.38,2006582,Rising,2026-05-10,Reviews,Navigational,Organic,9,17.63,4,1,1,6
2036,keyword research online,94,87,10518,55,1.53,90,0.86,0.86,3577376,Rising,2026-05-14,Featured Snippet,Informational,People Also Ask,-7,34.87,1,3,1,2
2037,machine learning interview questions,72,78,206,66.6,3.82,4,1.94,0.79,2168878,Declining,2026-02-18,Sitelinks,Commercial,Featured Snippet,6,11.46,2,2,3,1
2038,dashboard software,47,55,6322,66.8,6.96,133,2.1,0.28,4675704,Rising,2026-02-23,Featured Snippet,Transactional,Organic,8,23.65,3,1,1,2
2039,google analytics skills,74,74,521,46.9,6.33,6,1.15,0.25,6348841,Stable,2026-04-17,None,Transactional,Organic,0,17.58,3,1,2,7
2040,digital marketing templates,10,13,1281,75.1,6.75,262,20.45,0.8,1597418,Stable,2026-03-08,Featured Snippet,Informational,Organic,3,20.9,1,1,2,2
2041,data science guide,15,11,72,16,2.84,8,11.11,0.96,2600977,Rising,2026-04-12,Video,Navigational,Organic,-4,31.26,4,1,1,4
2042,data visualization tools,34,37,5671,10.2,8.77,263,4.64,0.93,6263231,Declining,2026-05-09,None,Commercial,Organic,3,40.68,2,1,3,7
2043,seo analytics templates,74,89,187,82.5,2.85,2,1.07,0.48,7521128,Stable,2026-04-29,Video,Commercial,Image,15,6.19,2,5,2,4
2044,dashboard guide,16,2,616,46.6,5.3,65,10.55,0.39,6427821,Stable,2026-08-13,Featured Snippet,Transactional,Video,-14,22.86,3,4,2,2
2045,reporting free,14,20,11457,83.2,5.44,1908,16.65,0.51,255481,Rising,2026-06-21,People Also Ask,Commercial,Organic,6,36.68,2,1,1,3
2046,mysql free,27,32,605,78,0.25,47,7.77,0.37,4165411,Stable,2026-08-04,None,Informational,Video,5,11.94,1,4,2,7
2047,marketing analytics skills,87,91,2520,37.7,4.67,47,1.87,0.82,6678620,Rising,2026-04-19,Reviews,Navigational,Image,4,24.7,4,5,1,6
2048,tableau examples,35,48,2207,40.6,1.97,111,5.03,0.45,6454996,Declining,2026-07-21,None,Transactional,Organic,13,24.88,3,1,3,7
2049,keyword research online,57,62,17479,59.5,9.87,495,2.83,0.75,2921189,Declining,2026-05-03,People Also Ask,Transactional,Video,5,48.41,3,4,3,3
2050,keyword research tutorial,92,97,438,72,3.05,4,0.91,0.06,5854805,Stable,2026-09-26,Image Pack,Informational,People Also Ask,5,9.76,1,3,2,5
2051,reporting examples,43,56,86,74.4,4.32,3,3.49,0.78,3959907,Rising,2026-04-28,Image Pack,Informational,Featured Snippet,13,9.71,1,2,1,5
2052,content marketing guide,75,66,602,19.7,5,8,1.33,0.54,5633694,Rising,2026-01-15,Video,Informational,Organic,-9,25.99,1,1,1,4
2053,digital marketing tools,46,31,23686,27.5,9.77,965,4.07,0.35,557938,Stable,2026-03-14,Video,Informational,Organic,-15,71.01,1,1,2,4
2054,customer analytics interview questions,81,84,1688,81.3,11.11,19,1.13,0.3,7870907,Stable,2026-07-21,None,Commercial,Organic,3,9.57,2,1,2,7
2055,business intelligence salary,63,54,9068,31.2,4.16,88,0.97,0.95,4689415,Declining,2026-02-05,Sitelinks,Transactional,Organic,-9,39.18,3,1,3,1
2056,data science best practices,6,6,3885,79.9,4.07,1106,28.47,0.3,7072987,Stable,2026-08-29,Featured Snippet,Commercial,Image,0,28.91,2,5,2,2
2057,data analyst best practices,12,5,850,35.7,10.37,154,18.12,0.49,4802328,Declining,2026-01-12,None,Navigational,Organic,-7,30.62,4,1,3,7
2058,data visualization best practices,5,1,2160,42.3,6.43,584,27.04,0.11,864532,Declining,2026-03-03,Featured Snippet,Commercial,Organic,-4,36,2,1,3,2
2059,google analytics certification,28,31,157,49.4,3.19,12,7.64,0.96,7687637,Rising,2026-04-17,Featured Snippet,Commercial,Video,3,19.56,2,4,1,2
2060,mysql course,43,57,18963,88.3,5.97,441,2.33,0.8,3354807,Stable,2026-03-02,Sitelinks,Transactional,Organic,14,42.45,3,1,2,1
2061,data science tutorial,59,60,986,64.5,3.76,17,1.72,0.96,6483138,Rising,2026-09-22,None,Transactional,Organic,1,13.53,3,1,1,7
2062,tableau skills,85,79,21147,79.4,10.56,248,1.17,0.53,4991845,Rising,2026-08-20,Image Pack,Transactional,Organic,-6,48.85,3,1,1,5
2063,google analytics examples,32,40,199,69.5,4.04,14,7.04,0.94,7952008,Declining,2026-06-11,Reviews,Commercial,Organic,8,13.29,2,1,3,6
2064,data visualization tutorial,60,65,1507,77.6,9.93,23,1.53,0.78,1168743,Stable,2026-04-16,None,Navigational,Organic,5,10.53,4,1,2,7
2065,python pandas templates,77,83,7852,25.7,0.45,126,1.6,0.91,2994088,Declining,2026-06-30,People Also Ask,Navigational,Image,6,38.75,4,5,3,3
2066,data analyst interview questions,77,82,6257,38.3,9.7,117,1.87,0.69,1826146,Rising,2026-03-02,Featured Snippet,Transactional,Organic,5,31.95,3,1,1,2
2067,content marketing dashboard,12,14,1054,33.4,2.57,178,16.89,0.71,6112895,Stable,2026-07-16,Image Pack,Informational,Video,2,31.06,1,4,2,5
2068,seo analytics online,16,26,13009,29,11.62,1650,12.68,0.55,5728769,Rising,2026-09-22,People Also Ask,Commercial,People Also Ask,10,53.91,2,3,1,3
2069,reporting interview questions,27,30,6794,22,10.01,557,8.2,0.27,6672964,Stable,2026-02-13,Image Pack,Informational,Organic,3,41.27,1,1,2,5
2070,business intelligence online,18,16,1296,57,10.44,137,10.57,0.87,3048011,Stable,2026-08-03,None,Commercial,Organic,-2,21.1,2,1,2,7
2071,sql skills,44,47,87,84.9,1.66,3,3.45,0.83,2761089,Rising,2026-09-14,Video,Informational,Organic,3,6.54,1,1,1,4
2072,keyword research course,91,100,1058,32.5,8.93,17,1.61,0.74,4181283,Rising,2026-05-11,People Also Ask,Informational,Organic,9,23.21,1,1,1,3
2073,machine learning skills,4,3,2233,38.9,9.45,659,29.51,0.93,3072484,Stable,2026-09-19,Sitelinks,Transactional,Organic,-1,38.47,3,1,2,1
2074,python pandas salary,58,57,1365,71.4,5.53,27,1.98,0.4,7016262,Stable,2026-03-02,Featured Snippet,Informational,Organic,-1,12.35,1,1,2,2
2075,seo analytics advanced,32,32,8231,13.1,6.02,621,7.54,0.89,4878794,Rising,2026-06-08,Image Pack,Commercial,Organic,0,46.45,2,1,1,5
2076,digital marketing certification,56,54,419,55.1,9.5,9,2.15,0.19,3039306,Rising,2026-01-16,Featured Snippet,Transactional,Organic,-2,15.45,3,1,1,2
2077,digital marketing templates,94,100,96,19.9,2.03,0,0,0.19,3964868,Stable,2026-02-02,People Also Ask,Transactional,Video,6,24.22,3,4,2,3
2078,business intelligence examples,14,14,15280,14.5,3.54,2314,15.14,0.79,2954899,Stable,2026-06-22,None,Informational,Organic,0,64.09,1,1,2,7
2079,data visualization certification,55,57,10203,39.8,11.65,275,2.7,0.86,3433975,Stable,2026-07-02,None,Informational,Image,2,39.78,1,5,2,7
2080,dashboard tools,4,5,2462,14.1,2.57,574,23.31,0.36,3878083,Stable,2026-03-23,Sitelinks,Commercial,Organic,1,43.07,2,1,2,1
2081,dashboard training,29,26,4843,13.7,11.27,296,6.11,0.11,5503769,Rising,2026-09-23,Image Pack,Commercial,Organic,-3,38.77,2,1,1,5
2082,data analyst tools,5,1,1879,54.1,7.25,407,21.66,0.24,540941,Stable,2026-01-25,Sitelinks,Commercial,Organic,-4,29.03,2,1,2,1
2083,machine learning dashboard,74,72,839,13.4,10.93,15,1.79,0.56,5162995,Stable,2026-02-02,Image Pack,Commercial,Organic,-2,28.6,2,1,2,5
2084,seo analytics project,58,59,245,43,5.54,5,2.04,0.31,6777923,Rising,2026-01-05,Image Pack,Informational,Organic,1,18.67,1,1,1,5
2085,sql jobs,38,28,22250,44.8,5.87,1077,4.84,0.34,6816174,Rising,2026-04-10,None,Commercial,Organic,-10,63.37,2,1,1,7
2086,data science templates,56,54,807,72.8,4.06,15,1.86,0.5,6633352,Rising,2026-03-28,People Also Ask,Informational,Organic,-2,10.75,1,1,1,3
2087,sql project,33,30,6816,73.5,7.48,291,4.27,0.36,6503072,Stable,2026-03-15,Featured Snippet,Commercial,Organic,-3,23.77,2,1,2,2
2088,python pandas guide,75,84,129,85.1,9.7,1,0.78,0.42,3462735,Declining,2026-09-23,Sitelinks,Navigational,Organic,9,5.14,4,1,3,1
2089,customer analytics jobs,18,21,435,71.8,7.64,43,9.89,0.41,4027033,Rising,2026-01-27,Featured Snippet,Commercial,Organic,3,14.59,2,1,1,2
2090,customer analytics examples,7,4,14383,26.3,5.08,3521,24.48,0.98,7716557,Stable,2026-05-06,Sitelinks,Navigational,Featured Snippet,-3,63.73,4,2,2,1
2091,keyword research advanced,50,56,1759,45.9,4.91,66,3.75,0.97,6640262,Stable,2026-07-17,Image Pack,Commercial,Organic,6,21.72,2,1,2,5
2092,content marketing skills,9,21,14260,41.6,9.03,2410,16.9,0.29,4892904,Rising,2026-08-01,Featured Snippet,Informational,Organic,12,54.87,1,1,1,2
2093,tableau certification,33,48,1897,80.6,9.64,76,4.01,0.19,7849346,Stable,2026-08-15,People Also Ask,Commercial,Organic,15,11.73,2,1,2,3
2094,content marketing salary,7,1,1136,56,6.95,267,23.5,0.67,6474839,Stable,2026-02-21,Featured Snippet,Informational,People Also Ask,-6,27.97,1,3,2,2
2095,customer analytics skills,7,9,227,89.1,10.97,55,24.23,0.52,7447201,Declining,2026-07-30,Reviews,Navigational,Organic,2,16.62,4,1,3,6
2096,data science advanced,89,96,124,20.3,2.61,0,0,0.91,6003082,Stable,2026-02-09,Reviews,Transactional,Organic,7,24.16,3,1,2,6
2097,content marketing salary,17,21,214,38,10.82,32,14.95,0.33,6688690,Stable,2026-01-11,People Also Ask,Transactional,Organic,4,26.98,3,1,2,3
2098,data visualization software,79,83,1533,19,3.62,18,1.17,0.82,549028,Declining,2026-01-04,Reviews,Commercial,Featured Snippet,4,27.97,2,2,3,6
2099,content marketing certification,29,15,1507,57.6,2.01,89,5.91,0.43,4783857,Rising,2026-04-13,None,Commercial,Organic,-14,18.86,2,1,1,7
2100,mysql training,20,6,872,58.8,5.43,71,8.14,0.44,3407621,Stable,2026-01-23,Featured Snippet,Informational,Organic,-14,18.43,1,1,2,2
2101,tableau software,44,45,99,21.6,5.55,2,2.02,0.48,1282998,Rising,2026-05-04,Video,Commercial,Organic,1,24.79,2,1,1,4
2102,power bi salary,59,67,1168,10.6,11.53,33,2.83,0.91,7401765,Stable,2026-01-22,Video,Commercial,Organic,8,30.65,2,1,2,4
2103,sql tools,23,10,19184,78,5.55,1533,7.99,0.22,2079238,Stable,2026-04-07,Image Pack,Transactional,Featured Snippet,-13,48.99,3,2,2,5
2104,machine learning course,81,93,1336,32.6,7.08,9,0.67,0.87,2780607,Declining,2026-08-15,Image Pack,Informational,Organic,12,23.23,1,1,3,5
2105,excel online,30,16,444,41.7,3.33,35,7.88,0.64,5536048,Stable,2026-01-13,Featured Snippet,Transactional,Organic,-14,22.57,3,1,2,2
2106,sql skills,91,85,5265,72.3,1.36,47,0.89,0.42,3047192,Rising,2026-08-02,Featured Snippet,Transactional,Organic,-6,19.25,3,1,1,2
2107,data science software,90,84,820,79.6,0.23,13,1.59,0.16,6214337,Rising,2026-08-19,Video,Informational,Organic,-6,8.6,1,1,1,4
2108,excel interview questions,2,13,15996,14.9,9.86,4947,30.93,0.64,4504034,Stable,2026-04-25,None,Informational,Video,11,73.79,1,4,2,7
2109,dashboard free,12,11,15460,53.1,4.69,2311,14.95,0.47,487119,Stable,2026-09-10,Reviews,Informational,Organic,-1,52.76,1,1,2,6
2110,dashboard training,4,13,13471,14.6,4.3,3980,29.54,0.13,3151706,Stable,2026-04-07,Featured Snippet,Transactional,Organic,9,68.12,3,1,2,2
2111,dashboard dashboard,49,43,12596,51.5,8.62,284,2.25,0.41,5692817,Declining,2026-06-01,None,Informational,Organic,-6,40.79,1,1,3,7
2112,keyword research advanced,26,40,1540,63.1,10.26,159,10.32,0.06,2235485,Rising,2026-01-07,Video,Commercial,Organic,14,19.62,2,1,1,4
2113,tableau salary,84,99,14896,18.9,8.01,73,0.49,0.17,7472111,Stable,2026-07-16,None,Transactional,Image,15,54.21,3,5,2,7
2114,excel for beginners,56,57,121,12.1,7.36,2,1.65,0.84,4783553,Rising,2026-05-23,None,Commercial,People Also Ask,1,27.49,2,3,1,7
2115,sql interview questions,7,1,1117,50,4.99,173,15.49,0.92,6457677,Stable,2026-09-26,Video,Commercial,Organic,-6,25.46,2,1,2,4
2116,data science tutorial,11,4,13344,20.7,4.75,2837,21.26,0.15,2819642,Stable,2026-07-25,People Also Ask,Commercial,Image,-7,61.63,2,5,2,3
2117,mysql dashboard,82,77,7627,65.6,6.84,51,0.67,0.21,487966,Declining,2026-03-03,Featured Snippet,Informational,Organic,-5,25.84,1,1,3,2
2118,dashboard interview questions,37,45,6238,58.8,4.35,241,3.86,0.45,6026658,Declining,2026-09-26,Video,Commercial,Organic,8,26.82,2,1,3,4
2119,customer analytics certification,71,60,14023,68.2,3.29,234,1.67,0.52,4936259,Stable,2026-06-20,Reviews,Commercial,Organic,-11,38.31,2,1,2,6
2120,machine learning software,50,54,8905,70.1,2.29,151,1.7,0.13,1761145,Stable,2026-05-11,Video,Commercial,Organic,4,27.58,2,1,2,4
2121,google analytics free,15,18,219,87,6.99,25,11.42,0.09,5091486,Rising,2026-09-02,Image Pack,Informational,Organic,3,10.41,1,1,1,5
2122,google analytics online,17,18,21718,48.2,2.94,2462,11.34,0.45,1538983,Rising,2026-05-22,None,Commercial,Organic,1,64.75,2,1,1,7
2123,data science online,16,4,545,42.3,10.28,64,11.74,0.4,3726049,Stable,2026-03-26,None,Informational,Organic,-12,24.64,1,1,2,7
2124,sql interview questions,83,82,5010,82.5,0.3,42,0.84,0.69,6526705,Stable,2026-01-29,People Also Ask,Informational,Organic,-1,15.66,1,1,2,3
2125,data science free,100,100,6041,34.1,1.08,24,0.4,0.33,2690265,Stable,2026-09-15,Reviews,Informational,Organic,0,31.99,1,1,2,6
2126,data science software,5,17,6388,87.5,2.06,1547,24.22,0.74,1667142,Stable,2026-07-11,Video,Commercial,Image,12,29.34,2,5,2,4
2127,data visualization templates,33,24,882,42.6,4.66,52,5.9,0.05,4262662,Rising,2026-01-09,Video,Commercial,Organic,-9,22.11,2,1,1,4
2128,dashboard examples,35,45,148,67.3,0.38,7,4.73,0.75,3896757,Stable,2026-06-28,People Also Ask,Transactional,Organic,10,12.62,3,1,2,3
2129,data analyst certification,68,78,210,80.2,7.46,4,1.9,0.65,1870197,Rising,2026-05-06,People Also Ask,Commercial,Image,10,7.37,2,5,1,3
2130,business intelligence online,40,50,6607,16.2,1.25,215,3.25,0.23,3772833,Stable,2026-02-17,None,Navigational,Organic,10,40.01,4,1,2,7
2131,data visualization guide,24,18,2004,32.7,11.87,136,6.79,0.17,1998015,Stable,2026-07-19,Image Pack,Transactional,Organic,-6,27.79,3,1,2,5
2132,machine learning advanced,37,22,3856,16.7,5.45,161,4.18,0.41,7321943,Declining,2026-06-24,None,Navigational,Organic,-15,34.88,4,1,3,7
2133,power bi tutorial,54,40,1078,52,11.83,20,1.86,0.78,1045175,Rising,2026-03-10,Sitelinks,Informational,Featured Snippet,-14,17.53,1,2,1,1
2134,sql jobs,1,15,407,60.6,5.95,112,27.52,0.09,4937507,Stable,2026-02-13,Image Pack,Transactional,Video,14,27.28,3,4,2,5
2135,digital marketing certification,25,16,10055,41.4,8.82,801,7.97,0.97,4858801,Declining,2026-06-18,Video,Commercial,People Also Ask,-9,41.81,2,3,3,4
2136,customer analytics certification,57,62,6153,39.9,5.79,79,1.28,0.36,5954250,Rising,2026-04-02,Featured Snippet,Informational,Organic,5,30.94,1,1,1,2
2137,excel certification,84,78,549,82.8,3.39,2,0.36,0.06,855907,Declining,2026-07-05,Reviews,Transactional,Video,-6,6.44,3,4,3,6
2138,dashboard dashboard,75,63,1298,43,2.02,26,2,0.82,438123,Stable,2026-01-22,Featured Snippet,Informational,Video,-12,20.75,1,4,2,2
2139,seo analytics project,56,60,5297,51.6,4.96,125,2.36,0.7,1345629,Rising,2026-03-05,Featured Snippet,Commercial,Organic,4,26.31,2,1,1,2
2140,keyword research templates,14,28,1837,31.8,7.74,324,17.64,0.34,6407994,Stable,2026-01-14,Sitelinks,Informational,Organic,14,33.5,1,1,2,1
2141,keyword research salary,28,16,1472,80.2,9.26,97,6.59,0.22,2155504,Stable,2026-01-07,Reviews,Informational,Video,-12,12.37,1,4,2,6
2142,digital marketing guide,23,38,2067,16.5,3.06,145,7.01,0.18,2125796,Declining,2026-05-10,Featured Snippet,Informational,Organic,15,32.89,1,1,3,2
2143,power bi interview questions,61,58,91,20.8,11.04,1,1.1,0.93,5353280,Stable,2026-09-10,Reviews,Transactional,Video,-3,24.53,3,4,2,6
2144,google analytics free,39,25,5952,81.7,6.09,216,3.63,0.47,2836722,Stable,2026-01-27,Sitelinks,Informational,Organic,-14,19.26,1,1,2,1
2145,power bi software,10,1,21082,74.3,7.26,4976,23.6,0.19,6426574,Declining,2026-03-12,People Also Ask,Informational,Organic,-9,62.18,1,1,3,3
2146,seo analytics tools,56,64,16705,57.4,2.65,381,2.28,0.46,5846560,Stable,2026-04-30,Image Pack,Commercial,Organic,8,47.21,2,1,2,5
2147,machine learning for beginners,85,73,4092,84.2,7,67,1.64,0.96,5087154,Stable,2026-08-24,Image Pack,Commercial,Organic,-12,13.75,2,1,2,5
2148,data science tutorial,36,26,15761,38.2,10.99,708,4.49,0.54,4896263,Stable,2026-02-06,None,Informational,Organic,-10,52.26,1,1,2,7
2149,dashboard advanced,24,30,231,35.5,3.89,15,6.49,0.06,3860406,Declining,2026-01-02,Video,Commercial,Organic,6,23.26,2,1,3,4
2150,customer analytics for beginners,100,100,1096,62.7,7.39,12,1.09,0.79,3757335,Stable,2026-08-01,Featured Snippet,Transactional,Organic,0,13.95,3,1,2,2
2151,data analyst skills,75,71,225,75.9,6.72,3,1.33,0.21,7221752,Stable,2026-06-22,Sitelinks,Informational,People Also Ask,-4,8.39,1,3,2,1
2152,business intelligence tutorial,96,91,5976,33.5,7.07,38,0.64,0.15,6031738,Declining,2026-02-20,Sitelinks,Commercial,Organic,-5,32.17,2,1,3,1
2153,keyword research certification,87,79,1721,70.5,8.86,9,0.52,0.74,2164108,Stable,2026-09-12,Featured Snippet,Informational,Organic,-8,12.55,1,1,2,2
2154,tableau free,65,75,3923,86.6,11.92,62,1.58,0.69,1888538,Declining,2026-02-27,Featured Snippet,Commercial,Organic,10,12.66,2,1,3,2
2155,marketing analytics templates,84,92,9800,38.3,10.36,141,1.44,0.85,2697227,Rising,2026-03-03,Sitelinks,Navigational,Organic,8,38.76,4,1,1,1
2156,keyword research advanced,55,47,3971,27.4,1.23,117,2.95,0.27,7906592,Declining,2026-09-15,Video,Informational,Organic,-8,31.24,1,1,3,4
2157,tableau skills,75,88,1171,12.1,2.97,15,1.28,0.8,2098942,Stable,2026-07-10,Reviews,Informational,Organic,13,29.38,1,1,2,6
2158,power bi salary,9,10,456,66.5,0.48,64,14.04,0.54,7785617,Rising,2026-08-29,Image Pack,Commercial,Featured Snippet,1,18.43,2,2,1,5
2159,business intelligence jobs,98,85,1097,55.9,10.37,12,1.09,0.17,360678,Rising,2026-06-09,Reviews,Commercial,Organic,-13,15.99,2,1,1,6
2160,business intelligence project,40,29,146,38.9,10.48,5,3.42,0.42,711959,Stable,2026-02-26,Featured Snippet,Informational,Organic,-11,20.44,1,1,2,2
2161,keyword research interview questions,74,68,366,47.8,11.71,3,0.82,0.69,4855008,Stable,2026-08-26,Featured Snippet,Commercial,Organic,-6,16.82,2,1,2,2
2162,sql online,98,100,6793,54.3,8.64,110,1.62,0.51,3913743,Stable,2026-07-09,None,Informational,Organic,2,28.08,1,1,2,7
2163,mysql tools,17,27,899,16.7,11.66,108,12.01,0.65,1453747,Rising,2026-09-01,Featured Snippet,Informational,Organic,10,33.17,1,1,1,2
2164,dashboard examples,41,36,18916,84.4,9.74,742,3.92,0.48,5848694,Rising,2026-01-16,Video,Navigational,Organic,-5,44.37,4,1,1,4
2165,google analytics project,94,100,87,60.7,1.46,1,1.15,0.53,5034568,Declining,2026-02-24,None,Navigational,Organic,6,12.57,4,1,3,7
2166,machine learning guide,93,82,95,32.3,3.81,0,0,0.22,832971,Stable,2026-05-09,Sitelinks,Navigational,Organic,-11,20.5,4,1,2,1
2167,keyword research best practices,59,44,691,69.1,11.57,9,1.3,0.48,5322496,Rising,2026-06-27,People Also Ask,Commercial,Organic,-15,11.34,2,1,1,3
2168,keyword research training,87,82,897,70.7,0.62,14,1.56,0.72,5484741,Stable,2026-09-15,None,Commercial,Image,-5,11.4,2,5,2,7
2169,dashboard jobs,83,90,14306,87.9,1.45,256,1.79,0.48,1290737,Stable,2026-05-22,Sitelinks,Transactional,Organic,7,33.03,3,1,2,1
2170,data science tools,16,26,453,18.5,5.43,62,13.69,0.06,7559968,Rising,2026-01-12,Reviews,Navigational,Organic,10,32.64,4,1,1,6
2171,tableau free,11,12,1759,31.9,11.53,263,14.95,0.82,7697276,Rising,2026-05-13,Image Pack,Commercial,Organic,1,31.88,2,1,1,5
2172,excel course,16,17,3079,11.1,3.06,468,15.2,0.7,5344985,Rising,2026-01-15,Video,Informational,Organic,1,40.88,1,1,1,4
2173,google analytics best practices,99,100,11154,80,7.96,79,0.71,0.69,6087148,Stable,2026-01-30,People Also Ask,Transactional,Organic,1,28.55,3,1,2,3
2174,excel interview questions,57,61,10518,50,7.16,166,1.58,0.59,2412312,Rising,2026-09-28,Sitelinks,Informational,Video,4,36.75,1,4,1,1
2175,business intelligence tutorial,12,13,2474,33.1,1.8,344,13.9,0.39,3155852,Stable,2026-09-19,None,Informational,Organic,1,32.39,1,1,2,7
2176,reporting tools,61,47,87,29.4,9.16,1,1.15,0.2,7128735,Declining,2026-08-29,People Also Ask,Informational,People Also Ask,-14,21.96,1,3,3,3
2177,keyword research dashboard,49,38,1145,62,2.03,32,2.79,0.29,5168502,Rising,2026-01-14,Reviews,Informational,Organic,-11,15.16,1,1,1,6
2178,data science certification,32,40,2309,26.3,9.45,106,4.59,0.12,5464195,Rising,2026-08-06,None,Navigational,Organic,8,29.14,4,1,1,7
2179,machine learning software,26,28,1168,35.3,5.21,84,7.19,0.96,2638826,Stable,2026-06-09,People Also Ask,Transactional,Organic,2,25.56,3,1,2,3
2180,sql for beginners,36,48,1380,45.1,9.33,76,5.51,0.19,4333748,Stable,2026-07-08,Sitelinks,Commercial,Organic,12,22.15,2,1,2,1
2181,reporting advanced,85,79,82,25.3,2.5,0,0,0.83,4187173,Stable,2026-06-20,Reviews,Informational,Organic,-6,22.57,1,1,2,6
2182,keyword research course,64,59,131,67.3,6.2,2,1.53,0.64,3718306,Rising,2026-05-13,None,Transactional,Organic,-5,10.88,3,1,1,7
2183,python pandas software,24,17,21435,49.4,5.89,2274,10.61,0.58,2263437,Stable,2026-01-18,People Also Ask,Commercial,People Also Ask,-7,63.44,2,3,2,3
2184,power bi best practices,2,1,8579,50.9,1.8,2296,26.76,0.95,5438446,Stable,2026-07-06,None,Informational,Organic,-1,46.03,1,1,2,7
2185,machine learning for beginners,46,59,15668,62.3,4.68,411,2.62,0.07,6802262,Rising,2026-03-22,None,Informational,People Also Ask,13,43.85,1,3,1,7
2186,content marketing dashboard,78,76,76,44.7,6.97,1,1.32,0.82,1302416,Stable,2026-05-10,Video,Informational,Organic,-2,17.44,1,1,2,4
2187,google analytics salary,47,53,238,33.7,1.67,5,2.1,0.17,657995,Declining,2026-06-02,Featured Snippet,Commercial,Organic,6,21.48,2,1,3,2
2188,marketing analytics examples,35,50,510,55.9,2.03,27,5.29,0.79,4095128,Declining,2026-08-01,Reviews,Informational,Video,15,17.06,1,4,3,6
2189,seo analytics templates,90,98,1796,38.3,5.59,13,0.72,0.47,1705756,Rising,2026-05-28,Reviews,Transactional,Organic,8,22.46,3,1,1,6
2190,python pandas interview questions,94,82,4300,78,11.19,21,0.49,0.25,7726928,Stable,2026-03-08,Video,Informational,Organic,-12,15.41,1,1,2,4
2191,digital marketing course,99,100,1384,32.3,11.09,9,0.65,0.13,4508965,Rising,2026-02-10,Sitelinks,Navigational,Organic,1,23.41,4,1,1,1
2192,python pandas salary,69,76,6506,48.1,7.87,98,1.51,0.39,6386504,Declining,2026-03-11,Video,Transactional,Video,7,29.31,3,4,3,4
2193,data science free,35,25,909,35.5,3.33,43,4.73,0.65,7065913,Rising,2026-03-10,Reviews,Commercial,Image,-10,23.67,2,5,1,6
2194,reporting best practices,99,100,6647,76,4.27,19,0.29,0.05,3639976,Rising,2026-05-12,Featured Snippet,Transactional,Organic,1,20.57,3,1,1,2
2195,marketing analytics guide,73,79,2759,84.1,4.25,36,1.3,0.9,3915940,Rising,2026-01-14,People Also Ask,Informational,Organic,6,10.95,1,1,1,3
2196,customer analytics dashboard,9,11,2566,63.2,6.91,484,18.86,0.25,2016922,Stable,2026-04-27,Sitelinks,Navigational,Organic,2,26.18,4,1,2,1
2197,business intelligence examples,11,19,1062,14.1,11.75,199,18.74,0.68,7981931,Stable,2026-01-14,Image Pack,Informational,Organic,8,37.85,1,1,2,5
2198,data analyst course,78,64,2416,12.2,7.93,33,1.37,0.94,1145661,Stable,2026-05-23,People Also Ask,Informational,Organic,-14,31.87,1,1,2,3
2199,keyword research advanced,53,62,79,26.8,9.79,2,2.53,0.89,4225536,Stable,2026-06-29,Sitelinks,Commercial,Organic,9,23.46,2,1,2,1
2200,reporting course,26,16,567,84.9,6.4,41,7.23,0.05,4919068,Declining,2026-08-27,People Also Ask,Informational,Image,-10,9.51,1,5,3,3
2201,digital marketing certification,29,43,73,51.1,6.65,4,5.48,0.71,3979835,Stable,2026-06-23,Sitelinks,Commercial,Organic,14,17.73,2,1,2,1
2202,excel project,43,29,1133,82.7,2.28,35,3.09,0.32,3268099,Stable,2026-09-14,Video,Navigational,Organic,-14,9.09,4,1,2,4
2203,excel project,99,100,363,73.5,11.04,3,0.83,0.67,7323775,Stable,2026-05-13,Video,Informational,Organic,1,9.11,1,1,2,4
2204,google analytics examples,85,76,1123,26.1,6.97,8,0.71,0.88,7590678,Stable,2026-07-13,Video,Informational,Organic,-9,24.78,1,1,2,4
2205,customer analytics for beginners,87,100,17885,50.9,10.04,334,1.87,0.94,4356607,Stable,2026-02-08,None,Informational,Organic,13,51.28,1,1,2,7
2206,tableau interview questions,83,72,1805,17.3,5.48,14,0.78,0.56,7163587,Rising,2026-08-31,Sitelinks,Informational,Organic,-11,28.81,1,1,1,1
2207,dashboard dashboard,15,13,15951,64.1,7.25,2896,18.16,0.29,2125412,Declining,2026-01-08,People Also Ask,Commercial,Organic,-2,52.15,2,1,3,3
2208,data science advanced,26,23,1121,50.7,5.48,92,8.21,0.98,7219493,Declining,2026-03-13,None,Informational,Image,-3,21.39,1,5,3,7
2209,machine learning jobs,61,76,1099,72.1,1.59,22,2,0.98,7914257,Rising,2026-05-08,Sitelinks,Informational,Featured Snippet,15,11.62,1,2,1,1
2210,mysql online,74,70,6244,28.7,8.53,65,1.04,0.41,253876,Stable,2026-01-01,None,Informational,Organic,-4,34.36,1,1,2,7
2211,customer analytics dashboard,53,58,5858,86.3,0.56,147,2.51,0.82,7809191,Declining,2026-07-27,People Also Ask,Commercial,Organic,5,17.09,2,1,3,3
2212,marketing analytics skills,56,64,4434,81.2,7.3,137,3.09,0.8,6567663,Rising,2026-09-13,None,Informational,Organic,8,16.1,1,1,1,7
2213,data science examples,49,37,1251,29.8,5.45,49,3.92,0.74,818889,Declining,2026-09-07,People Also Ask,Transactional,Organic,-12,25.63,3,1,3,3
2214,google analytics for beginners,57,44,14516,76.1,10.86,317,2.18,0.48,1654376,Rising,2026-07-03,Video,Transactional,Featured Snippet,-13,37.19,3,2,1,4
2215,data analyst skills,33,29,5029,19.8,1.96,340,6.76,0.34,2337619,Stable,2026-07-05,Featured Snippet,Commercial,Organic,-4,37.66,2,1,2,2
2216,reporting online,65,65,496,66.7,8.3,6,1.21,0.18,5767305,Stable,2026-09-26,None,Transactional,Organic,0,11.62,3,1,2,7
2217,keyword research advanced,4,1,3567,19.8,10.36,979,27.45,0.32,2330214,Stable,2026-06-29,Video,Commercial,Featured Snippet,-3,45.76,2,2,2,4
2218,sql software,86,79,242,47.2,8.41,1,0.41,0.44,4794952,Rising,2026-02-13,Sitelinks,Informational,People Also Ask,-7,16.54,1,3,1,1
2219,seo analytics software,57,62,2088,73,8.07,49,2.35,0.93,6568088,Stable,2026-07-17,Video,Transactional,Organic,5,13.5,3,1,2,4
2220,google analytics tutorial,72,68,352,63.7,11.15,4,1.14,0.46,2770351,Stable,2026-04-05,Sitelinks,Commercial,Organic,-4,12.2,2,1,2,1
2221,dashboard templates,69,70,3211,57.5,6.12,64,1.99,0.33,2351816,Rising,2026-08-09,Sitelinks,Commercial,Organic,1,20.19,2,1,1,1
2222,power bi best practices,78,68,10230,47.4,8.22,133,1.3,0.69,470668,Stable,2026-09-03,Featured Snippet,Informational,People Also Ask,-10,36.81,1,3,2,2
2223,tableau dashboard,75,61,650,79.3,3.23,3,0.46,0.7,7998631,Declining,2026-05-03,Featured Snippet,Transactional,Video,-14,7.75,3,4,3,2
2224,excel certification,66,59,8580,38.3,6.12,118,1.38,0.35,1240751,Rising,2026-03-20,Image Pack,Informational,Organic,-7,36.3,1,1,1,5
2225,digital marketing dashboard,53,57,4066,37.7,8.55,89,2.19,0.93,7669637,Declining,2026-04-13,Reviews,Commercial,Organic,4,27.94,2,1,3,6
2226,sql training,43,39,2737,83.1,5.3,120,4.38,0.24,6759578,Stable,2026-07-01,Reviews,Transactional,Organic,-4,12.84,3,1,2,6
2227,digital marketing tools,60,65,6731,36.2,8.25,175,2.6,0.61,6049782,Declining,2026-08-10,Featured Snippet,Informational,Organic,5,33.91,1,1,3,2
2228,reporting project,82,82,2385,23.4,2.51,38,1.59,0.55,1271627,Stable,2026-07-05,None,Informational,Image,0,28.57,1,5,2,7
2229,mysql dashboard,56,56,9670,58.5,11.84,197,2.04,0.17,7906783,Declining,2026-09-11,None,Informational,Featured Snippet,0,32.76,1,2,3,7
2230,reporting skills,93,100,15656,76.9,2.42,225,1.44,0.14,1203127,Stable,2026-07-07,Reviews,Informational,Organic,7,38.82,1,1,2,6
2231,digital marketing software,94,100,1640,34.4,11.84,12,0.73,0.19,932033,Stable,2026-07-28,Featured Snippet,Commercial,Organic,6,23.33,2,1,2,2
2232,business intelligence software,5,6,450,68.5,4.72,116,25.78,0.14,2356818,Rising,2026-09-11,People Also Ask,Informational,People Also Ask,1,24.06,1,3,1,3
2233,marketing analytics project,9,15,1325,14.9,10.63,212,16,0.94,584308,Rising,2026-01-08,None,Navigational,Organic,6,36.68,4,1,1,7
2234,machine learning jobs,66,52,9182,80.6,7.38,112,1.22,0.3,2557783,Stable,2026-02-14,Sitelinks,Navigational,Organic,-14,24.72,4,1,2,1
2235,data science certification,86,88,432,36.3,8.34,5,1.16,0.87,3902777,Stable,2026-09-08,Video,Informational,Organic,2,20.59,1,1,2,4
2236,google analytics tools,57,46,2849,85.8,4.18,65,2.28,0.32,7513353,Rising,2026-07-19,Video,Commercial,Organic,-11,11.14,2,1,1,4
2237,machine learning advanced,28,38,9771,20.2,3.34,531,5.43,0.18,737998,Rising,2026-02-20,Featured Snippet,Transactional,People Also Ask,10,46.26,3,3,1,2
2238,machine learning training,73,59,1620,59.5,8.94,32,1.98,0.36,1611297,Rising,2026-08-17,Video,Informational,Organic,-14,16.42,1,1,1,4
2239,dashboard tools,17,21,10441,27.7,11.04,1057,10.12,0.98,2903771,Rising,2026-07-05,People Also Ask,Commercial,Video,4,47.83,2,4,1,3
2240,seo analytics jobs,11,21,13728,85.2,2.41,2766,20.15,0.71,6879724,Stable,2026-06-16,Image Pack,Informational,Organic,10,42.46,1,1,2,5
2241,digital marketing examples,25,22,1313,41.4,3.62,86,6.55,0.78,6505238,Stable,2026-02-17,People Also Ask,Informational,Organic,-3,23.68,1,1,2,3
2242,data analyst tutorial,60,65,407,81.1,5.41,7,1.72,0.2,4167176,Declining,2026-09-17,Video,Navigational,Organic,5,7.39,4,1,3,4
2243,data science certification,8,12,665,70,2.77,138,20.75,0.9,5391691,Rising,2026-03-13,People Also Ask,Commercial,People Also Ask,4,21.37,2,3,1,3
2244,data science interview questions,43,37,1917,43.1,5.86,63,3.29,0.48,416917,Rising,2026-08-04,Reviews,Informational,Organic,-6,22.63,1,1,1,6
2245,seo analytics guide,46,51,11870,79.1,3.56,321,2.7,0.33,3404384,Rising,2026-03-03,Video,Informational,Organic,5,31.31,1,1,1,4
2246,sql online,47,35,23223,50,6.91,756,3.26,0.58,7322329,Stable,2026-07-30,Sitelinks,Informational,Video,-12,62.91,1,4,2,1
2247,machine learning training,58,66,1211,55.5,4.86,18,1.49,0.18,267896,Rising,2026-03-07,People Also Ask,Informational,Organic,8,16.55,1,1,1,3
2248,content marketing free,76,81,1931,25.8,7.77,16,0.83,0.09,746676,Rising,2026-08-08,People Also Ask,Informational,Organic,5,26.54,1,1,1,3
2249,data science tutorial,70,57,1002,22.4,7.17,7,0.7,0.78,3021288,Stable,2026-06-09,Reviews,Informational,Organic,-13,25.64,1,1,2,6
2250,reporting software,5,1,25064,63.4,11.24,7331,29.25,0.57,399502,Declining,2026-06-18,Featured Snippet,Commercial,Video,-4,76.38,2,4,3,2
2251,mysql for beginners,28,34,10870,49.9,5.6,606,5.57,0.97,4145082,Rising,2026-07-24,Video,Navigational,Organic,6,39.61,4,1,1,4
2252,seo analytics for beginners,29,27,15284,64.4,6.87,1036,6.78,0.53,7054611,Stable,2026-01-09,Image Pack,Informational,Organic,-2,44.68,1,1,2,5
2253,keyword research best practices,22,25,3764,40.2,6.87,323,8.58,0.91,1313476,Stable,2026-03-23,Video,Informational,Video,3,29.99,1,4,2,4
2254,tableau for beginners,92,96,14687,86.9,8.79,83,0.57,0.78,5503509,Rising,2026-05-09,Video,Informational,Organic,4,33.43,1,1,1,4
2255,content marketing certification,39,43,21969,17,0.77,926,4.22,0.21,6547292,Stable,2026-09-24,Reviews,Commercial,Organic,4,70.82,2,1,2,6
2256,reporting jobs,35,28,10607,30.4,0.42,646,6.09,0.76,5471517,Stable,2026-02-12,Image Pack,Navigational,Organic,-7,45.21,4,1,2,5
2257,keyword research best practices,12,4,10917,13.8,6.83,2001,18.33,0.27,991675,Rising,2026-01-15,Sitelinks,Informational,Featured Snippet,-8,57.32,1,2,1,1
2258,digital marketing free,54,57,252,61.6,9.52,6,2.38,0.62,6323384,Stable,2026-01-02,Sitelinks,Transactional,People Also Ask,3,13.29,3,3,2,1
2259,data visualization course,10,7,613,71.2,2.33,87,14.19,0.6,3037736,Rising,2026-04-10,Featured Snippet,Transactional,Organic,-3,17.41,3,1,1,2
2260,business intelligence tools,38,47,111,24.2,2.18,3,2.7,0.57,7338086,Stable,2026-01-18,None,Informational,Organic,9,24.4,1,1,2,7
2261,reporting course,32,20,14895,48.9,3.98,1069,7.18,0.06,5653418,Stable,2026-02-10,Video,Informational,Organic,-12,48.76,1,1,2,4
2262,business intelligence jobs,38,50,1070,30.6,2.78,65,6.07,0.5,3107200,Rising,2026-05-26,Reviews,Commercial,Organic,12,26.18,2,1,1,6
2263,excel certification,60,65,132,65.2,5.54,1,0.76,0.96,7267686,Declining,2026-01-28,Sitelinks,Commercial,Organic,5,11.11,2,1,3,1
2264,marketing analytics course,70,84,15146,60.2,6.9,172,1.14,0.21,3167428,Stable,2026-01-13,People Also Ask,Transactional,People Also Ask,14,42.66,3,3,2,3
2265,business intelligence jobs,34,41,216,21.1,8.89,12,5.56,0.41,3015378,Stable,2026-01-22,Featured Snippet,Informational,Organic,7,27.06,1,1,2,2
2266,tableau interview questions,73,69,16255,52.3,10.88,193,1.19,0.51,407264,Stable,2026-02-12,Video,Commercial,Organic,-4,47.26,2,1,2,4
2267,tableau interview questions,95,97,2431,86.2,0.28,15,0.62,0.53,7022448,Stable,2026-08-10,Video,Informational,Organic,2,9.3,1,1,2,4
2268,data visualization tutorial,79,82,758,64.9,11.19,7,0.92,0.07,7574305,Rising,2026-04-12,Sitelinks,Commercial,Organic,3,12.53,2,1,1,1
2269,sql tutorial,86,81,101,73.6,0.23,0,0,0.56,3420311,Stable,2026-02-01,Featured Snippet,Transactional,Organic,-5,8.12,3,1,2,2
2270,tableau interview questions,79,79,121,54.7,8.77,2,1.65,0.42,5347058,Declining,2026-06-23,Image Pack,Informational,Organic,0,14.71,1,1,3,5
2271,data analyst tools,64,77,504,46.4,7.22,9,1.79,0.18,1661706,Rising,2026-05-01,Featured Snippet,Informational,Organic,13,18.03,1,1,1,2
2272,data visualization tools,25,18,99,25.6,4.72,9,9.09,0.61,3038238,Rising,2026-01-22,Video,Informational,Organic,-7,27.35,1,1,1,4
2273,data science examples,61,71,240,46.9,8.09,3,1.25,0.81,3631479,Stable,2026-09-19,Image Pack,Informational,Organic,10,17.07,1,1,2,5
2274,sql jobs,33,44,101,62.8,0.5,6,5.94,0.13,2122330,Declining,2026-09-24,Sitelinks,Commercial,Video,11,14.52,2,4,3,1
2275,excel examples,43,50,2099,65.6,5.68,56,2.67,0.86,1208121,Stable,2026-01-15,Sitelinks,Commercial,Organic,7,15.91,2,1,2,1
2276,excel interview questions,55,49,1128,82,10.47,28,2.48,0.17,1390049,Rising,2026-01-03,People Also Ask,Transactional,Organic,-6,8.96,3,1,1,3
2277,machine learning project,58,59,504,62.6,4.01,6,1.19,0.63,2955843,Stable,2026-04-04,Image Pack,Informational,Organic,1,12.86,1,1,2,5
2278,data science training,47,54,5245,88.3,11.5,202,3.85,0.23,5103240,Stable,2026-08-30,Reviews,Commercial,Organic,7,15.99,2,1,2,6
2279,digital marketing course,79,71,8416,63.3,2.51,109,1.3,0.77,2432218,Rising,2026-03-11,Reviews,Commercial,Organic,-8,28.43,2,1,1,6
2280,machine learning skills,93,100,2514,37.7,8.58,27,1.07,0.57,5359804,Stable,2026-03-21,Video,Informational,Image,7,24.26,1,5,2,4
2281,machine learning training,40,53,135,60.5,0.87,4,2.96,0.28,6280446,Rising,2026-03-10,Sitelinks,Informational,Organic,13,13.69,1,1,1,1
2282,digital marketing skills,23,35,1696,23.7,10.45,131,7.72,0.25,3042609,Rising,2026-05-22,People Also Ask,Informational,Featured Snippet,12,30.37,1,2,1,3
2283,excel project,27,20,1353,16.7,1.44,122,9.02,0.3,7934688,Stable,2026-05-28,Featured Snippet,Transactional,Organic,-7,32.48,3,1,2,2
2284,customer analytics for beginners,92,86,649,71.5,4.67,7,1.08,0.12,5067515,Rising,2026-07-28,People Also Ask,Transactional,Organic,-6,10.42,3,1,1,3
2285,data visualization examples,85,82,824,57.7,6.11,6,0.73,0.73,2721027,Stable,2026-09-28,Video,Informational,Organic,-3,14.72,1,1,2,4
2286,excel software,31,43,74,35.3,1.61,5,6.76,0.12,4326451,Declining,2026-09-03,Image Pack,Informational,Organic,12,23.15,1,1,3,5
2287,machine learning tutorial,44,59,3806,54.6,3.27,182,4.78,0.07,4124742,Rising,2026-07-27,People Also Ask,Navigational,Organic,15,23.73,4,1,1,3
2288,data science for beginners,82,88,2715,34.7,8.99,48,1.77,0.92,5128853,Rising,2026-08-04,Reviews,Transactional,Organic,6,25.93,3,1,1,6
2289,data analyst guide,77,82,1739,45.7,3.85,15,0.86,0.8,6407250,Stable,2026-09-09,Image Pack,Navigational,Organic,5,20.21,4,1,2,5
2290,google analytics skills,2,1,258,31.3,1.19,56,21.71,0.9,2683684,Rising,2026-04-08,Sitelinks,Informational,Organic,-1,32.68,1,1,1,1
2291,digital marketing tutorial,24,38,2446,84.3,7.53,274,11.2,0.86,7703007,Stable,2026-02-27,Featured Snippet,Informational,Organic,14,15.53,1,1,2,2
2292,sql examples,96,100,8668,21.3,0.63,71,0.82,0.41,4915184,Stable,2026-08-20,Image Pack,Transactional,Organic,4,41.28,3,1,2,5
2293,power bi tools,37,24,1286,20.9,4.83,53,4.12,0.51,2124189,Declining,2026-08-05,Sitelinks,Transactional,Organic,-13,28.48,3,1,3,1
2294,content marketing jobs,67,74,1826,66.7,7.28,24,1.31,0.49,3607171,Declining,2026-09-08,Reviews,Transactional,Organic,7,14.32,3,1,3,6
2295,dashboard training,4,1,1573,56,7.99,405,25.75,0.83,3241630,Stable,2026-08-29,People Also Ask,Transactional,Organic,-3,30.03,3,1,2,3
2296,content marketing advanced,28,32,1210,52.8,3.93,108,8.93,0.27,634263,Rising,2026-08-11,Reviews,Informational,Organic,4,21.32,1,1,1,6
2297,content marketing for beginners,81,79,9143,40.6,8.66,133,1.45,0.39,5476803,Declining,2026-07-21,Sitelinks,Navigational,Organic,-2,36.77,4,1,3,1
2298,sql jobs,12,1,210,20.4,2.15,30,14.29,0.67,7336035,Stable,2026-03-08,None,Informational,Organic,-11,31.9,1,1,2,7
2299,power bi online,45,55,9145,35.7,4.61,334,3.65,0.65,3870910,Stable,2026-06-19,Sitelinks,Transactional,Featured Snippet,10,39.41,3,2,2,1
2300,tableau software,100,100,1531,27.9,10.53,10,0.65,0.8,2950434,Declining,2026-03-21,People Also Ask,Informational,Organic,0,25.02,1,1,3,3
2301,keyword research for beginners,38,36,3765,77.7,0.81,207,5.5,0.78,6846381,Declining,2026-03-31,Image Pack,Informational,Organic,-2,17.1,1,1,3,5
2302,tableau skills,21,12,7825,30.4,10.51,881,11.26,0.1,669720,Rising,2026-09-22,People Also Ask,Informational,Organic,-9,42.43,1,1,1,3
2303,power bi for beginners,34,43,187,67.2,11.31,9,4.81,0.75,3864327,Stable,2026-06-24,Sitelinks,Transactional,Organic,9,12.77,3,1,2,1
2304,reporting free,49,56,746,59.2,5.12,21,2.82,0.75,369771,Rising,2026-07-01,Featured Snippet,Informational,Featured Snippet,7,15.22,1,2,1,2
2305,business intelligence examples,53,40,213,49.9,6.05,5,2.35,0.66,7235085,Declining,2026-04-07,Reviews,Informational,Organic,-13,16.7,1,1,3,6
2306,seo analytics certification,92,100,5969,16.8,10.63,62,1.04,0.24,6660521,Declining,2026-04-29,Sitelinks,Commercial,Organic,8,37.38,2,1,3,1
2307,seo analytics tools,68,73,874,62.2,10.41,6,0.69,0.06,4918154,Rising,2026-04-24,Video,Navigational,Organic,5,13.44,4,1,1,4
2308,data visualization tools,5,8,1080,48.8,11.72,263,24.35,0.48,3817462,Rising,2026-08-02,People Also Ask,Transactional,Organic,3,30.47,3,1,1,3
2309,seo analytics software,45,39,1698,14.7,3.15,51,3,0.36,6914764,Rising,2026-07-03,None,Transactional,Organic,-6,30.56,3,1,1,7
2310,power bi salary,49,53,881,39.7,2.97,21,2.38,0.76,1698697,Rising,2026-02-12,Featured Snippet,Informational,Featured Snippet,4,21.11,1,2,1,2
2311,sql project,84,85,1403,72.8,5.68,7,0.5,0.46,6442189,Stable,2026-07-17,Video,Informational,Organic,1,11.22,1,1,2,4
2312,excel project,40,51,5171,22.6,11.2,227,4.39,0.32,7875750,Stable,2026-05-11,Reviews,Informational,Organic,11,35.84,1,1,2,6
2313,dashboard interview questions,32,18,554,14.3,6.89,43,7.76,0.37,5400230,Rising,2026-07-04,Image Pack,Commercial,Organic,-14,30.94,2,1,1,5
2314,excel jobs,48,50,537,52.5,9.24,12,2.23,0.68,6652543,Stable,2026-06-03,None,Commercial,Image,2,16.5,2,5,2,7
2315,google analytics skills,80,83,244,66,3.46,3,1.23,0.99,7987806,Stable,2026-06-14,Featured Snippet,Informational,Organic,3,11.34,1,1,2,2
2316,data analyst examples,10,25,1228,79.8,11.74,260,21.17,0.4,4399090,Stable,2026-09-10,Sitelinks,Transactional,Organic,15,19.77,3,1,2,1
2317,data science free,77,83,1852,20,8.28,24,1.3,0.75,5005311,Stable,2026-08-05,Video,Informational,Organic,6,28.37,1,1,2,4
2318,keyword research tutorial,96,85,5941,14.6,8.36,64,1.08,0.9,453125,Stable,2026-05-04,People Also Ask,Transactional,Organic,-11,38.01,3,1,2,3
2319,machine learning certification,53,41,931,11,5.95,27,2.9,0.75,3205661,Rising,2026-09-04,People Also Ask,Transactional,Organic,-12,30.09,3,1,1,3
2320,seo analytics jobs,92,93,24212,79.9,10.46,348,1.44,0.51,7213081,Stable,2026-02-16,People Also Ask,Commercial,Organic,1,54.93,2,1,2,3
2321,google analytics online,66,53,1426,47.4,8.37,19,1.33,0.44,6904912,Stable,2026-06-04,Sitelinks,Commercial,Organic,-13,19.32,2,1,2,1
2322,machine learning guide,33,31,8518,55.5,4.57,427,5.01,0.86,759660,Rising,2026-06-21,Video,Navigational,Organic,-2,32.95,4,1,1,4
2323,digital marketing software,10,11,480,58.6,1,107,22.29,0.65,3551321,Stable,2026-06-09,Image Pack,Transactional,Organic,1,25.24,3,1,2,5
2324,google analytics advanced,63,65,1067,55.7,9.96,25,2.34,0.75,865142,Stable,2026-04-25,Sitelinks,Informational,Organic,2,16.66,1,1,2,1
2325,power bi examples,91,82,2198,76.5,2.36,32,1.46,0.74,3491258,Rising,2026-01-03,Sitelinks,Informational,Organic,-9,12.2,1,1,1,1
2326,dashboard course,15,15,1685,18.6,7.35,239,14.18,0.45,3840189,Stable,2026-01-09,None,Commercial,Organic,0,35.32,2,1,2,7
2327,machine learning guide,1,1,410,11,2.43,101,24.63,0.74,4024590,Stable,2026-05-29,Featured Snippet,Transactional,Organic,0,40.62,3,1,2,2
2328,sql course,39,52,128,66.8,2.76,5,3.91,0.07,6068698,Rising,2026-09-26,Featured Snippet,Transactional,Organic,13,12.3,3,1,1,2
2329,google analytics dashboard,96,100,1183,68,9.49,11,0.93,0.57,5585914,Rising,2026-05-05,None,Navigational,Organic,4,12.45,4,1,1,7
2330,tableau advanced,43,44,16673,87.3,8,513,3.08,0.66,5384081,Rising,2026-02-22,Sitelinks,Commercial,Organic,1,38.6,2,1,1,1
2331,sql interview questions,63,73,5768,85.1,7.72,88,1.53,0.42,5816327,Stable,2026-09-03,Featured Snippet,Commercial,Organic,10,16.75,2,1,2,2
2332,data visualization best practices,42,45,4479,10.8,2.57,190,4.24,0.72,5409175,Stable,2026-01-16,None,Informational,Organic,3,37.92,1,1,2,7
2333,content marketing dashboard,86,94,232,22.4,3.16,2,0.86,0.47,5571569,Stable,2026-02-20,Image Pack,Commercial,Organic,8,24.2,2,1,2,5
2334,machine learning tutorial,48,45,5091,14.9,9.52,152,2.99,0.42,1383749,Declining,2026-05-30,None,Commercial,Organic,-3,37.24,2,1,3,7
2335,content marketing jobs,93,97,4332,50.2,2.2,17,0.39,0.36,2356989,Stable,2026-09-12,Video,Informational,Organic,4,23.76,1,1,2,4
2336,google analytics tools,53,65,1512,77.1,1.82,35,2.31,0.18,7584113,Stable,2026-02-25,None,Commercial,Organic,12,11.11,2,1,2,7
2337,digital marketing advanced,86,97,132,86.6,6.84,1,0.76,0.78,1679752,Declining,2026-05-12,Reviews,Transactional,Organic,11,4.69,3,1,3,6
2338,tableau guide,10,18,1074,52.9,5.36,145,13.5,0.74,7076411,Rising,2026-02-16,Reviews,Informational,Organic,8,23.45,1,1,1,6
2339,google analytics interview questions,66,57,681,55.1,7.88,14,2.06,0.95,6102983,Stable,2026-07-16,None,Informational,Organic,-9,15.92,1,1,2,7
2340,seo analytics tools,20,25,2164,40.6,6.83,196,9.06,0.08,4342212,Stable,2026-08-13,Featured Snippet,Informational,Organic,5,26.94,1,1,2,2
2341,machine learning dashboard,71,86,3850,15.3,0.33,76,1.97,0.42,3918538,Declining,2026-08-15,Featured Snippet,Navigational,Organic,15,34.11,4,1,3,2
2342,mysql training,38,47,1052,89,4.63,33,3.14,0.65,4718580,Stable,2026-06-27,Video,Commercial,Organic,9,7.06,2,1,2,4
2343,seo analytics dashboard,76,74,3104,35.4,4.81,38,1.22,0.12,2159809,Stable,2026-06-24,People Also Ask,Navigational,Video,-2,26.2,4,4,2,3
2344,customer analytics free,96,100,962,14,4.37,13,1.35,0.17,6828712,Stable,2026-02-18,Featured Snippet,Navigational,People Also Ask,4,28.43,4,3,2,2
2345,tableau best practices,17,12,1389,72.2,10.76,185,13.32,0.53,2585669,Declining,2026-05-31,Video,Informational,Organic,-5,18.19,1,1,3,4
2346,mysql course,6,1,268,63.7,11.6,60,22.39,0.54,7517839,Rising,2026-08-14,None,Transactional,Organic,-5,23.34,3,1,1,7
2347,data science project,32,44,2454,28.6,6.97,165,6.72,0.31,1843209,Stable,2026-06-12,Image Pack,Informational,Organic,12,29.88,1,1,2,5
2348,machine learning salary,14,5,94,20.1,7.99,15,15.96,0.72,2996002,Rising,2026-02-14,Image Pack,Commercial,Organic,-9,32.65,2,1,1,5
2349,content marketing templates,39,51,12781,33.5,8.01,614,4.8,0.34,3698149,Stable,2026-01-19,Reviews,Commercial,Featured Snippet,12,47.92,2,2,2,6
2350,python pandas training,72,74,18240,43.5,5.73,237,1.3,0.64,6684848,Declining,2026-09-26,Image Pack,Navigational,Video,2,53.91,4,4,3,5
2351,sql dashboard,100,100,711,27,7.42,10,1.41,0.55,2436806,Stable,2026-04-10,Sitelinks,Commercial,Organic,0,24.06,2,1,2,1
2352,tableau training,21,28,9321,60.7,10.5,1113,11.94,0.22,6066462,Rising,2026-03-27,Sitelinks,Commercial,Organic,7,36.68,2,1,1,1
2353,seo analytics for beginners,11,13,1173,27.9,10.43,194,16.54,0.44,2860737,Declining,2026-07-27,None,Commercial,Organic,2,32.76,2,1,3,7
2354,python pandas for beginners,71,75,617,80,0.9,7,1.13,0.98,2692800,Stable,2026-01-18,People Also Ask,Commercial,Featured Snippet,4,7.83,2,2,2,3
2355,data visualization training,87,98,84,11,5.37,0,0,0.87,1524031,Stable,2026-08-30,Reviews,Navigational,Organic,11,26.87,4,1,2,6
2356,keyword research interview questions,9,1,1794,77.3,5.82,315,17.56,0.7,2611564,Rising,2026-07-02,None,Informational,Organic,-8,19.72,1,1,1,7
2357,seo analytics project,87,97,5361,88.6,4.01,74,1.38,0.94,4672870,Rising,2026-02-27,None,Commercial,Video,10,14.81,2,4,1,7
2358,excel certification,41,49,2066,30,2.94,69,3.34,0.48,2437423,Stable,2026-01-19,Reviews,Informational,Organic,8,26.89,1,1,2,6
2359,customer analytics course,78,80,842,26.8,1,9,1.07,0.35,672152,Stable,2026-06-13,Image Pack,Navigational,Organic,2,24.2,4,1,2,5
2360,seo analytics software,49,40,15637,26.5,6.58,335,2.14,0.96,3004611,Rising,2026-06-14,Video,Informational,Organic,-9,54.28,1,1,1,4
2361,keyword research free,68,83,9521,25.4,6.62,148,1.55,0.21,2300880,Stable,2026-03-16,Video,Informational,Organic,15,42.13,1,1,2,4
2362,marketing analytics guide,99,89,24313,50.9,7.66,235,0.97,0.74,3954931,Stable,2026-04-03,Featured Snippet,Commercial,Organic,-10,63.58,2,1,2,2
2363,customer analytics software,84,77,3276,45.5,10.47,23,0.7,0.59,6968951,Declining,2026-03-21,Featured Snippet,Transactional,Image,-7,23.24,3,5,3,2
2364,sql jobs,90,82,528,65.8,10.43,8,1.52,0.22,2077093,Stable,2026-02-18,Image Pack,Informational,Organic,-8,12.12,1,1,2,5
2365,digital marketing tools,70,74,461,81.8,10.68,6,1.3,0.77,599094,Rising,2026-07-25,Featured Snippet,Informational,Video,4,7.07,1,4,1,2
2366,data visualization online,20,18,2500,63.4,10.48,327,13.08,0.59,6089069,Declining,2026-07-04,Video,Informational,People Also Ask,-2,22.91,1,3,3,4
2367,marketing analytics advanced,92,90,9569,25.6,9.4,94,0.98,0.44,6833385,Stable,2026-06-10,Video,Informational,Organic,-2,41.87,1,1,2,4
2368,seo analytics interview questions,50,36,14112,75.9,11.33,241,1.71,0.21,3019704,Stable,2026-09-24,Image Pack,Transactional,Organic,-14,36.2,3,1,2,5
2369,google analytics interview questions,86,77,1693,41.7,3.08,21,1.24,0.09,3858897,Stable,2026-03-19,Image Pack,Transactional,Organic,-9,21.52,3,1,2,5
2370,business intelligence guide,40,44,106,74.8,9.44,4,3.77,0.13,904378,Declining,2026-05-03,People Also Ask,Transactional,Organic,4,9.78,3,1,3,3
2371,power bi training,13,1,24579,17.8,5.06,3774,15.35,0.98,7774535,Stable,2026-07-05,None,Informational,Organic,-12,81.7,1,1,2,7
2372,data analyst for beginners,82,77,3392,84.1,11.43,28,0.83,0.38,6157699,Rising,2026-01-01,Image Pack,Informational,Organic,-5,11.96,1,1,1,5
2373,power bi guide,94,100,2446,69.2,9.53,13,0.53,0.06,3466944,Rising,2026-02-23,Video,Informational,Organic,6,14.39,1,1,1,4
2374,business intelligence online,82,86,267,67.5,10.72,1,0.37,0.12,386463,Stable,2026-09-09,Image Pack,Commercial,Organic,4,10.48,2,1,2,5
2375,data science training,19,33,200,14.5,2.3,18,9,0.25,4293688,Rising,2026-05-17,Reviews,Informational,People Also Ask,14,30.84,1,3,1,6
2376,mysql tools,9,14,118,70.5,7.48,18,15.25,0.67,399168,Stable,2026-01-16,None,Commercial,Organic,5,17.2,2,1,2,7
2377,digital marketing for beginners,44,36,927,72.1,6.1,26,2.8,0.76,2983287,Stable,2026-02-03,Featured Snippet,Commercial,Featured Snippet,-8,11.7,2,2,2,2
2378,customer analytics jobs,38,47,6595,10.5,9.44,327,4.96,0.57,2980995,Stable,2026-01-25,Image Pack,Commercial,Image,9,42.6,2,5,2,5
2379,content marketing salary,15,27,3933,53.8,1.62,542,13.78,0.45,2806482,Rising,2026-06-17,None,Informational,Featured Snippet,12,29.01,1,2,1,7
2380,python pandas examples,96,100,5954,81,3.69,27,0.45,0.7,1516372,Rising,2026-03-28,Video,Informational,Organic,4,17.78,1,1,1,4
2381,python pandas training,72,64,6860,33.7,9.15,160,2.33,0.69,2009354,Stable,2026-07-01,People Also Ask,Informational,Organic,-8,34.77,1,1,2,3
2382,digital marketing salary,94,96,1824,11.5,2.85,6,0.33,0.29,949024,Stable,2026-05-06,None,Informational,Organic,2,30.35,1,1,2,7
2383,marketing analytics skills,3,1,122,31.8,8.12,35,28.69,0.36,416307,Rising,2026-03-06,Featured Snippet,Commercial,Organic,-2,35.97,2,1,1,2
2384,power bi templates,7,7,902,47.6,8.35,215,23.84,0.49,3978515,Rising,2026-01-06,Sitelinks,Informational,Organic,0,30.2,1,1,1,1
2385,google analytics online,87,100,5907,83.2,6.45,60,1.02,0.76,3935130,Stable,2026-07-13,Video,Informational,Organic,13,17.33,1,1,2,4
2386,python pandas training,51,48,13331,33.4,10.6,267,2,0.06,1023865,Rising,2026-08-12,Image Pack,Commercial,Organic,-3,47.55,2,1,1,5
2387,python pandas software,17,27,5874,56.9,3.53,766,13.04,0.78,1112340,Rising,2026-07-22,Image Pack,Transactional,Organic,10,31.55,3,1,1,5
2388,mysql software,17,24,1986,33.2,6.8,264,13.29,0.14,1731128,Stable,2026-02-05,Video,Informational,Organic,7,31.06,1,1,2,4
2389,customer analytics tools,32,27,832,80.9,2.05,66,7.93,0.27,4983556,Rising,2026-07-03,Featured Snippet,Commercial,Organic,-5,11.6,2,1,1,2
2390,google analytics tutorial,67,72,6935,25.1,7.28,108,1.56,0.27,5697565,Rising,2026-02-13,People Also Ask,Commercial,Organic,5,37.09,2,1,1,3
2391,seo analytics interview questions,43,36,18766,63.8,7.92,563,3,0.77,7631561,Rising,2026-08-02,Video,Commercial,Organic,-7,49.77,2,1,1,4
2392,content marketing guide,44,47,4086,28.6,4.74,114,2.79,0.24,5559906,Rising,2026-08-29,Featured Snippet,Navigational,Organic,3,31.03,4,1,1,2
2393,dashboard certification,7,8,12854,74.8,8.53,3347,26.04,0.45,5185192,Declining,2026-01-17,Video,Transactional,Video,1,46.97,3,4,3,4
2394,excel online,85,95,5097,46.3,1.01,83,1.63,0.59,986767,Stable,2026-08-25,Featured Snippet,Informational,Organic,10,27.11,1,1,2,2
2395,sql certification,5,1,6506,45.2,6.76,1525,23.44,0.91,7538936,Stable,2026-09-02,Reviews,Informational,People Also Ask,-4,41.85,1,3,2,6
2396,customer analytics salary,99,100,163,49.2,6.83,1,0.61,0.4,5258482,Rising,2026-02-02,Image Pack,Transactional,Organic,1,15.89,3,1,1,5
2397,marketing analytics project,13,21,16980,90,9.38,2266,13.35,0.72,681351,Stable,2026-04-20,Video,Transactional,Organic,8,43.86,3,1,2,4
2398,marketing analytics skills,48,51,2759,11.7,9.89,84,3.04,0.29,4470005,Declining,2026-02-18,People Also Ask,Transactional,Organic,3,33.59,3,1,3,3
2399,power bi examples,5,15,2876,13.6,3.01,552,19.19,0.73,2636318,Stable,2026-08-16,None,Navigational,Organic,10,41.85,4,1,2,7
2400,dashboard best practices,68,76,411,54.9,8.01,6,1.46,0.19,7406662,Stable,2026-05-13,Image Pack,Transactional,Organic,8,15.12,3,1,2,5
2401,reporting salary,48,36,16125,48.4,2.5,489,3.03,0.87,7935944,Stable,2026-07-07,Image Pack,Navigational,Organic,-12,49.15,4,1,2,5
2402,customer analytics training,86,86,267,77.2,4.01,4,1.5,0.18,5250963,Stable,2026-08-09,Reviews,Transactional,Organic,0,8.17,3,1,2,6
2403,customer analytics skills,25,32,1402,60.8,5.81,139,9.91,0.29,7711499,Rising,2026-07-13,None,Informational,Organic,7,19.82,1,1,1,7
2404,business intelligence certification,53,59,2585,47.2,1.94,51,1.97,0.15,1414846,Stable,2026-08-28,Sitelinks,Commercial,Organic,6,22.03,2,1,2,1
2405,keyword research course,53,65,824,65.7,2.06,27,3.28,0.7,1843141,Stable,2026-02-21,Video,Navigational,Organic,12,13.67,4,1,2,4
2406,google analytics salary,22,34,2172,69.1,3.88,212,9.76,0.97,2010649,Rising,2026-09-19,People Also Ask,Navigational,Organic,12,18.78,4,1,1,3
2407,data science salary,43,41,127,40.7,5.72,4,3.15,0.66,5520016,Stable,2026-01-11,Video,Commercial,Organic,-2,19.72,2,1,2,4
2408,content marketing tutorial,85,96,487,15.2,3.24,7,1.44,0.49,930054,Rising,2026-01-29,None,Transactional,Organic,11,27.17,3,1,1,7
2409,mysql best practices,52,47,1159,35.9,8.88,19,1.64,0.96,1088570,Declining,2026-05-23,Featured Snippet,Informational,Organic,-5,22.41,1,1,3,2
2410,marketing analytics best practices,10,9,5829,39.3,10.7,1322,22.68,0.08,2796864,Rising,2026-03-01,Featured Snippet,Informational,People Also Ask,-1,41.87,1,3,1,2
2411,customer analytics for beginners,50,44,1398,39.8,5.02,25,1.79,0.06,5933570,Stable,2026-09-12,Sitelinks,Informational,Image,-6,21.79,1,5,2,1
2412,reporting software,5,7,2144,81.2,3.35,577,26.91,0.37,5454315,Stable,2026-08-11,Reviews,Informational,Video,2,24.22,1,4,2,6
2413,customer analytics guide,77,66,1745,44.5,0.61,21,1.2,0.38,3056394,Stable,2026-08-17,Reviews,Navigational,Organic,-11,20.76,4,1,2,6
2414,dashboard dashboard,61,74,4376,36.8,0.99,101,2.31,0.24,6168803,Rising,2026-06-21,Image Pack,Commercial,Organic,13,28.89,2,1,1,5
2415,reporting free,55,62,389,85,5.12,6,1.54,0.4,2694780,Declining,2026-08-09,None,Informational,Organic,7,6.09,1,1,3,7
2416,python pandas salary,87,97,1332,71.9,0.66,12,0.9,0.98,1036246,Stable,2026-02-25,Featured Snippet,Commercial,Organic,10,11.56,2,1,2,2
2417,reporting for beginners,69,62,124,54.4,10.58,1,0.81,0.77,7597532,Stable,2026-03-03,None,Informational,Organic,-7,14.36,1,1,2,7
2418,excel free,97,100,6998,68.2,6.35,24,0.34,0.81,4942597,Rising,2026-09-18,Sitelinks,Commercial,Organic,3,23.63,2,1,1,1
2419,business intelligence dashboard,37,44,93,12.7,10.1,4,4.3,0.1,3137908,Declining,2026-04-24,People Also Ask,Navigational,Organic,7,28.66,4,1,3,3
2420,tableau advanced,76,62,9948,18.5,2.98,68,0.68,0.44,2566993,Rising,2026-03-12,Reviews,Informational,Video,-14,44.59,1,4,1,6
2421,seo analytics best practices,58,69,2486,21.5,1.55,63,2.53,0.38,4284746,Rising,2026-03-23,Sitelinks,Commercial,People Also Ask,11,29.84,2,3,1,1
2422,reporting online,72,82,1109,65.2,3.99,7,0.63,0.05,4714053,Rising,2026-04-25,Sitelinks,Transactional,Organic,10,12.98,3,1,1,1
2423,tableau software,54,69,11373,67.2,10.49,280,2.46,0.51,6912843,Stable,2026-02-19,Featured Snippet,Informational,Image,15,33.76,1,5,2,2
2424,reporting software,8,2,1079,55.6,9.09,168,15.57,0.3,507824,Stable,2026-06-15,Featured Snippet,Transactional,Organic,-6,23.75,3,1,2,2
2425,python pandas training,3,3,697,81.5,11.75,184,26.4,0.29,7351461,Stable,2026-04-22,Reviews,Transactional,Organic,0,20.99,3,1,2,6
2426,content marketing free,33,28,4889,50.3,0.36,270,5.52,0.59,2635878,Declining,2026-09-23,Featured Snippet,Informational,Organic,-5,27.57,1,1,3,2
2427,digital marketing salary,87,92,3181,38.2,6.64,34,1.07,0.06,4972917,Stable,2026-04-11,Featured Snippet,Informational,Video,5,25.43,1,4,2,2
2428,tableau salary,59,57,14656,29.2,6.56,175,1.19,0.37,7265044,Rising,2026-04-16,Image Pack,Transactional,Organic,-2,51.01,3,1,1,5
2429,content marketing skills,82,82,6374,72.3,0.59,116,1.82,0.82,6786342,Declining,2026-01-10,Sitelinks,Transactional,Organic,0,21.95,3,1,3,1
2430,data analyst best practices,17,20,953,83.1,1.78,137,14.38,0.32,3747684,Stable,2026-04-20,People Also Ask,Informational,Video,3,14.62,1,4,2,3
2431,seo analytics training,80,67,122,24.9,3.01,1,0.82,0.46,5371241,Stable,2026-08-28,None,Commercial,Organic,-13,23.21,2,1,2,7
2432,tableau best practices,82,82,15838,48.6,7.69,246,1.55,0.14,5362566,Rising,2026-01-01,Image Pack,Informational,Organic,0,47.73,1,1,1,5
2433,mysql for beginners,23,20,125,61.4,5.47,13,10.4,0.76,5225931,Rising,2026-05-25,Featured Snippet,Informational,Organic,-3,17.36,1,1,1,2
2434,machine learning templates,17,6,789,80.8,6.01,82,10.39,0.48,3024473,Stable,2026-01-25,Featured Snippet,Navigational,Organic,-11,12.86,4,1,2,2
2435,marketing analytics online,45,35,153,84,6.41,3,1.96,0.72,1678914,Rising,2026-07-22,Reviews,Transactional,Organic,-10,6.15,3,1,1,6
2436,marketing analytics project,23,33,123,73.7,3.57,12,9.76,0.7,4785202,Stable,2026-07-08,Reviews,Commercial,Organic,10,13.33,2,1,2,6
2437,mysql free,8,21,2206,86.2,9.99,372,16.86,0.37,1220257,Stable,2026-03-18,People Also Ask,Informational,Organic,13,17.5,1,1,2,3
2438,tableau free,76,91,988,89,7.81,14,1.42,0.54,6141371,Stable,2026-08-11,Featured Snippet,Transactional,Featured Snippet,15,6.02,3,2,2,2
2439,sql training,74,69,9624,72.4,4.07,124,1.29,0.96,1095175,Stable,2026-08-13,Featured Snippet,Informational,Organic,-5,28.1,1,1,2,2
2440,power bi tools,80,73,2548,49,5.19,21,0.82,0.91,4750621,Declining,2026-06-30,People Also Ask,Transactional,Organic,-7,20.8,3,1,3,3
2441,reporting free,87,86,6081,48.3,7.6,44,0.72,0.18,543141,Stable,2026-03-05,Sitelinks,Transactional,Organic,-1,27.98,3,1,2,1
2442,digital marketing jobs,65,76,2334,57.7,4.86,29,1.24,0.35,2853519,Rising,2026-01-22,Image Pack,Commercial,Organic,11,17.99,2,1,1,5
2443,data analyst online,2,1,15941,85.2,6.28,3679,23.08,0.2,1561064,Declining,2026-05-31,Reviews,Commercial,Image,-1,48.42,2,5,3,6
2444,tableau software,91,97,566,75.3,2.54,3,0.53,0.16,1169520,Stable,2026-06-19,Sitelinks,Informational,Organic,6,8.82,1,1,2,1
2445,digital marketing dashboard,98,100,743,85.6,5.67,9,1.21,0.52,1858871,Declining,2026-03-08,Video,Transactional,Featured Snippet,2,6.44,3,2,3,4
2446,customer analytics free,42,28,932,10.7,8.56,38,4.08,0.29,3868436,Stable,2026-04-04,None,Commercial,Image,-14,30.81,2,5,2,7
2447,tableau tools,85,88,5797,77.4,11.96,59,1.02,0.44,6150974,Declining,2026-05-20,Video,Informational,People Also Ask,3,18.85,1,3,3,4
2448,sql interview questions,16,25,451,28.4,4.8,70,15.52,0.79,5935700,Rising,2026-06-28,None,Informational,Video,9,30.64,1,4,1,7
2449,dashboard software,92,81,1392,45.6,8.88,9,0.65,0.74,3901480,Stable,2026-02-17,Reviews,Informational,Organic,-11,19.43,1,1,2,6
2450,marketing analytics training,84,88,1268,77.3,3.36,19,1.5,0.96,761415,Stable,2026-02-15,People Also Ask,Commercial,Organic,4,10.13,2,1,2,3
2451,reporting dashboard,85,82,16229,18.6,6.96,136,0.84,0.46,3276809,Rising,2026-04-25,Image Pack,Transactional,Organic,-3,57.13,3,1,1,5
2452,keyword research tools,81,85,1462,89.4,2.77,8,0.55,0.24,1331726,Declining,2026-01-28,People Also Ask,Commercial,Organic,4,6.38,2,1,3,3
2453,power bi interview questions,66,65,24759,74.8,10.19,231,0.93,0.9,1043134,Rising,2026-07-06,None,Transactional,Featured Snippet,-1,57.28,3,2,1,7
2454,data science training,78,76,2027,48.6,7.62,18,0.89,0.35,6044533,Stable,2026-08-24,Video,Commercial,Organic,-2,19.92,2,1,2,4
2455,seo analytics online,76,79,22305,47.9,11.83,400,1.79,0.41,6171513,Declining,2026-06-16,People Also Ask,Transactional,Organic,3,60.93,3,1,3,3
2456,data science course,7,13,550,27.4,8.41,146,26.55,0.42,4661041,Stable,2026-05-15,Video,Informational,Organic,6,37,1,1,2,4
2457,tableau for beginners,69,63,190,48.6,8.38,4,2.11,0.54,1547696,Stable,2026-07-11,Sitelinks,Transactional,Organic,-6,16.92,3,1,2,1
2458,tableau tools,61,59,16696,39.2,6.78,200,1.2,0.4,7086697,Stable,2026-06-15,Image Pack,Commercial,Organic,-2,52.07,2,1,2,5
2459,tableau dashboard,1,11,9671,21.8,9.38,3056,31.6,0.26,2037192,Declining,2026-08-13,Image Pack,Commercial,Organic,10,59.5,2,1,3,5
2460,business intelligence software,77,82,1820,85.5,5.04,30,1.65,0.52,3416409,Stable,2026-06-14,Sitelinks,Commercial,Organic,5,8.85,2,1,2,1
2461,marketing analytics training,14,23,134,19.8,6.7,21,15.67,0.54,583117,Stable,2026-06-11,Video,Transactional,People Also Ask,9,32.67,3,3,2,4
2462,content marketing course,96,100,1620,62,3.98,4,0.25,0.9,4537258,Stable,2026-08-04,Video,Commercial,People Also Ask,4,14.75,2,3,2,4
2463,digital marketing examples,64,62,222,45.7,9.77,5,2.25,0.4,6674593,Stable,2026-06-01,Video,Transactional,Organic,-2,17.93,3,1,2,4
2464,machine learning training,39,50,3029,69.5,5.02,152,5.02,0.59,6912830,Rising,2026-08-09,Featured Snippet,Commercial,Organic,11,17.84,2,1,1,2
2465,sql software,1,1,831,26.5,10.66,216,25.99,0.34,2720432,Rising,2026-05-29,Sitelinks,Informational,Organic,0,37.53,1,1,1,1
2466,digital marketing free,17,26,1436,48.3,10.93,149,10.38,0.12,2972141,Stable,2026-08-19,Featured Snippet,Navigational,Organic,9,23.89,4,1,2,2
2467,data analyst advanced,69,78,24391,56.4,7.36,270,1.11,0.51,5821430,Stable,2026-07-06,Featured Snippet,Commercial,Organic,9,62.16,2,1,2,2
2468,marketing analytics software,68,67,1054,57.6,8.22,24,2.28,0.48,2108974,Stable,2026-05-10,People Also Ask,Informational,Featured Snippet,-1,16.03,1,2,2,3
2469,reporting guide,9,23,1740,55.2,2.34,331,19.02,0.5,2048624,Stable,2026-02-10,Featured Snippet,Informational,Organic,14,27.02,1,1,2,2
2470,mysql interview questions,48,45,249,83.4,1.16,7,2.81,0.54,2790458,Stable,2026-04-24,Featured Snippet,Transactional,People Also Ask,-3,6.97,3,3,2,2
2471,power bi course,8,3,5668,32.9,8.93,1073,18.93,0.57,2418183,Stable,2026-02-04,Image Pack,Informational,Organic,-5,41.47,1,1,2,5
2472,data visualization project,53,42,14610,47.5,11.77,255,1.75,0.93,7300131,Stable,2026-07-28,People Also Ask,Informational,Organic,-11,45.73,1,1,2,3
2473,business intelligence software,79,94,2758,82.5,7.11,34,1.23,0.99,1420158,Rising,2026-03-03,Image Pack,Informational,Organic,15,11.39,1,1,1,5
2474,data science for beginners,63,72,11131,47.7,7.89,228,2.05,0.79,7877007,Stable,2026-08-06,Featured Snippet,Informational,Video,9,38.91,1,4,2,2
2475,mysql training,75,80,6036,79.4,10.18,72,1.19,0.67,7966992,Stable,2026-06-16,People Also Ask,Navigational,Featured Snippet,5,18.81,4,2,2,3
2476,power bi project,36,32,8789,66.3,7.29,425,4.84,0.96,7918785,Stable,2026-01-14,Reviews,Informational,Video,-4,30.16,1,4,2,6
2477,reporting training,91,81,24564,42.4,1.94,222,0.9,0.41,322457,Stable,2026-02-10,Reviews,Informational,Organic,-10,66.6,1,1,2,6
2478,sql interview questions,57,52,887,77.2,11.5,22,2.48,0.31,5172572,Stable,2026-08-24,Reviews,Informational,Organic,-5,9.92,1,1,2,6
2479,marketing analytics project,1,1,1797,71.2,8.35,497,27.66,0.75,2842106,Stable,2026-03-14,Video,Commercial,People Also Ask,0,26.93,2,3,2,4
2480,content marketing tutorial,99,98,21397,11.9,1.17,85,0.4,0.62,3697787,Rising,2026-03-07,Image Pack,Informational,Organic,-1,69.18,1,1,1,5
2481,machine learning for beginners,58,68,127,24.7,10.41,2,1.57,0.47,7043881,Stable,2026-03-21,Sitelinks,Informational,Image,10,23.68,1,5,2,1
2482,dashboard jobs,40,27,824,48.4,0.23,41,4.98,0.58,6665240,Stable,2026-09-29,Featured Snippet,Informational,Organic,-13,19.77,1,1,2,2
2483,marketing analytics dashboard,55,64,6751,43.9,2.11,147,2.18,0.68,558237,Stable,2026-09-04,People Also Ask,Navigational,Organic,9,31.41,4,1,2,3
2484,content marketing interview questions,32,40,1355,74.9,3.96,91,6.72,0.89,3954848,Stable,2026-07-01,Sitelinks,Informational,Organic,8,13.8,1,1,2,1
2485,customer analytics templates,95,96,3726,60.3,10.96,48,1.29,0.19,2872375,Stable,2026-07-04,None,Commercial,Organic,1,20,2,1,2,7
2486,marketing analytics course,20,14,142,32.9,4.56,18,12.68,0.93,2563205,Rising,2026-07-27,Video,Informational,Organic,-6,27.16,1,1,1,4
2487,tableau certification,12,7,11480,40.6,5.35,1634,14.23,0.71,3635515,Stable,2026-01-24,Sitelinks,Informational,People Also Ask,-5,48.22,1,3,2,1
2488,keyword research for beginners,39,25,13051,21,7.59,594,4.55,0.59,5517814,Declining,2026-07-16,People Also Ask,Commercial,Organic,-14,52.07,2,1,3,3
2489,machine learning skills,56,61,1826,78.2,7.86,29,1.59,0.69,6350382,Stable,2026-04-22,Video,Informational,Organic,5,11.02,1,1,2,4
2490,data visualization project,47,42,6707,17.8,0.65,190,2.83,0.11,6152782,Rising,2026-04-05,People Also Ask,Informational,Organic,-5,39.5,1,1,1,3
2491,reporting best practices,52,59,935,12.8,0.68,16,1.71,0.61,7595312,Stable,2026-05-20,Reviews,Navigational,Video,7,28.93,4,4,2,6
2492,customer analytics for beginners,95,93,3427,77.4,1.43,12,0.35,0.15,3612734,Stable,2026-09-15,Video,Informational,Organic,-2,13.78,1,1,2,4
2493,data analyst advanced,65,80,264,87.6,11.52,4,1.52,0.89,1992617,Stable,2026-05-31,Video,Commercial,Organic,15,5.05,2,1,2,4
2494,customer analytics certification,47,33,193,36,11.14,4,2.07,0.46,1071280,Declining,2026-04-23,Video,Informational,Organic,-14,20.69,1,1,3,4
2495,dashboard online,58,55,619,22.9,9.12,14,2.26,0.52,6015728,Stable,2026-06-08,Video,Informational,Organic,-3,25.56,1,1,2,4
2496,power bi advanced,83,84,9988,19.6,10.86,97,0.97,0.37,4069080,Declining,2026-01-19,People Also Ask,Informational,Video,1,44.49,1,4,3,3
2497,sql examples,99,92,2283,43.4,0.64,16,0.7,0.4,3555094,Rising,2026-06-26,Reviews,Commercial,Featured Snippet,-7,21.89,2,2,1,6
2498,python pandas templates,54,62,7200,88.9,3.23,215,2.99,0.8,1093127,Rising,2026-08-26,Image Pack,Informational,Organic,8,19.24,1,1,1,5
2499,data science best practices,18,3,6660,53.8,2.47,737,11.07,0.36,1485292,Declining,2026-09-01,Reviews,Informational,Organic,-15,32.99,1,1,3,6
2500,data science project,85,91,183,30.9,9.2,1,0.55,0.46,1166998,Stable,2026-05-25,Featured Snippet,Informational,Organic,6,21.39,1,1,2,2
2501,sql for beginners,26,15,2407,76.5,2.65,147,6.11,0.7,2888484,Declining,2026-06-30,People Also Ask,Navigational,People Also Ask,-11,15.09,4,3,3,3
2502,content marketing salary,62,57,95,82.2,6.14,1,1.05,0.66,4299614,Rising,2026-01-07,Video,Informational,Organic,-5,6.09,1,1,1,4
2503,google analytics dashboard,27,21,118,24.7,7.5,11,9.32,0.74,2136199,Stable,2026-03-23,Video,Informational,Organic,-6,27.78,1,1,2,4
2504,tableau salary,58,57,18012,33.3,10.61,330,1.83,0.53,1164244,Stable,2026-05-30,None,Informational,Image,-1,56.79,1,5,2,7
2505,mysql project,75,81,691,33.2,7.36,4,0.58,0.44,2903308,Declining,2026-03-22,None,Transactional,Featured Snippet,6,21.72,3,2,3,7
2506,google analytics best practices,65,58,22868,87.1,0.25,356,1.56,0.66,7201002,Stable,2026-04-18,None,Informational,Organic,-7,50.17,1,1,2,7
2507,google analytics certification,92,99,1049,48.7,7.24,7,0.67,0.91,4525709,Stable,2026-04-07,Featured Snippet,Informational,Organic,7,17.83,1,1,2,2
2508,excel online,3,1,1963,53.2,0.33,411,20.94,0.1,1130025,Stable,2026-09-14,Image Pack,Transactional,Featured Snippet,-2,29.09,3,2,2,5
2509,reporting software,25,12,189,72,8.08,15,7.94,0.9,3003939,Rising,2026-02-14,None,Informational,People Also Ask,-13,13,1,3,1,7
2510,data analyst guide,100,98,105,77.7,2.98,0,0,0.42,7614481,Stable,2026-03-31,None,Informational,People Also Ask,-2,6.9,1,3,2,7
2511,data science for beginners,82,86,400,83.9,4.18,5,1.25,0.7,6976835,Declining,2026-02-20,None,Transactional,Organic,4,6.29,3,1,3,7
2512,tableau salary,9,1,4511,16.2,10.42,1082,23.99,0.52,5282563,Stable,2026-09-26,Sitelinks,Informational,Image,-8,46.88,1,5,2,1
2513,data science software,24,36,2143,43.5,4.62,170,7.93,0.57,6149841,Stable,2026-03-25,Sitelinks,Informational,Organic,12,25.43,1,1,2,1
2514,machine learning free,26,12,5900,46.3,11.1,513,8.69,0.23,278092,Declining,2026-03-21,Sitelinks,Navigational,Organic,-14,32.46,4,1,3,1
2515,google analytics jobs,51,61,103,60.6,11.82,3,2.91,0.53,2745657,Stable,2026-09-25,Reviews,Commercial,Organic,10,13.57,2,1,2,6
2516,data visualization tools,30,20,2579,19.4,4.1,169,6.55,0.83,1548781,Stable,2026-03-31,None,Informational,Organic,-10,32.79,1,1,2,7
2517,seo analytics advanced,86,98,10490,64.7,10.18,95,0.91,0.4,2030850,Rising,2026-07-25,None,Informational,Organic,12,31.93,1,1,1,7
2518,mysql for beginners,7,1,3809,76.5,6.97,722,18.96,0.45,3318309,Declining,2026-09-25,Featured Snippet,Commercial,Organic,-6,24.71,2,1,3,2
2519,content marketing course,36,47,1621,53.2,4.46,80,4.94,0.75,7760589,Stable,2026-01-28,Reviews,Informational,Organic,11,19.89,1,1,2,6
2520,python pandas certification,81,94,251,71.3,11.9,2,0.8,0.23,2044518,Declining,2026-07-11,Reviews,Commercial,Organic,13,9.53,2,1,3,6
2521,data analyst certification,7,1,983,17.3,7.49,256,26.04,0.25,1647622,Declining,2026-08-11,Featured Snippet,Navigational,People Also Ask,-6,40.62,4,3,3,2
2522,google analytics tutorial,88,91,603,41,3.46,7,1.16,0.93,2002601,Stable,2026-05-30,Sitelinks,Navigational,Image,3,19.52,4,5,2,1
2523,business intelligence certification,1,1,2280,45.9,7.3,607,26.62,0.92,2150379,Stable,2026-02-26,Image Pack,Commercial,Organic,0,34.93,2,1,2,5
2524,data analyst for beginners,10,14,12746,77.3,9.13,2658,20.85,0.8,2015452,Stable,2026-08-02,Featured Snippet,Informational,Organic,4,43.25,1,1,2,2
2525,data science best practices,31,27,442,29.2,11.35,21,4.75,0.92,4312597,Stable,2026-09-03,Sitelinks,Informational,Organic,-4,24.65,1,1,2,1
2526,tableau course,22,16,6538,25.5,10.63,563,8.61,0.67,4723816,Stable,2026-02-13,Video,Informational,Organic,-6,39.93,1,1,2,4
2527,data science templates,80,92,3557,64.2,4.3,28,0.79,0.55,7562248,Stable,2026-09-26,Image Pack,Transactional,Organic,12,18.23,3,1,2,5
2528,customer analytics training,13,13,184,86.6,1.3,31,16.85,0.16,2483548,Declining,2026-06-09,People Also Ask,Transactional,Image,0,13.35,3,5,3,3
2529,mysql dashboard,10,24,16255,45.5,11.09,3536,21.75,0.72,920783,Declining,2026-01-01,Reviews,Informational,Organic,14,60.24,1,1,3,6
2530,seo analytics skills,84,70,4731,69.2,0.26,44,0.93,0.66,6401363,Declining,2026-07-26,Sitelinks,Commercial,Organic,-14,19.14,2,1,3,1
2531,business intelligence tutorial,15,3,9456,27.1,2.82,1611,17.04,0.64,5269820,Stable,2026-01-16,Featured Snippet,Navigational,Organic,-12,49.74,4,1,2,2
2532,google analytics software,55,48,72,55.6,8.06,2,2.78,0.91,2468001,Rising,2026-07-24,Reviews,Informational,Video,-7,14.94,1,4,1,6
2533,mysql for beginners,20,32,752,43.7,3.51,88,11.7,0.33,5354180,Declining,2026-02-05,None,Informational,People Also Ask,12,24.61,1,3,3,7
2534,data science skills,38,44,2719,21.6,10.93,98,3.6,0.95,687086,Stable,2026-05-31,Featured Snippet,Transactional,Featured Snippet,6,30.84,3,2,2,2
2535,tableau online,34,31,85,74.5,11.31,3,3.53,0.71,4984376,Rising,2026-08-05,Video,Informational,Organic,-3,9.7,1,1,1,4
2536,data science project,55,48,1247,84,1.36,32,2.57,0.6,2652891,Stable,2026-06-15,Reviews,Transactional,Organic,-7,8.65,3,1,2,6
2537,business intelligence free,84,72,919,33.2,5.22,11,1.2,0.15,5532050,Declining,2026-01-24,Reviews,Commercial,Organic,-12,22.51,2,1,3,6
2538,keyword research interview questions,96,93,77,74.1,6.42,1,1.3,0.7,2717142,Declining,2026-05-23,Reviews,Informational,Organic,-3,8.61,1,1,3,6
2539,data science training,31,24,15408,88.9,9.99,1016,6.59,0.46,4903256,Rising,2026-08-07,Image Pack,Transactional,Organic,-7,37.47,3,1,1,5
2540,content marketing training,10,16,18694,79,0.78,4109,21.98,0.25,344621,Declining,2026-03-01,Image Pack,Informational,Organic,6,55.16,1,1,3,5
2541,dashboard interview questions,35,40,121,38.7,6.86,7,5.79,0.93,453572,Stable,2026-03-20,Image Pack,Informational,Organic,5,21.71,1,1,2,5
2542,python pandas guide,51,52,97,26.4,10.57,3,3.09,0.32,3522962,Stable,2026-02-16,Image Pack,Informational,Organic,1,23.92,1,1,2,5
2543,google analytics jobs,95,95,5761,81.4,0.51,109,1.89,0.75,620617,Stable,2026-04-14,Sitelinks,Transactional,Organic,0,18.04,3,1,2,1
2544,excel interview questions,75,70,6381,54.4,9.39,91,1.43,0.95,1645940,Stable,2026-09-13,Featured Snippet,Informational,People Also Ask,-5,27.13,1,3,2,2
2545,business intelligence online,45,60,1572,24,5.63,56,3.56,0.14,2378294,Rising,2026-09-11,Featured Snippet,Informational,Organic,15,27.82,1,1,1,2
2546,data science training,90,90,825,72.7,8.18,5,0.61,0.62,1644059,Stable,2026-05-03,Video,Informational,Organic,0,10.15,1,1,2,4
2547,marketing analytics interview questions,9,13,20367,21.5,0.79,3637,17.86,0.58,5372092,Declining,2026-06-18,Featured Snippet,Navigational,Video,4,73.55,4,4,3,2
2548,data analyst advanced,47,43,23289,64.7,6,934,4.01,0.62,3283973,Stable,2026-04-04,Video,Informational,Organic,-4,59.03,1,1,2,4
2549,mysql salary,29,30,20498,43.8,8.24,1205,5.88,0.19,2066955,Rising,2026-02-07,Featured Snippet,Commercial,Organic,1,60.74,2,1,1,2
2550,data analyst free,43,34,2042,64.1,2.3,86,4.21,0.31,4297113,Stable,2026-05-28,Reviews,Transactional,Organic,-9,17.07,3,1,2,6
2551,business intelligence salary,94,83,429,23.6,0.59,3,0.7,0.76,7114578,Declining,2026-08-31,Sitelinks,Navigational,Featured Snippet,-11,24.15,4,2,3,1
2552,dashboard project,27,30,174,11,6.42,15,8.62,0.95,1799794,Stable,2026-03-05,Featured Snippet,Navigational,Organic,3,31.63,4,1,2,2
2553,customer analytics jobs,18,15,8854,10.5,11.95,1046,11.81,0.4,5071841,Rising,2026-08-18,None,Commercial,Organic,-3,50.74,2,1,1,7
2554,reporting for beginners,72,82,862,25.8,7.73,15,1.74,0.75,2004217,Rising,2026-04-25,None,Informational,Organic,10,24.9,1,1,1,7
2555,digital marketing advanced,35,32,457,39.3,3.84,23,5.03,0.97,321016,Declining,2026-07-02,People Also Ask,Commercial,Organic,-3,21.8,2,1,3,3
2556,python pandas dashboard,34,36,13874,19.9,6.23,919,6.62,0.58,6019047,Stable,2026-06-14,Sitelinks,Transactional,Organic,2,55.14,3,1,2,1
2557,customer analytics examples,63,63,11061,71.1,11.55,217,1.96,0.26,747177,Stable,2026-05-31,Sitelinks,Informational,People Also Ask,0,31.7,1,3,2,1
2558,machine learning dashboard,96,82,3720,40.5,5.11,38,1.02,0.89,5645216,Rising,2026-04-30,Sitelinks,Informational,Featured Snippet,-14,25.79,1,2,1,1
2559,sql best practices,90,77,278,57.2,4.18,1,0.36,0.51,5865898,Declining,2026-05-11,Reviews,Informational,Organic,-13,13.58,1,1,3,6
2560,reporting tools,60,45,831,60.5,2.69,17,2.05,0.6,7057128,Declining,2026-05-27,People Also Ask,Commercial,Organic,-15,14.59,2,1,3,3
2561,python pandas certification,51,41,1014,65.4,1.7,22,2.17,0.5,1349963,Declining,2026-06-14,Sitelinks,Transactional,Video,-10,13.55,3,4,3,1
2562,python pandas advanced,85,89,93,81.3,4.74,1,1.08,0.65,1209207,Declining,2026-03-23,Reviews,Transactional,Organic,4,6.37,3,1,3,6
2563,data science for beginners,85,89,129,35.1,11.71,1,0.78,0.55,4633287,Stable,2026-08-01,Image Pack,Transactional,Video,4,20.14,3,4,2,5
2564,digital marketing examples,42,40,2049,45.7,11.96,84,4.1,0.12,5887334,Rising,2026-04-05,Sitelinks,Navigational,Organic,-2,22.55,4,1,1,1
2565,content marketing tools,48,62,20991,43.6,9.61,582,2.77,0.21,1112937,Stable,2026-09-13,None,Informational,Featured Snippet,14,60.13,1,2,2,7
2566,machine learning tutorial,4,1,1055,79.1,1.13,247,23.41,0.64,606873,Stable,2026-01-10,Image Pack,Informational,Organic,-3,20.83,1,1,2,5
2567,digital marketing best practices,46,40,4400,88.1,0.36,119,2.7,0.33,3416281,Declining,2026-05-09,Image Pack,Commercial,Organic,-6,13.75,2,1,3,5
2568,business intelligence project,94,100,6334,38.1,4.46,30,0.47,0.57,4919090,Declining,2026-07-22,Video,Informational,Organic,6,31.41,1,1,3,4
2569,power bi tools,25,26,118,58.2,8.91,9,7.63,0.21,7161120,Stable,2026-07-16,People Also Ask,Informational,Organic,1,16.84,1,1,2,3
2570,power bi for beginners,87,75,1644,58.1,3.84,11,0.67,0.46,6737812,Declining,2026-09-12,People Also Ask,Informational,Organic,-12,16.2,1,1,3,3
2571,digital marketing free,62,74,20932,80.2,9.86,352,1.68,0.09,7706875,Rising,2026-03-22,Reviews,Informational,Organic,12,48.45,1,1,1,6
2572,google analytics free,8,1,1372,40.1,5.08,243,17.71,0.41,3471478,Stable,2026-09-16,Image Pack,Navigational,Organic,-7,30.12,4,1,2,5
2573,seo analytics tools,86,88,663,81.6,0.99,4,0.6,0.28,3662675,Rising,2026-05-23,None,Commercial,Organic,2,7.16,2,1,1,7
2574,data visualization advanced,59,67,16690,56,8.67,331,1.98,0.96,7294013,Stable,2026-06-06,Sitelinks,Transactional,Organic,8,47.44,3,1,2,1
2575,seo analytics guide,44,56,4392,42.4,10.61,135,3.07,0.75,4570729,Declining,2026-09-15,Video,Commercial,Organic,12,27.65,2,1,3,4
2576,data science training,62,59,13764,74.4,5.13,212,1.54,0.92,3731562,Rising,2026-05-08,People Also Ask,Transactional,Organic,-3,35.86,3,1,1,3
2577,dashboard certification,69,68,199,77.7,6.95,2,1.01,0.48,3515802,Declining,2026-01-30,Reviews,Commercial,Organic,-1,7.62,2,1,3,6
2578,reporting dashboard,47,37,2574,20.1,7.01,69,2.68,0.47,6944435,Stable,2026-01-08,Image Pack,Transactional,Organic,-10,30.51,3,1,2,5
2579,mysql skills,74,62,113,77.7,5.35,2,1.77,0.74,5286524,Declining,2026-08-01,Video,Informational,Organic,-12,7.86,1,1,3,4
2580,digital marketing interview questions,62,77,4025,89.5,3.41,62,1.54,0.85,7568193,Rising,2026-07-06,Reviews,Informational,Organic,15,11.97,1,1,1,6
2581,content marketing project,33,37,725,76.5,7.53,43,5.93,0.48,2725400,Stable,2026-04-21,Video,Informational,Video,4,11.65,1,4,2,4
2582,customer analytics examples,46,41,16844,63.5,5.79,776,4.61,0.68,1842069,Declining,2026-05-20,Featured Snippet,Informational,Video,-5,46.89,1,4,3,2
2583,keyword research course,73,86,2049,72.4,8.29,23,1.12,0.49,4318183,Stable,2026-03-15,Video,Informational,Organic,13,12.95,1,1,2,4
2584,marketing analytics for beginners,64,50,19597,89.3,10.13,463,2.36,0.66,3525756,Stable,2026-05-01,Video,Navigational,People Also Ask,-14,43.43,4,3,2,4
2585,customer analytics course,82,72,3013,80,3.32,26,0.86,0.61,6625772,Declining,2026-04-11,Reviews,Informational,Organic,-10,12.45,1,1,3,6
2586,data science templates,51,61,200,27.9,6.05,6,3,0.29,2369909,Rising,2026-05-28,Image Pack,Navigational,Organic,10,23.62,4,1,1,5
2587,google analytics dashboard,88,86,7468,78.4,8.3,92,1.23,0.22,481385,Stable,2026-02-07,People Also Ask,Commercial,Organic,-2,21.98,2,1,2,3
2588,power bi free,80,81,422,48.3,0.74,4,0.95,0.76,6046338,Declining,2026-01-10,Featured Snippet,Informational,Featured Snippet,1,16.85,1,2,3,2
2589,seo analytics training,23,34,2203,67.3,9.14,176,7.99,0.57,904238,Stable,2026-06-30,Image Pack,Commercial,Organic,11,18.44,2,1,2,5
2590,data visualization advanced,39,37,727,15.5,1.46,27,3.71,0.61,936569,Stable,2026-07-02,Image Pack,Informational,Image,-2,28.77,1,5,2,5
2591,python pandas course,25,36,875,82.5,11.78,83,9.49,0.41,3571327,Stable,2026-05-10,Featured Snippet,Informational,Video,11,12.04,1,4,2,2
2592,seo analytics dashboard,72,78,963,38.6,10.37,20,2.08,0.88,4333229,Rising,2026-05-05,Video,Transactional,Organic,6,21.44,3,1,1,4
2593,customer analytics skills,7,15,565,88.5,2.32,140,24.78,0.69,818704,Stable,2026-04-15,None,Informational,Organic,8,17.76,1,1,2,7
2594,power bi skills,46,37,498,59.4,1.92,19,3.82,0.34,6237397,Stable,2026-08-27,Featured Snippet,Informational,Organic,-9,15.2,1,1,2,2
2595,mysql free,76,89,970,80.4,6.41,18,1.86,0.12,1537440,Stable,2026-08-12,Video,Informational,Organic,13,8.8,1,1,2,4
2596,digital marketing free,69,66,6067,33.6,5.43,122,2.01,0.21,3141805,Stable,2026-07-15,People Also Ask,Informational,Featured Snippet,-3,33.05,1,2,2,3
2597,excel skills,63,55,233,14,0.42,2,0.86,0.89,3789499,Rising,2026-02-05,Featured Snippet,Commercial,People Also Ask,-8,26.72,2,3,1,2
2598,machine learning training,59,45,497,45,11.09,7,1.41,0.8,2679231,Rising,2026-04-18,People Also Ask,Informational,Organic,-14,18.24,1,1,1,3
2599,sql course,15,23,1586,39.6,5.43,264,16.65,0.81,3921766,Stable,2026-02-03,Reviews,Commercial,Organic,8,30.13,2,1,2,6
2600,business intelligence tools,58,54,2732,74.2,11.99,49,1.79,0.71,5661545,Declining,2026-08-16,Featured Snippet,Commercial,Organic,-4,14.12,2,1,3,2
2601,reporting free,82,88,75,80.9,0.27,1,1.33,0.58,3427105,Rising,2026-03-22,None,Informational,Featured Snippet,6,6.59,1,2,1,7
2602,digital marketing course,1,1,169,40.5,3.39,48,28.4,0.43,1534352,Stable,2026-02-13,People Also Ask,Informational,Organic,0,33.3,1,1,2,3
2603,power bi examples,61,48,256,66.9,0.57,6,2.34,0.37,846663,Rising,2026-05-05,Sitelinks,Transactional,Organic,-13,11.68,3,1,1,1
2604,keyword research templates,81,79,128,22.1,4.99,2,1.56,0.71,2337434,Declining,2026-09-11,Video,Commercial,Organic,-2,24.45,2,1,3,4
2605,keyword research examples,65,76,1444,35.3,4.33,23,1.59,0.34,6946330,Stable,2026-07-18,Image Pack,Transactional,Organic,11,23.13,3,1,2,5
2606,marketing analytics best practices,97,85,22177,37,3.24,100,0.45,0.52,4092191,Stable,2026-06-03,Image Pack,Commercial,Featured Snippet,-12,63.23,2,2,2,5
2607,google analytics tutorial,48,63,3573,16.1,6.09,105,2.94,0.91,527901,Rising,2026-09-09,Reviews,Commercial,People Also Ask,15,33.84,2,3,1,6
2608,keyword research tutorial,34,27,16250,82.2,10.89,674,4.15,0.96,2232499,Rising,2026-07-27,Video,Transactional,Organic,-7,39.86,3,1,1,4
2609,customer analytics tutorial,90,86,74,75.5,2.88,0,0,0.97,7079493,Stable,2026-05-10,Image Pack,Navigational,Organic,-4,7.5,4,1,2,5
2610,seo analytics salary,33,20,2415,63.2,1.57,157,6.5,0.06,7811635,Stable,2026-02-10,Video,Commercial,Organic,-13,19.3,2,1,2,4
2611,customer analytics tools,34,26,1903,47.8,8.13,111,5.83,0.79,3253184,Stable,2026-01-25,People Also Ask,Informational,People Also Ask,-8,22.55,1,3,2,3
2612,sql skills,5,1,3008,16.4,10.01,819,27.23,0.15,5992189,Declining,2026-01-03,Video,Navigational,Organic,-4,45.55,4,1,3,4
2613,data visualization online,37,33,1529,18.2,7.58,79,5.17,0.09,3537382,Rising,2026-02-17,Image Pack,Transactional,Featured Snippet,-4,30.33,3,2,1,5
2614,data visualization for beginners,98,90,1110,19.4,2.62,16,1.44,0.19,3026566,Stable,2026-04-01,Reviews,Informational,Organic,-8,27.15,1,1,2,6
2615,machine learning dashboard,55,70,4014,32.4,8.32,119,2.96,0.15,5558397,Rising,2026-05-18,None,Informational,Organic,15,29.84,1,1,1,7
2616,google analytics advanced,95,100,6961,53.2,1.27,63,0.91,0.76,6421258,Rising,2026-04-21,Video,Informational,Organic,5,28.36,1,1,1,4
2617,customer analytics for beginners,5,1,1565,62.7,9.55,459,29.33,0.21,568670,Stable,2026-05-04,Video,Informational,Video,-4,29.91,1,4,2,4
2618,keyword research templates,46,59,6191,19.9,5.37,144,2.33,0.71,1383052,Stable,2026-06-27,Image Pack,Transactional,Video,13,37.58,3,4,2,5
2619,business intelligence guide,7,1,1305,78.9,6.26,220,16.86,0.11,1355741,Stable,2026-05-22,People Also Ask,Informational,Organic,-6,17.9,1,1,2,3
2620,data analyst guide,79,72,112,54.7,11.19,2,1.79,0.9,6924328,Stable,2026-02-19,None,Transactional,Video,-7,14.77,3,4,2,7
2621,seo analytics certification,97,83,114,45,4.01,0,0,0.95,7705955,Declining,2026-04-29,Sitelinks,Transactional,Organic,-14,16.73,3,1,3,1
2622,power bi training,90,100,1928,67.2,0.22,21,1.09,0.94,4072692,Rising,2026-05-22,Image Pack,Transactional,Organic,10,14.25,3,1,1,5
2623,data science software,80,90,89,47.4,7.41,0,0,0.35,4524715,Rising,2026-05-15,Video,Informational,Organic,10,15.96,1,1,1,4
2624,marketing analytics advanced,4,1,2993,39.5,11.97,918,30.67,0.09,7384831,Stable,2026-03-02,Image Pack,Commercial,Image,-3,40.42,2,5,2,5
2625,data science skills,39,39,1065,50.6,0.2,43,4.04,0.07,1447325,Rising,2026-06-16,None,Informational,Organic,0,19.09,1,1,1,7
2626,keyword research training,24,9,1778,87,4.46,143,8.04,0.1,1670537,Rising,2026-08-28,Sitelinks,Informational,Organic,-15,11.71,1,1,1,1
2627,marketing analytics free,87,96,1064,38.9,2.66,17,1.6,0.16,4338667,Rising,2026-09-20,Sitelinks,Informational,Organic,9,21.3,1,1,1,1
2628,seo analytics certification,17,2,24397,10.3,3.25,4077,16.71,0.74,3114718,Stable,2026-04-19,Featured Snippet,Transactional,Organic,-15,84.31,3,1,2,2
2629,tableau templates,19,29,2186,81.5,7.09,250,11.44,0.84,1783905,Stable,2026-03-19,Reviews,Informational,People Also Ask,10,15.98,1,3,2,6
2630,reporting tutorial,49,35,1483,42.9,0.74,30,2.02,0.81,1160166,Stable,2026-06-02,Image Pack,Informational,Organic,-14,21.15,1,1,2,5
2631,customer analytics tools,73,65,1945,33,2.44,26,1.34,0.38,5608065,Rising,2026-06-06,Reviews,Navigational,Organic,-8,24.68,4,1,1,6
2632,reporting examples,48,63,2172,19.4,0.57,58,2.67,0.15,2489660,Stable,2026-02-25,Image Pack,Commercial,Organic,15,29.92,2,1,2,5
2633,data science best practices,100,92,1106,70.8,1.72,2,0.18,0.83,2077273,Rising,2026-09-23,Image Pack,Commercial,Organic,-8,11.05,2,1,1,5
2634,dashboard guide,1,10,463,58.8,8.62,98,21.17,0.06,6270054,Rising,2026-08-11,Video,Commercial,Organic,9,24.55,2,1,1,4
2635,power bi free,84,73,1459,22.8,3.91,20,1.37,0.95,1779790,Stable,2026-07-02,Featured Snippet,Navigational,Organic,-11,26.79,4,1,2,2
2636,marketing analytics tutorial,72,81,6916,21.8,2.44,126,1.82,0.08,4947905,Declining,2026-03-28,People Also Ask,Commercial,Organic,9,38.18,2,1,3,3
2637,mysql software,13,14,24219,21.1,0.24,4056,16.75,0.8,6669894,Stable,2026-04-07,Video,Commercial,Video,1,80.74,2,4,2,4
2638,data visualization online,84,89,263,53.6,6.97,1,0.38,0.88,3311790,Stable,2026-09-26,Sitelinks,Transactional,Organic,5,14.65,3,1,2,1
2639,dashboard tutorial,40,48,479,53.5,3.34,23,4.8,0.45,6254689,Stable,2026-03-10,Featured Snippet,Commercial,Organic,8,17.46,2,1,2,2
2640,reporting templates,59,63,2117,19.9,6.78,36,1.7,0.73,5018851,Declining,2026-06-27,Reviews,Informational,Video,4,29.14,1,4,3,6
2641,mysql for beginners,74,60,1328,52.7,2.47,18,1.36,0.56,7359914,Stable,2026-03-11,Video,Informational,Organic,-14,17.55,1,1,2,4
2642,sql online,89,74,2384,69.8,5.1,13,0.55,0.62,4708098,Stable,2026-06-05,Featured Snippet,Commercial,Organic,-15,14.09,2,1,2,2
2643,customer analytics course,90,81,3200,83.8,7.78,31,0.97,0.28,1033939,Stable,2026-09-27,Image Pack,Commercial,Organic,-9,11.74,2,1,2,5
2644,sql skills,41,41,6826,17.9,7.65,296,4.34,0.32,1503290,Declining,2026-09-02,Reviews,Informational,Image,0,40.51,1,5,3,6
2645,digital marketing free,77,81,1375,30.2,2.52,13,0.95,0.2,1963047,Declining,2026-06-30,Reviews,Transactional,Organic,4,24.18,3,1,3,6
2646,tableau salary,5,6,1277,83.7,5.4,371,29.05,0.29,305710,Rising,2026-08-15,Video,Informational,Image,1,22.89,1,5,1,4
2647,python pandas certification,77,81,18720,63,10.14,151,0.81,0.9,5379111,Rising,2026-05-15,People Also Ask,Commercial,Organic,4,48.75,2,1,1,3
2648,mysql jobs,79,69,8999,89.5,2.11,148,1.64,0.63,540636,Stable,2026-02-20,People Also Ask,Navigational,Organic,-10,21.91,4,1,2,3
2649,machine learning online,21,20,24244,28.7,5,2126,8.77,0.27,1252677,Rising,2026-09-26,Video,Informational,Organic,-1,74.26,1,1,1,4
2650,digital marketing best practices,84,85,17907,55,10.74,220,1.23,0.39,3108817,Rising,2026-01-27,Image Pack,Navigational,Organic,1,49.76,4,1,1,5
2651,sql project,99,100,493,48.5,7.6,1,0.2,0.1,801763,Declining,2026-07-31,None,Informational,Organic,1,16.54,1,1,3,7
2652,power bi advanced,56,43,1123,12.9,10.9,14,1.25,0.15,3259377,Declining,2026-06-15,People Also Ask,Informational,Organic,-13,29.03,1,1,3,3
2653,machine learning tutorial,7,1,3958,79.5,10.28,941,23.77,0.51,2525302,Stable,2026-03-22,None,Transactional,Video,-6,26.67,3,4,2,7
2654,keyword research jobs,92,81,1748,54,6.18,27,1.54,0.83,640690,Stable,2026-04-12,Featured Snippet,Informational,Image,-11,18.09,1,5,2,2
2655,content marketing guide,73,86,146,45.8,7.6,2,1.37,0.9,6943338,Declining,2026-02-17,Featured Snippet,Commercial,Organic,13,17.28,2,1,3,2
2656,python pandas software,5,20,98,24.1,11.75,29,29.59,0.29,2618869,Stable,2026-06-06,None,Commercial,Organic,15,38.71,2,1,2,7
2657,tableau software,8,20,2071,32.8,10.69,369,17.82,0.13,3407750,Rising,2026-07-11,Reviews,Commercial,Organic,12,33.76,2,1,1,6
2658,customer analytics for beginners,93,93,1427,61.1,6.82,21,1.47,0.74,662808,Stable,2026-06-26,People Also Ask,Informational,Featured Snippet,0,15.29,1,2,2,3
2659,marketing analytics jobs,98,90,126,17.9,11.1,0,0,0.91,2119561,Declining,2026-03-10,Image Pack,Navigational,Organic,-8,24.88,4,1,3,5
2660,digital marketing project,83,92,859,72.1,11.71,9,1.05,0.69,4297340,Declining,2026-09-13,Reviews,Commercial,Organic,9,10.64,2,1,3,6
2661,power bi project,61,76,2371,60.9,9.22,60,2.53,0.5,6339357,Stable,2026-09-19,Featured Snippet,Commercial,Organic,15,17.79,2,1,2,2
2662,dashboard course,53,52,15942,62.7,1.08,309,1.94,0.58,2474224,Rising,2026-09-18,Featured Snippet,Commercial,Organic,-1,43.92,2,1,1,2
2663,google analytics examples,17,5,525,43.9,6.17,68,12.95,0.78,7746588,Declining,2026-04-03,People Also Ask,Commercial,Organic,-12,24.77,2,1,3,3
2664,keyword research software,61,64,8780,38.9,10.21,141,1.61,0.3,7906149,Declining,2026-06-29,Sitelinks,Commercial,Image,3,36.64,2,5,3,1
2665,machine learning project,27,41,892,67.3,5.72,72,8.07,0.44,5288039,Rising,2026-05-03,Image Pack,Informational,Organic,14,15.88,1,1,1,5
2666,machine learning skills,58,60,22471,83.3,10.31,550,2.45,0.25,5589565,Declining,2026-03-21,Image Pack,Informational,Organic,2,50.99,1,1,3,5
2667,sql jobs,51,45,9678,87.8,6.23,201,2.08,0.52,4518281,Stable,2026-08-26,Reviews,Navigational,Organic,-6,24.01,4,1,2,6
2668,power bi software,4,3,113,85.8,8.71,35,30.97,0.41,1895040,Stable,2026-04-02,People Also Ask,Transactional,People Also Ask,-1,20.97,3,3,2,3
2669,business intelligence salary,55,50,2421,86.6,6.05,47,1.94,0.51,3953855,Stable,2026-05-04,Video,Commercial,Organic,-5,9.87,2,1,2,4
2670,data science skills,21,28,10002,57.1,5.33,1008,10.08,0.81,6523932,Rising,2026-05-22,People Also Ask,Informational,Organic,7,38.12,1,1,1,3
2671,dashboard for beginners,87,79,6700,46.2,8.67,74,1.1,0.43,1345097,Stable,2026-02-21,Video,Transactional,Organic,-8,30.05,3,1,2,4
2672,keyword research templates,93,96,1224,84.3,5.47,18,1.47,0.98,7670385,Stable,2026-06-19,Reviews,Informational,Image,3,7.93,1,5,2,6
2673,sql interview questions,74,89,599,63.2,7.77,8,1.34,0.41,695865,Declining,2026-02-18,None,Commercial,Organic,15,12.94,2,1,3,7
2674,power bi salary,15,25,126,72.9,2.22,15,11.9,0.62,4591798,Declining,2026-09-25,Reviews,Navigational,People Also Ask,10,14.71,4,3,3,6
2675,mysql tutorial,99,84,1176,20,4.04,11,0.94,0.87,6327483,Rising,2026-01-02,People Also Ask,Navigational,Video,-15,26.84,4,4,1,3
2676,google analytics templates,27,17,19609,60.7,10.9,1722,8.78,0.92,4083927,Stable,2026-07-17,None,Informational,Organic,-10,55.45,1,1,2,7
2677,marketing analytics templates,61,56,609,69.7,4.31,14,2.3,0.24,4037595,Declining,2026-01-14,Video,Informational,Organic,-5,11.52,1,1,3,4
2678,excel project,84,78,1157,31.4,9.44,7,0.61,0.4,2307294,Declining,2026-07-16,Featured Snippet,Commercial,Organic,-6,23.2,2,1,3,2
2679,customer analytics examples,1,16,10907,67.3,1.87,4014,36.8,0.12,2967031,Declining,2026-04-28,Reviews,Commercial,Organic,15,51.08,2,1,3,6
2680,data analyst interview questions,8,3,9322,53.3,4.32,1508,16.18,0.08,1693631,Stable,2026-08-11,Video,Informational,Organic,-5,41.15,1,1,2,4
2681,content marketing advanced,14,7,1280,39.9,5.27,209,16.33,0.81,5879944,Stable,2026-01-05,Sitelinks,Transactional,Organic,-7,29.27,3,1,2,1
2682,digital marketing training,35,20,140,24.8,7.92,6,4.29,0.34,3087107,Declining,2026-07-22,People Also Ask,Transactional,Video,-15,25.12,3,4,3,3
2683,python pandas advanced,83,83,4145,16.7,0.89,20,0.48,0.63,6379729,Declining,2026-03-19,Featured Snippet,Informational,Organic,0,33.49,1,1,3,2
2684,seo analytics best practices,98,100,391,66.2,7.71,6,1.53,0.84,7616028,Stable,2026-08-25,Featured Snippet,Transactional,Featured Snippet,2,11.73,3,2,2,2
2685,keyword research dashboard,100,100,815,57.7,11.42,7,0.86,0.89,3459315,Stable,2026-02-01,Image Pack,Transactional,Organic,0,14.77,3,1,2,5
2686,content marketing tutorial,62,50,100,19.7,7.33,1,1,0.48,2786952,Rising,2026-03-02,Sitelinks,Commercial,People Also Ask,-12,24.82,2,3,1,1
2687,data science interview questions,78,76,10102,57.6,11.75,80,0.79,0.92,3220490,Rising,2026-08-25,People Also Ask,Commercial,People Also Ask,-2,33.22,2,3,1,3
2688,python pandas salary,78,90,4266,51,9.06,46,1.08,0.49,6826197,Stable,2026-09-16,Featured Snippet,Informational,Organic,12,23.76,1,1,2,2
2689,content marketing templates,52,53,17535,64.9,11.96,370,2.11,0.52,7522737,Rising,2026-01-19,Image Pack,Transactional,Organic,1,46.52,3,1,1,5
2690,keyword research examples,63,74,1669,38.4,1.56,45,2.7,0.8,1885430,Stable,2026-03-19,Reviews,Commercial,Organic,11,23.24,2,1,2,6
2691,keyword research guide,58,67,19175,15.3,0.41,316,1.65,0.94,6068242,Stable,2026-03-02,Reviews,Informational,Organic,9,64.41,1,1,2,6
2692,keyword research tutorial,73,66,13774,63.1,9.43,192,1.39,0.59,5181749,Stable,2026-02-13,None,Informational,Video,-7,39.19,1,4,2,7
2693,reporting tools,47,35,6044,66.7,4.7,140,2.32,0.31,3632763,Rising,2026-08-10,Reviews,Informational,Organic,-12,23.24,1,1,1,6
2694,power bi software,88,98,3727,17.9,9.17,52,1.4,0.51,4604139,Rising,2026-02-07,Image Pack,Navigational,Organic,10,32.78,4,1,1,5
2695,customer analytics templates,7,1,8402,89.5,11.5,1684,20.04,0.92,766395,Declining,2026-05-30,People Also Ask,Transactional,Organic,-6,30.52,3,1,3,3
2696,tableau guide,13,1,3694,64.8,10.06,717,19.41,0.43,6950362,Rising,2026-01-16,People Also Ask,Transactional,Featured Snippet,-12,28.23,3,2,1,3
2697,content marketing for beginners,20,13,8497,59.8,5.86,993,11.69,0.71,5672985,Rising,2026-01-04,Sitelinks,Informational,Organic,-7,35.17,1,1,1,1
2698,content marketing tools,96,100,6526,17.4,4.3,62,0.95,0.78,5552824,Stable,2026-08-28,Video,Informational,Image,4,38.26,1,5,2,4
2699,reporting examples,76,91,1957,84.6,2.34,22,1.12,0.09,278173,Declining,2026-07-26,Featured Snippet,Informational,Video,15,9.11,1,4,3,2
2700,python pandas salary,57,71,3564,47.9,6.47,92,2.58,0.21,4148002,Rising,2026-07-04,Reviews,Informational,Organic,14,24.09,1,1,1,6
2701,digital marketing examples,69,79,381,51.8,0.25,4,1.05,0.37,3362118,Rising,2026-02-21,Reviews,Navigational,People Also Ask,10,15.78,4,3,1,6
2702,excel dashboard,80,82,2081,74.5,3.13,28,1.35,0.39,4133073,Rising,2026-09-11,Featured Snippet,Informational,Organic,2,12.51,1,1,1,2
2703,data visualization skills,20,26,15376,32.3,3.16,1824,11.86,0.58,6421909,Stable,2026-08-10,People Also Ask,Navigational,Organic,6,57.19,4,1,2,3
2704,data analyst free,26,39,769,11,8.57,58,7.54,0.36,4280973,Declining,2026-06-06,None,Commercial,Organic,13,32.24,2,1,3,7
2705,seo analytics tutorial,61,73,12944,51.6,2.41,275,2.12,0.75,4697013,Declining,2026-08-20,Sitelinks,Transactional,People Also Ask,12,41.38,3,3,3,1
2706,data visualization software,65,80,3620,40.4,6.38,54,1.49,0.83,1259886,Rising,2026-04-14,Reviews,Commercial,Image,15,25.87,2,5,1,6
2707,mysql software,3,1,191,78,7.7,37,19.37,0.78,6717249,Stable,2026-05-27,Video,Commercial,Organic,-2,17.29,2,1,2,4
2708,google analytics for beginners,66,73,11940,68.9,1.26,325,2.72,0.6,3885806,Stable,2026-06-20,Featured Snippet,Commercial,Organic,7,34.52,2,1,2,2
2709,dashboard for beginners,95,82,596,62.4,9.36,10,1.68,0.42,6655592,Stable,2026-07-06,None,Informational,Organic,-13,13.36,1,1,2,7
2710,google analytics examples,37,32,162,36.2,4.72,6,3.7,0.56,7038821,Rising,2026-05-24,None,Informational,Organic,-5,21.43,1,1,1,7
2711,digital marketing salary,76,79,14563,19.8,6.31,175,1.2,0.88,3133440,Declining,2026-08-10,Image Pack,Commercial,Organic,3,53.65,2,1,3,5
2712,reporting templates,34,29,145,40.7,10.22,8,5.52,0.63,750705,Rising,2026-09-22,Reviews,Informational,Organic,-5,21.02,1,1,1,6
2713,data visualization free,65,61,18841,73.9,9.05,269,1.43,0.65,3010294,Stable,2026-08-01,Featured Snippet,Informational,Organic,-4,46.05,1,1,2,2
2714,dashboard guide,79,73,159,35.5,6.66,2,1.26,0.8,213035,Declining,2026-09-21,None,Transactional,Video,-6,20.34,3,4,3,7
2715,data analyst online,9,1,102,32.6,8.99,16,15.69,0.43,2106996,Declining,2026-09-19,Sitelinks,Commercial,Organic,-8,28.77,2,1,3,1
2716,customer analytics online,37,30,846,76.6,1.79,30,3.55,0.46,6364208,Stable,2026-09-11,None,Informational,People Also Ask,-7,10.59,1,3,2,7
2717,machine learning tools,92,95,235,50.3,9.65,1,0.43,0.71,563925,Stable,2026-08-29,Image Pack,Navigational,Organic,3,15.61,4,1,2,5
2718,google analytics online,92,100,823,54.4,6.76,9,1.09,0.54,6025614,Rising,2026-03-27,Image Pack,Informational,Image,8,15.9,1,5,1,5
2719,machine learning certification,16,6,1899,65.3,3.85,183,9.64,0.69,1033727,Rising,2026-09-28,Sitelinks,Commercial,Featured Snippet,-10,19.32,2,2,1,1
2720,seo analytics jobs,91,83,522,35.2,6.62,1,0.19,0.35,6532896,Rising,2026-04-22,Sitelinks,Transactional,Organic,-8,20.58,3,1,1,1
2721,content marketing salary,59,49,1525,81.1,1.41,26,1.7,0.93,345101,Declining,2026-02-05,Video,Commercial,People Also Ask,-10,9.61,2,3,3,4
2722,keyword research tools,29,26,9827,25.6,7.9,690,7.02,0.95,1577690,Declining,2026-02-16,None,Commercial,Organic,-3,45.59,2,1,3,7
2723,digital marketing guide,79,76,261,28.9,4.96,4,1.53,0.89,1422411,Stable,2026-05-25,People Also Ask,Informational,Organic,-3,22.66,1,1,2,3
2724,customer analytics course,56,64,946,81,4.34,14,1.48,0.08,7646802,Stable,2026-08-04,Featured Snippet,Informational,Organic,8,8.37,1,1,2,2
2725,seo analytics advanced,35,32,207,12.8,10.75,13,6.28,0.94,983859,Rising,2026-03-06,Sitelinks,Commercial,Organic,-3,29.91,2,1,1,1
2726,power bi advanced,20,14,103,17.5,10.14,11,10.68,0.44,2831984,Rising,2026-01-26,Featured Snippet,Transactional,Organic,-6,30.64,3,1,1,2
2727,marketing analytics software,62,55,683,18.1,3.98,13,1.9,0.08,4510440,Rising,2026-03-14,Reviews,Informational,Organic,-7,26.94,1,1,1,6
2728,sql project,56,57,923,31.4,4.48,28,3.03,0.26,2194260,Stable,2026-07-09,None,Transactional,Organic,1,24.03,3,1,2,7
2729,seo analytics guide,96,90,9755,17.8,1.45,112,1.15,0.18,1519622,Rising,2026-06-28,Sitelinks,Commercial,Organic,-6,44.67,2,1,1,1
2730,reporting course,52,60,129,19,5.94,2,1.55,0.37,7369294,Stable,2026-03-24,Video,Transactional,Organic,8,25.38,3,1,2,4
2731,content marketing course,36,33,263,61.8,8.01,16,6.08,0.64,2413438,Rising,2026-08-09,People Also Ask,Commercial,People Also Ask,-3,15.22,2,3,1,3
2732,customer analytics free,22,7,660,30.6,11.64,64,9.7,0.89,6661557,Stable,2026-06-23,Featured Snippet,Informational,Organic,-15,27.29,1,1,2,2
2733,seo analytics tools,33,27,602,66.9,9.01,38,6.31,0.93,7513764,Stable,2026-02-02,None,Informational,Organic,-6,14.49,1,1,2,7
2734,content marketing course,72,87,73,60.3,10.79,1,1.37,0.38,3869673,Declining,2026-08-06,People Also Ask,Informational,Organic,15,12.78,1,1,3,3
2735,python pandas advanced,33,24,2280,13,9.44,119,5.22,0.2,2722532,Stable,2026-03-01,People Also Ask,Transactional,Organic,-9,33.41,3,1,2,3
2736,mysql tutorial,20,31,794,45.2,1.53,79,9.95,0.21,3031442,Stable,2026-04-14,Reviews,Commercial,Organic,11,23.31,2,1,2,6
2737,sql interview questions,54,44,541,82.6,4.29,15,2.77,0.3,446325,Stable,2026-08-18,Image Pack,Informational,Featured Snippet,-10,7.77,1,2,2,5
2738,digital marketing for beginners,22,24,202,59.1,2.69,23,11.39,0.63,7249681,Rising,2026-03-25,None,Commercial,Organic,2,18.73,2,1,1,7
2739,content marketing best practices,14,3,124,85.4,3.56,17,13.71,0.94,3940173,Rising,2026-07-02,Video,Informational,Video,-11,11.92,1,4,1,4
2740,customer analytics examples,46,32,21174,61.9,11.99,674,3.18,0.98,7726603,Stable,2026-03-21,People Also Ask,Commercial,Organic,-14,55.22,2,1,2,3
2741,dashboard advanced,22,23,1567,21.5,4.26,179,11.42,0.29,4323958,Declining,2026-06-15,Reviews,Informational,Organic,1,32.74,1,1,3,6
2742,data visualization for beginners,98,96,1924,19.4,9.2,10,0.52,0.79,4326953,Stable,2026-04-06,Image Pack,Transactional,People Also Ask,-2,28.28,3,3,2,5
2743,power bi skills,25,10,2084,81.2,8.86,207,9.93,0.26,7229805,Rising,2026-02-23,Reviews,Commercial,Organic,-15,15.07,2,1,1,6
2744,google analytics advanced,19,26,23574,56.5,7.83,2503,10.62,0.84,7072975,Stable,2026-01-18,Image Pack,Informational,Organic,7,65.57,1,1,2,5
2745,seo analytics software,91,84,129,57.3,11.86,0,0,0.53,6428155,Stable,2026-06-06,Featured Snippet,Informational,Organic,-7,13.07,1,1,2,2
2746,keyword research software,53,53,2251,58,5.65,42,1.87,0.74,1967329,Stable,2026-04-22,Featured Snippet,Navigational,Video,0,18.07,4,4,2,2
2747,data science tutorial,25,31,13572,55.7,11.86,1061,7.82,0.35,6484895,Rising,2026-05-16,Sitelinks,Commercial,Organic,6,44.43,2,1,1,1
2748,data analyst interview questions,51,52,15589,22,7.01,381,2.44,0.7,869626,Stable,2026-08-09,Sitelinks,Navigational,People Also Ask,1,55.69,4,3,2,1
2749,sql advanced,14,14,81,31.4,10.42,10,12.35,0.29,5360356,Stable,2026-01-24,Sitelinks,Informational,Organic,0,27.31,1,1,2,1
2750,digital marketing dashboard,37,24,752,63.9,8.65,43,5.72,0.18,1169814,Rising,2026-05-27,Video,Informational,Video,-13,15.37,1,4,1,4
2751,data analyst interview questions,27,20,3231,80.9,9.05,229,7.09,0.31,7720533,Declining,2026-08-02,None,Informational,Video,-7,15.93,1,4,3,7
2752,business intelligence tools,84,72,2116,36.1,2.28,19,0.9,0.73,307594,Declining,2026-09-25,Image Pack,Informational,Organic,-12,23.86,1,1,3,5
2753,power bi certification,39,41,11473,50.6,11.95,412,3.59,0.46,4248841,Declining,2026-05-16,Sitelinks,Commercial,Organic,2,39.54,2,1,3,1
2754,python pandas project,37,52,2529,24.8,6.42,83,3.28,0.24,5601356,Rising,2026-08-23,Featured Snippet,Transactional,Organic,15,29.33,3,1,1,2
2755,business intelligence tools,34,37,946,51.3,2.44,64,6.77,0.6,1771096,Stable,2026-01-04,People Also Ask,Informational,Organic,3,20.09,1,1,2,3
2756,data analyst online,95,87,1097,62.4,4.94,8,0.73,0.22,3922762,Stable,2026-07-28,Image Pack,Transactional,Organic,-8,13.85,3,1,2,5
2757,machine learning free,84,73,14633,49,8.41,171,1.17,0.39,7204969,Stable,2026-04-05,People Also Ask,Commercial,Organic,-11,45.02,2,1,2,3
2758,power bi jobs,12,3,2081,42.6,7.89,301,14.46,0.91,3893774,Stable,2026-07-26,Sitelinks,Informational,Organic,-9,29.05,1,1,2,1
2759,reporting course,61,51,2678,64.9,6.46,32,1.19,0.08,4783749,Stable,2026-02-08,Featured Snippet,Commercial,Organic,-10,16.49,2,1,2,2
2760,mysql templates,82,74,9229,36.3,7.68,81,0.88,0.1,4538028,Rising,2026-04-05,None,Commercial,Image,-8,37.93,2,5,1,7
2761,excel examples,55,58,1312,35.3,9.96,28,2.13,0.19,7582091,Stable,2026-01-22,Video,Informational,Organic,3,23.15,1,1,2,4
2762,marketing analytics best practices,13,25,9118,44.5,10.69,1690,18.53,0.2,7948510,Declining,2026-07-19,Video,Commercial,Organic,12,44.64,2,1,3,4
2763,dashboard examples,50,50,139,32.2,11.81,4,2.88,0.99,2191521,Stable,2026-03-23,Sitelinks,Navigational,Organic,0,22.15,4,1,2,1
2764,tableau salary,37,39,2745,36.4,2.39,143,5.21,0.97,3520682,Rising,2026-04-24,None,Transactional,Featured Snippet,2,27.31,3,2,1,7
2765,mysql best practices,4,11,2763,25.1,10.54,756,27.36,0.71,3379584,Stable,2026-01-26,Video,Informational,Organic,7,42.52,1,1,2,4
2766,sql best practices,76,78,1151,86.6,5.1,17,1.48,0.28,5982431,Declining,2026-08-02,None,Informational,People Also Ask,2,7.1,1,3,3,7
2767,digital marketing software,29,24,3051,67.2,10.69,165,5.41,0.62,7723401,Stable,2026-07-31,Sitelinks,Commercial,Organic,-5,18.79,2,1,2,1
2768,marketing analytics dashboard,57,51,1078,55.2,2.16,31,2.88,0.4,2399973,Rising,2026-06-16,Sitelinks,Informational,People Also Ask,-6,17.12,1,3,1,1
2769,google analytics free,82,68,392,48.4,6.3,5,1.28,0.6,4463146,Rising,2026-07-23,None,Informational,Organic,-14,16.94,1,1,1,7
2770,machine learning interview questions,93,91,987,57.1,0.23,13,1.32,0.82,7663930,Rising,2026-09-09,People Also Ask,Informational,Organic,-2,15.53,1,1,1,3
2771,reporting for beginners,2,3,17329,35.5,1.62,5608,32.36,0.15,6639084,Stable,2026-01-02,None,Commercial,Featured Snippet,1,71.02,2,2,2,7
2772,marketing analytics dashboard,80,90,939,28.8,7.55,6,0.64,0.8,4786812,Rising,2026-01-22,Sitelinks,Transactional,Organic,10,23.57,3,1,1,1
2773,mysql software,47,42,2732,40.2,7.69,107,3.92,0.69,5397187,Stable,2026-01-02,None,Informational,Organic,-5,25.46,1,1,2,7
2774,keyword research skills,62,53,6009,71,10.09,82,1.36,0.06,423717,Stable,2026-07-14,None,Informational,People Also Ask,-9,21.37,1,3,2,7
2775,sql skills,25,12,2894,11.7,8.38,263,9.09,0.4,3811576,Stable,2026-09-19,Sitelinks,Informational,Organic,-13,37.08,1,1,2,1
2776,google analytics templates,58,53,2798,73.4,3.3,61,2.18,0.23,6243611,Rising,2026-01-11,People Also Ask,Informational,People Also Ask,-5,14.7,1,3,1,3
2777,customer analytics jobs,81,75,9544,86.2,7.14,69,0.72,0.71,6868558,Stable,2026-03-01,Image Pack,Commercial,Organic,-6,23.5,2,1,2,5
2778,customer analytics tutorial,37,25,1147,25.4,11.78,61,5.32,0.29,1021324,Declining,2026-07-19,Sitelinks,Navigational,People Also Ask,-12,27.49,4,3,3,1
2779,mysql templates,8,20,405,69.4,7.37,88,21.73,0.7,2495588,Declining,2026-02-05,Reviews,Informational,Featured Snippet,12,21.55,1,2,3,6
2780,digital marketing skills,43,54,3373,57.7,11.05,110,3.26,0.41,6845172,Stable,2026-09-06,Featured Snippet,Navigational,Organic,11,21.13,4,1,2,2
2781,business intelligence best practices,45,44,6913,45.4,1.07,191,2.76,0.79,2421582,Rising,2026-09-06,Video,Commercial,Organic,-1,31.59,2,1,1,4
2782,data science templates,47,57,9275,61.5,8.97,244,2.63,0.87,3187637,Rising,2026-02-10,Image Pack,Commercial,Organic,10,31.39,2,1,1,5
2783,mysql advanced,16,26,360,58.4,4.15,60,16.67,0.56,5071720,Stable,2026-06-02,Featured Snippet,Commercial,Featured Snippet,10,22.07,2,2,2,2
2784,python pandas guide,76,75,2199,86.5,2.98,24,1.09,0.77,4263069,Declining,2026-07-20,Image Pack,Transactional,Organic,-1,9,3,1,3,5
2785,data science online,55,47,10712,89,3.7,209,1.95,0.6,6017905,Declining,2026-05-27,Image Pack,Informational,Organic,-8,25.63,1,1,3,5
2786,seo analytics examples,60,53,510,46.2,4.48,9,1.76,0.5,3413325,Rising,2026-06-21,People Also Ask,Commercial,Organic,-7,18.09,2,1,1,3
2787,customer analytics free,36,49,101,88.4,10.49,3,2.97,0.29,6423205,Rising,2026-03-28,Image Pack,Navigational,Organic,13,5.26,4,1,1,5
2788,keyword research best practices,67,82,9012,19.2,10.87,155,1.72,0.55,3946408,Rising,2026-08-29,People Also Ask,Informational,Organic,15,43.07,1,1,1,3
2789,reporting dashboard,77,82,694,41.5,11.39,13,1.87,0.99,3929520,Stable,2026-07-21,None,Informational,Featured Snippet,5,19.92,1,2,2,7
2790,data science free,9,10,1653,42.5,5.39,329,19.9,0.12,7235885,Stable,2026-07-20,Featured Snippet,Transactional,Organic,1,31.13,3,1,2,2
2791,data analyst dashboard,19,27,1581,64.8,7.46,132,8.35,0.29,3292754,Declining,2026-05-22,Image Pack,Commercial,Organic,8,18.15,2,1,3,5
2792,keyword research training,51,45,1374,74.2,9.84,46,3.35,0.32,1229257,Stable,2026-07-14,Featured Snippet,Informational,Organic,-6,12.25,1,1,2,2
2793,power bi tools,90,80,5655,81.7,11.03,24,0.42,0.07,5458058,Rising,2026-01-10,People Also Ask,Informational,Organic,-10,16.96,1,1,1,3
2794,data analyst project,82,78,2134,59.5,7.26,9,0.42,0.21,1904131,Rising,2026-06-11,Featured Snippet,Transactional,Organic,-4,16.62,3,1,1,2
2795,digital marketing certification,41,46,2786,65.2,8.4,94,3.37,0.44,6795726,Stable,2026-03-31,Video,Commercial,Video,5,17.77,2,4,2,4
2796,dashboard dashboard,31,23,1024,44.9,10.13,50,4.88,0.14,2288457,Stable,2026-08-18,Video,Navigational,Organic,-8,21.16,4,1,2,4
2797,data visualization advanced,92,100,1105,43.2,0.97,7,0.63,0.11,5274708,Declining,2026-09-07,Featured Snippet,Commercial,Organic,8,19.57,2,1,3,2
2798,content marketing salary,28,21,16792,39.6,10.74,1149,6.84,0.11,6582014,Declining,2026-04-23,None,Transactional,Organic,-7,55.15,3,1,3,7
2799,tableau interview questions,87,77,1764,64,1.1,23,1.3,0.53,1548504,Declining,2026-02-28,People Also Ask,Commercial,People Also Ask,-10,15,2,3,3,3
2800,business intelligence skills,82,75,469,67.2,9.86,3,0.64,0.68,3498122,Stable,2026-01-02,Video,Commercial,Organic,-7,11.11,2,1,2,4
2801,machine learning online,37,44,3769,77.7,3.09,219,5.81,0.49,2331030,Rising,2026-06-12,Sitelinks,Informational,People Also Ask,7,17.28,1,3,1,1
2802,python pandas examples,7,16,1755,35.2,3.38,291,16.58,0.11,5011212,Stable,2026-08-09,Sitelinks,Informational,Video,9,31.75,1,4,2,1
2803,content marketing advanced,59,50,12092,36.3,9.53,177,1.46,0.31,2613131,Declining,2026-05-09,People Also Ask,Transactional,Featured Snippet,-9,43.93,3,2,3,3
2804,customer analytics course,89,84,1170,14.9,11.88,17,1.45,0.25,4684929,Declining,2026-01-25,Video,Commercial,Organic,-5,28.63,2,1,3,4
2805,keyword research dashboard,75,60,86,31.7,8.83,1,1.16,0.75,1440656,Stable,2026-01-13,People Also Ask,Commercial,Featured Snippet,-15,21.28,2,2,2,3
2806,content marketing software,93,90,660,34.1,6.07,4,0.61,0.92,4461649,Rising,2026-04-28,Image Pack,Informational,Organic,-3,21.41,1,1,1,5
2807,seo analytics dashboard,10,1,9419,16.4,6.57,1977,20.99,0.56,4339887,Rising,2026-09-29,None,Informational,People Also Ask,-9,54.98,1,3,1,7
2808,keyword research free,24,32,4347,45.7,2.54,301,6.92,0.62,3570885,Stable,2026-09-25,People Also Ask,Informational,Featured Snippet,8,28.62,1,2,2,3
2809,data analyst interview questions,97,91,1962,22.6,3.97,25,1.27,0.05,1831751,Rising,2026-02-20,Image Pack,Transactional,Organic,-6,27.8,3,1,1,5
2810,content marketing online,58,69,1106,56.4,10.47,18,1.63,0.37,7855786,Declining,2026-01-24,People Also Ask,Informational,Video,11,16.15,1,4,3,3
2811,power bi interview questions,37,28,5716,41.9,3.26,270,4.72,0.52,4988244,Rising,2026-06-02,Reviews,Transactional,People Also Ask,-9,31.31,3,3,1,6
2812,digital marketing course,88,88,915,55.9,1.15,10,1.09,0.68,1142182,Rising,2026-04-11,None,Informational,Video,0,15.63,1,4,1,7
2813,reporting tools,95,92,10110,30.2,1.68,108,1.07,0.78,3259990,Stable,2026-05-21,Video,Informational,Organic,-3,41.61,1,1,2,4
2814,dashboard training,45,35,2817,39.3,11.87,102,3.62,0.15,5540600,Declining,2026-04-09,Sitelinks,Commercial,Organic,-10,25.74,2,1,3,1
2815,google analytics tools,82,94,4274,17.2,2.07,37,0.87,0.84,4039876,Rising,2026-07-16,Video,Transactional,Organic,12,33.8,3,1,1,4
2816,power bi for beginners,49,34,803,78.6,2.97,17,2.12,0.17,7931842,Stable,2026-05-10,People Also Ask,Commercial,Organic,-15,9.14,2,1,2,3
2817,power bi guide,8,6,4114,29,10.91,1018,24.74,0.2,2193966,Stable,2026-01-21,Sitelinks,Commercial,People Also Ask,-2,42.65,2,3,2,1
2818,data analyst online,85,78,3403,85.5,6.49,13,0.38,0.14,675435,Stable,2026-07-20,People Also Ask,Commercial,People Also Ask,-7,11.32,2,3,2,3
2819,tableau skills,70,75,1527,39.2,7.19,33,2.16,0.26,5101769,Declining,2026-06-13,Reviews,Commercial,Featured Snippet,5,22.43,2,2,3,6
2820,digital marketing free,78,65,127,70.9,8.65,1,0.79,0.75,7544261,Stable,2026-07-25,People Also Ask,Informational,Featured Snippet,-13,9.4,1,2,2,3
2821,customer analytics course,37,32,668,80.2,0.49,33,4.94,0.07,3811467,Rising,2026-01-13,Featured Snippet,Informational,Featured Snippet,-5,9.9,1,2,1,2
2822,content marketing skills,34,33,1262,66.7,7.47,85,6.74,0.13,3510219,Stable,2026-06-24,Sitelinks,Informational,People Also Ask,-1,16.09,1,3,2,1
2823,python pandas dashboard,7,1,1582,17.2,9.66,312,19.72,0.26,2135932,Rising,2026-01-28,None,Navigational,Video,-6,38.48,4,4,1,7
2824,customer analytics course,69,82,19095,44.3,8.4,217,1.14,0.52,2560163,Stable,2026-04-29,Sitelinks,Informational,Organic,13,55.28,1,1,2,1
2825,mysql free,17,4,158,18.6,4.98,20,12.66,0.9,7723522,Declining,2026-08-21,Video,Navigational,Image,-13,31.47,4,5,3,4
2826,content marketing salary,11,6,676,48.7,9.97,89,13.17,0.47,251247,Stable,2026-07-30,Image Pack,Commercial,Organic,-5,23.74,2,1,2,5
2827,seo analytics certification,38,38,755,58.6,3.87,31,4.11,0.65,2476197,Rising,2026-03-30,People Also Ask,Commercial,Video,0,16.11,2,4,1,3
2828,customer analytics advanced,73,78,18790,48.6,9.09,298,1.59,0.13,5086609,Stable,2026-04-25,Reviews,Informational,Organic,5,53.62,1,1,2,6
2829,machine learning free,95,100,76,64.1,0.4,0,0,0.96,5495305,Stable,2026-02-09,People Also Ask,Commercial,Featured Snippet,5,10.92,2,2,2,3
2830,reporting templates,49,57,13701,27.8,2.84,407,2.97,0.51,2826953,Stable,2026-02-08,Reviews,Informational,Organic,8,50.48,1,1,2,6
2831,reporting software,88,94,15611,28.4,9.38,159,1.02,0.17,6102746,Stable,2026-01-09,Video,Informational,Featured Snippet,6,53.06,1,2,2,4
2832,marketing analytics tools,42,50,21787,41.8,8.01,745,3.42,0.96,4690365,Rising,2026-02-12,Reviews,Commercial,Organic,8,62.6,2,1,1,6
2833,business intelligence examples,73,64,1749,44.8,0.92,33,1.89,0.47,5106167,Stable,2026-05-08,People Also Ask,Commercial,Organic,-9,21.04,2,1,2,3
2834,digital marketing certification,91,89,2914,17.5,6.53,31,1.06,0.63,2431186,Rising,2026-04-13,Featured Snippet,Informational,Organic,-2,31.11,1,1,1,2
2835,seo analytics online,62,47,9627,61.1,7.09,145,1.51,0.21,5734544,Rising,2026-06-09,People Also Ask,Informational,Featured Snippet,-15,31.61,1,2,1,3
2836,google analytics salary,57,57,685,78.9,2.41,11,1.61,0.77,6762779,Declining,2026-07-21,Video,Informational,Organic,0,8.55,1,1,3,4
2837,excel templates,57,69,15779,83.6,5.72,247,1.57,0.77,2566138,Declining,2026-07-25,Image Pack,Transactional,Video,12,37.13,3,4,3,5
2838,excel best practices,76,66,206,15.8,1.43,2,0.97,0.64,2517161,Rising,2026-08-21,Sitelinks,Transactional,People Also Ask,-10,26.19,3,3,1,1
2839,data analyst course,46,56,2645,36.6,6.41,66,2.5,0.34,3785102,Rising,2026-04-26,Image Pack,Commercial,Organic,10,25.61,2,1,1,5
2840,mysql best practices,6,6,6205,25.7,7.36,1515,24.42,0.87,1194873,Rising,2026-03-06,People Also Ask,Transactional,People Also Ask,0,47.62,3,3,1,3
2841,customer analytics for beginners,16,13,116,80.4,9.72,15,12.93,0.71,2952201,Stable,2026-05-15,Sitelinks,Informational,Featured Snippet,-3,12.99,1,2,2,1
2842,excel tutorial,84,72,1171,47,2.82,15,1.28,0.12,1521473,Stable,2026-05-01,None,Informational,Organic,-12,18.91,1,1,2,7
2843,customer analytics course,87,75,510,15.9,10.66,8,1.57,0.91,3204373,Stable,2026-06-23,Featured Snippet,Transactional,Organic,-12,27.08,3,1,2,2
2844,dashboard certification,88,87,889,55.6,11.34,3,0.34,0.67,424607,Declining,2026-03-23,Featured Snippet,Commercial,Organic,-1,15.27,2,1,3,2
2845,google analytics examples,13,17,9877,36.1,9.04,1653,16.74,0.28,3482098,Stable,2026-08-01,Reviews,Informational,Organic,4,47.72,1,1,2,6
2846,python pandas online,2,16,433,80.3,3.98,113,26.1,0.98,4524503,Stable,2026-01-14,Reviews,Transactional,People Also Ask,14,20.66,3,3,2,6
2847,customer analytics online,2,1,15717,10,11.15,3550,22.59,0.96,6949080,Stable,2026-03-24,None,Transactional,People Also Ask,-1,70.27,3,3,2,7
2848,python pandas tutorial,97,88,101,14.9,10.33,0,0,0.59,1526431,Rising,2026-08-28,Video,Navigational,Organic,-9,25.73,4,1,1,4
2849,excel software,35,22,1943,65.7,11.71,84,4.32,0.05,6273065,Declining,2026-08-21,Reviews,Informational,Organic,-13,16.45,1,1,3,6
2850,reporting project,20,26,4931,36.6,9.27,546,11.07,0.71,3245453,Stable,2026-09-07,Reviews,Commercial,Organic,6,34.72,2,1,2,6
2851,content marketing templates,12,1,6388,71.9,2.91,955,14.95,0.54,2917815,Declining,2026-03-18,Image Pack,Commercial,Organic,-11,29.09,2,1,3,5
2852,business intelligence online,78,66,1514,58,4.33,26,1.72,0.39,344696,Stable,2026-07-29,Sitelinks,Informational,Organic,-12,16.53,1,1,2,1
2853,power bi templates,39,26,2055,36.2,7.97,76,3.7,0.61,7348232,Stable,2026-02-19,People Also Ask,Informational,Organic,-13,25.19,1,1,2,3
2854,customer analytics tools,10,12,10967,47.9,2.11,2292,20.9,0.33,5961676,Rising,2026-05-12,Sitelinks,Transactional,Organic,2,48.56,3,1,1,1
2855,data visualization best practices,24,26,6895,37.7,6.57,697,10.11,0.67,7900864,Declining,2026-01-12,People Also Ask,Commercial,Organic,2,37.78,2,1,3,3
2856,dashboard free,37,49,1100,62.6,11.93,56,5.09,0.67,5011879,Stable,2026-07-11,None,Commercial,Organic,12,16.12,2,1,2,7
2857,customer analytics examples,55,66,9681,10.1,4.21,183,1.89,0.78,3165405,Rising,2026-04-06,People Also Ask,Commercial,Image,11,47.22,2,5,1,3
2858,seo analytics free,87,73,79,82.9,1.57,0,0,0.66,7252350,Rising,2026-05-18,None,Commercial,Organic,-14,5.29,2,1,1,7
2859,content marketing free,89,89,643,52.6,5.92,5,0.78,0.89,624010,Stable,2026-04-19,People Also Ask,Commercial,Organic,0,15.91,2,1,2,3
2860,reporting course,80,68,8877,67.3,9.99,80,0.9,0.34,6208507,Rising,2026-01-08,None,Informational,Featured Snippet,-12,27.94,1,2,1,7
2861,power bi salary,21,12,92,79.4,5.83,8,8.7,0.98,6643821,Declining,2026-04-06,Image Pack,Transactional,Organic,-9,10.99,3,1,3,5
2862,mysql software,94,90,1195,50.7,6.78,21,1.76,0.39,5852799,Stable,2026-07-16,People Also Ask,Navigational,Organic,-4,18.1,4,1,2,3
2863,marketing analytics jobs,85,82,1312,50.8,1.52,5,0.38,0.37,2237310,Stable,2026-06-24,None,Informational,Organic,-3,17.57,1,1,2,7
2864,reporting online,45,34,7086,60.1,6.2,158,2.23,0.82,5577584,Rising,2026-01-19,People Also Ask,Commercial,Organic,-11,27.24,2,1,1,3
2865,business intelligence free,6,4,10693,61.9,10.26,2545,23.8,0.66,1743023,Stable,2026-07-06,Reviews,Commercial,Organic,-2,45.36,2,1,2,6
2866,digital marketing jobs,23,26,6787,63.2,3.1,539,7.94,0.12,5408319,Stable,2026-08-25,Reviews,Informational,Organic,3,28.76,1,1,2,6
2867,excel guide,57,64,2718,75.4,4.67,68,2.5,0.96,6955333,Stable,2026-03-21,Video,Informational,Organic,7,14.11,1,1,2,4
2868,tableau advanced,99,92,2631,58.4,11.64,17,0.65,0.71,4230879,Stable,2026-09-16,Video,Informational,Organic,-7,18.06,1,1,2,4
2869,sql online,86,86,2904,87.4,3.93,36,1.24,0.23,6357438,Stable,2026-06-12,Featured Snippet,Transactional,Video,0,10.21,3,4,2,2
2870,mysql advanced,95,81,15020,78.8,2.49,80,0.53,0.07,2684730,Declining,2026-06-03,Sitelinks,Informational,Organic,-14,36.5,1,1,3,1
2871,customer analytics project,44,48,1614,87.5,5.41,53,3.28,0.87,933760,Rising,2026-09-22,Sitelinks,Informational,Organic,4,8.7,1,1,1,1
2872,machine learning interview questions,27,15,5932,29.3,7.06,360,6.07,0.27,5999840,Rising,2026-03-30,Featured Snippet,Informational,Organic,-12,36.23,1,1,1,2
2873,marketing analytics tutorial,96,86,943,76.9,1.12,4,0.42,0.22,5655729,Rising,2026-04-17,People Also Ask,Informational,Featured Snippet,-10,9.03,1,2,1,3
2874,reporting salary,66,77,1681,49.7,0.85,20,1.19,0.65,7663220,Rising,2026-02-08,Sitelinks,Navigational,Organic,11,19.07,4,1,1,1
2875,data science guide,30,41,891,26.6,8.22,58,6.51,0.96,6029020,Declining,2026-04-17,Featured Snippet,Transactional,Organic,11,27.26,3,1,3,2
2876,sql guide,82,72,10106,63.1,6.04,134,1.33,0.14,5824529,Declining,2026-05-18,Reviews,Commercial,Featured Snippet,-10,31.87,2,2,3,6
2877,content marketing certification,61,50,10063,40.5,6.19,146,1.45,0.8,2633523,Stable,2026-07-18,Sitelinks,Commercial,Featured Snippet,-11,38.63,2,2,2,1
2878,machine learning skills,37,42,2422,23.5,0.62,123,5.08,0.39,6543504,Rising,2026-07-27,Sitelinks,Navigational,Image,5,30.47,4,5,1,1
2879,reporting course,1,1,1738,83,1.8,549,31.59,0.23,601728,Stable,2026-07-11,Video,Commercial,Video,0,25.37,2,4,2,4
2880,machine learning training,43,39,1471,50.7,7.16,52,3.54,0.57,7087087,Stable,2026-08-13,People Also Ask,Commercial,Organic,-4,19.6,2,1,2,3
2881,customer analytics tutorial,6,18,1802,49.1,11.52,493,27.36,0.9,225723,Stable,2026-03-06,Video,Commercial,Organic,12,33.41,2,1,2,4
2882,seo analytics course,39,32,3957,39.6,1.41,135,3.41,0.44,6742437,Stable,2026-06-15,Image Pack,Commercial,Organic,-7,27.8,2,1,2,5
2883,power bi guide,42,44,2614,49.7,9.51,83,3.18,0.24,2457891,Rising,2026-05-03,Sitelinks,Informational,Organic,2,21.98,1,1,1,1
2884,sql advanced,14,26,127,78.2,5.74,21,16.54,0.28,6118641,Stable,2026-02-10,None,Commercial,People Also Ask,12,15.6,2,3,2,7
2885,seo analytics salary,7,18,541,18.7,9.83,117,21.63,0.69,7346205,Stable,2026-05-19,Sitelinks,Transactional,Organic,11,36.98,3,1,2,1
2886,seo analytics skills,39,28,441,57.6,2.22,14,3.17,0.7,6237181,Rising,2026-01-14,Sitelinks,Informational,Organic,-11,15.28,1,1,1,1
2887,reporting jobs,70,76,9753,63,4.13,182,1.87,0.58,5770341,Rising,2026-04-28,None,Informational,Organic,6,31.49,1,1,1,7
2888,google analytics certification,82,97,4194,24.7,3.51,58,1.38,0.43,4007900,Stable,2026-01-29,None,Commercial,Image,15,31.66,2,5,2,7
2889,reporting interview questions,59,62,1276,15.5,3.45,18,1.41,0.49,4859835,Stable,2026-05-02,Video,Informational,Organic,3,28.64,1,1,2,4
2890,business intelligence certification,93,88,2057,67.9,5.17,23,1.12,0.78,3548708,Stable,2026-05-30,People Also Ask,Transactional,Organic,-5,14.32,3,1,2,3
2891,dashboard free,91,90,2510,68.1,2.35,23,0.92,0.2,2379033,Rising,2026-03-23,Featured Snippet,Informational,Organic,-1,15.05,1,1,1,2
2892,marketing analytics training,26,27,22508,25.7,11.28,1982,8.81,0.25,4890822,Rising,2026-03-16,Video,Commercial,Featured Snippet,1,71.73,2,2,1,4
2893,seo analytics tutorial,93,99,279,33.9,2.23,1,0.36,0.6,1407799,Declining,2026-07-18,Video,Commercial,Organic,6,20.58,2,1,3,4
2894,dashboard training,74,81,1066,65.8,4.31,13,1.22,0.7,4986140,Rising,2026-08-24,People Also Ask,Informational,Video,7,13.03,1,4,1,3
2895,keyword research for beginners,94,100,676,51.8,6.2,9,1.33,0.64,5904647,Declining,2026-01-12,People Also Ask,Informational,Organic,6,16.51,1,1,3,3
2896,digital marketing skills,72,72,1648,14.7,8.45,18,1.09,0.5,1954961,Stable,2026-04-08,Sitelinks,Informational,Organic,0,29.45,1,1,2,1
2897,tableau tools,72,70,10154,50.2,3.72,139,1.37,0.73,6075194,Rising,2026-02-20,People Also Ask,Commercial,Featured Snippet,-2,35.86,2,2,1,3
2898,google analytics software,6,8,14877,55.7,8.04,3938,26.47,0.86,5352590,Stable,2026-06-20,None,Informational,Organic,2,56.95,1,1,2,7
2899,digital marketing certification,15,23,8921,70,4.54,1053,11.8,0.34,759313,Stable,2026-07-28,Video,Commercial,Organic,8,33.02,2,1,2,4
2900,data analyst advanced,34,49,121,55.5,3.77,4,3.31,0.82,1530097,Rising,2026-06-16,None,Informational,Organic,15,15.35,1,1,1,7
2901,data analyst best practices,41,34,21829,21.2,5.01,957,4.38,0.33,657527,Stable,2026-04-17,Video,Informational,Organic,-7,69.37,1,1,2,4
2902,digital marketing dashboard,16,2,5963,64.1,11.24,867,14.54,0.08,7326740,Stable,2026-05-04,Reviews,Navigational,Organic,-14,30.36,4,1,2,6
2903,data visualization jobs,47,37,23434,42.1,7.12,674,2.88,0.11,3618873,Stable,2026-07-15,People Also Ask,Informational,Organic,-10,65.49,1,1,2,3
2904,machine learning tutorial,60,66,12976,51.9,8.87,316,2.44,0.15,2495739,Declining,2026-05-29,Image Pack,Transactional,Organic,6,41.53,3,1,3,5
2905,reporting project,17,5,243,48.6,8.65,23,9.47,0.29,742698,Rising,2026-02-01,Video,Informational,Organic,-12,20.94,1,1,1,4
2906,sql project,73,63,89,58.1,0.39,1,1.12,0.88,867668,Rising,2026-08-23,Sitelinks,Commercial,Organic,-10,13.34,2,1,1,1
2907,business intelligence tools,4,14,1438,10.7,1.24,368,25.59,0.57,503394,Stable,2026-08-09,Video,Navigational,Organic,10,43.27,4,1,2,4
2908,excel examples,15,8,4297,85,4.12,533,12.4,0.3,1226402,Stable,2026-01-27,Reviews,Informational,Organic,-7,19.64,1,1,2,6
2909,machine learning for beginners,50,38,275,19.8,1.14,6,2.18,0.73,6799340,Rising,2026-07-09,Image Pack,Informational,Organic,-12,25.77,1,1,1,5
2910,google analytics certification,83,95,2748,10.8,3.21,36,1.31,0.94,2912551,Rising,2026-01-19,Video,Informational,Video,12,32.92,1,4,1,4
2911,data visualization salary,1,1,462,12.5,7.85,159,34.42,0.75,2545000,Rising,2026-09-22,Video,Transactional,Organic,0,45.49,3,1,1,4
2912,reporting best practices,87,90,461,85.6,9.79,3,0.65,0.06,7459290,Stable,2026-05-02,None,Informational,People Also Ask,3,5.58,1,3,2,7
2913,excel examples,99,85,126,58.9,6.16,0,0,0.64,7543644,Rising,2026-03-11,Reviews,Transactional,Featured Snippet,-14,12.58,3,2,1,6
2914,data visualization online,67,66,1213,36.8,7.18,25,2.06,0.8,2264570,Rising,2026-06-19,None,Informational,Organic,-1,22.47,1,1,1,7
2915,digital marketing jobs,62,54,6778,44.7,7.22,107,1.58,0.31,687904,Rising,2026-06-21,Sitelinks,Navigational,Organic,-8,30.91,4,1,1,1
2916,python pandas interview questions,19,30,832,68.9,6.01,96,11.54,0.67,3753030,Stable,2026-01-06,Video,Informational,Organic,11,17.13,1,1,2,4
2917,python pandas examples,7,8,10037,60.6,1.18,2645,26.35,0.23,6143391,Declining,2026-08-21,Image Pack,Informational,Organic,1,45.8,1,1,3,5
2918,machine learning best practices,50,37,17480,23.1,1.17,665,3.8,0.6,7743858,Stable,2026-03-13,Video,Commercial,People Also Ask,-13,59.85,2,3,2,4
2919,power bi for beginners,54,69,7970,18.8,1.23,235,2.95,0.05,2067074,Rising,2026-04-03,Reviews,Commercial,Video,15,41.78,2,4,1,6
2920,data science guide,62,53,1428,52.3,2.9,25,1.75,0.6,5255734,Stable,2026-07-20,Video,Transactional,Organic,-9,18.08,3,1,2,4
2921,data science best practices,2,12,16888,11.6,7.82,4338,25.69,0.92,5494458,Rising,2026-04-22,Sitelinks,Informational,Organic,10,73.77,1,1,1,1
2922,content marketing tutorial,89,96,9865,76.4,4.35,141,1.43,0.46,2500955,Stable,2026-05-28,None,Informational,Organic,7,27.45,1,1,2,7
2923,business intelligence best practices,9,6,96,65.9,7.24,19,19.79,0.96,3633699,Rising,2026-03-02,None,Commercial,Organic,-3,20.95,2,1,1,7
2924,seo analytics templates,69,60,2090,31.1,0.37,26,1.24,0.47,2376849,Declining,2026-02-17,Sitelinks,Transactional,Organic,-9,25.49,3,1,3,1
2925,keyword research software,3,10,15037,32.3,9.94,4783,31.81,0.74,1020684,Declining,2026-07-01,Reviews,Navigational,People Also Ask,7,67.14,4,3,3,6
2926,data visualization templates,42,28,19383,75.9,4.85,1031,5.32,0.11,3511104,Rising,2026-08-08,Video,Transactional,Video,-14,48.6,3,4,1,4
2927,data science software,27,36,2039,81.1,3.13,202,9.91,0.51,1775128,Declining,2026-09-12,Sitelinks,Commercial,Organic,9,15,2,1,3,1
2928,mysql for beginners,6,15,12924,49.4,1.25,2063,15.96,0.65,6457185,Rising,2026-03-19,None,Informational,Video,9,49.37,1,4,1,7
2929,google analytics course,77,83,5737,47.1,5.97,82,1.43,0.38,7115671,Stable,2026-01-10,Video,Transactional,Organic,6,28.04,3,1,2,4
2930,digital marketing templates,7,1,999,33.1,8.12,206,20.62,0.12,7677161,Rising,2026-03-28,Video,Commercial,Video,-6,33.03,2,4,1,4
2931,python pandas best practices,14,1,1331,61.9,10.32,214,16.08,0.07,6824688,Stable,2026-06-04,None,Transactional,Organic,-13,22.63,3,1,2,7
2932,keyword research advanced,19,32,239,57,4.72,25,10.46,0.29,7827928,Stable,2026-04-22,None,Informational,Organic,13,18.94,1,1,2,7
2933,digital marketing software,25,38,10994,52.6,2.28,964,8.77,0.44,6322184,Rising,2026-05-11,Featured Snippet,Transactional,People Also Ask,13,40.75,3,3,1,2
2934,mysql training,49,58,13826,59.6,10.18,378,2.73,0.26,5957643,Stable,2026-08-15,Video,Transactional,Organic,9,41.06,3,1,2,4
2935,business intelligence examples,24,31,5689,22.7,11.2,480,8.44,0.93,2866759,Declining,2026-06-01,Video,Transactional,Organic,7,38.99,3,1,3,4
2936,keyword research tools,21,9,2088,68.8,9.88,215,10.3,0.13,3149136,Declining,2026-06-12,Image Pack,Transactional,Organic,-12,18.99,3,1,3,5
2937,data visualization project,17,25,1939,38.8,1.74,256,13.2,0.36,5679080,Declining,2026-06-03,Reviews,Informational,Organic,8,29.24,1,1,3,6
2938,machine learning advanced,71,68,855,82.4,9.01,13,1.52,0.42,6092825,Stable,2026-05-12,People Also Ask,Commercial,Organic,-3,7.79,2,1,2,3
2939,power bi salary,78,85,2511,89.1,2.36,38,1.51,0.86,2887515,Declining,2026-01-12,Video,Informational,Video,7,9.07,1,4,3,4
2940,excel templates,6,16,1193,65.7,6.29,211,17.69,0.11,5744137,Stable,2026-04-26,Featured Snippet,Navigational,Organic,10,22.08,4,1,2,2
2941,keyword research tools,23,27,4021,89.3,8.98,420,10.45,0.53,1754553,Stable,2026-09-24,Sitelinks,Informational,Organic,4,16.77,1,1,2,1
2942,seo analytics salary,45,30,3785,34.7,6.41,129,3.41,0.61,6643352,Rising,2026-01-29,Video,Commercial,Organic,-15,28.93,2,1,1,4
2943,keyword research skills,1,1,1249,70,5.91,403,32.27,0.89,3193551,Rising,2026-04-23,Video,Transactional,Organic,0,28.66,3,1,1,4
2944,google analytics tools,35,25,1030,16.8,4.4,68,6.6,0.74,1368682,Rising,2026-08-01,Reviews,Informational,Organic,-10,30.52,1,1,1,6
2945,data visualization examples,84,76,1822,37.4,5.43,11,0.6,0.39,4064553,Rising,2026-07-18,Sitelinks,Informational,Video,-8,22.72,1,4,1,1
2946,data analyst tools,64,70,1236,57.6,3.82,19,1.54,0.83,4787739,Stable,2026-09-19,None,Informational,People Also Ask,6,16,1,3,2,7
2947,keyword research templates,84,98,2560,45.7,3.14,37,1.45,0.5,3182918,Rising,2026-03-10,Featured Snippet,Informational,Image,14,22.15,1,5,1,2
2948,excel project,45,33,812,62.7,0.28,25,3.08,0.2,6583909,Stable,2026-08-09,People Also Ask,Informational,Organic,-12,14.44,1,1,2,3
2949,google analytics free,47,44,508,70.9,4.22,12,2.36,0.78,4756340,Declining,2026-05-07,Image Pack,Commercial,Organic,-3,11,2,1,3,5
2950,keyword research training,52,58,1139,23.6,8.29,28,2.46,0.08,2204905,Rising,2026-07-23,People Also Ask,Commercial,Organic,6,26.49,2,1,1,3
2951,business intelligence templates,85,94,23362,10.9,11.35,302,1.29,0.78,7015627,Rising,2026-08-17,Sitelinks,Informational,Organic,9,73.86,1,1,1,1
2952,customer analytics skills,93,82,5077,78.1,4.37,50,0.98,0.66,5259115,Rising,2026-01-13,Featured Snippet,Transactional,Organic,-11,17.19,3,1,1,2
2953,mysql training,71,66,889,77.8,9.68,8,0.9,0.99,2224358,Declining,2026-01-04,People Also Ask,Commercial,Organic,-5,8.91,2,1,3,3
2954,google analytics templates,92,100,5726,13.7,8.6,58,1.01,0.84,7517142,Rising,2026-03-26,People Also Ask,Commercial,Organic,8,37.81,2,1,1,3
2955,excel software,58,60,2506,72.6,6.54,43,1.72,0.84,3348525,Rising,2026-09-08,Featured Snippet,Informational,Organic,2,14.12,1,1,1,2
2956,sql training,95,96,18840,15,0.44,173,0.92,0.12,5588544,Rising,2026-08-06,Video,Transactional,Organic,1,63.45,3,1,1,4
2957,tableau jobs,40,48,13952,59.4,6.64,662,4.74,0.46,7063154,Stable,2026-02-08,Image Pack,Informational,Organic,8,42.44,1,1,2,5
2958,dashboard jobs,17,10,2950,88,11.16,277,9.39,0.7,999500,Declining,2026-02-17,Reviews,Informational,Organic,-7,14.46,1,1,3,6
2959,content marketing interview questions,79,68,1528,39.6,2.24,33,2.16,0.61,630254,Declining,2026-04-07,People Also Ask,Transactional,Organic,-11,22.31,3,1,3,3
2960,mysql training,33,28,790,32.9,10.02,37,4.68,0.11,7031296,Stable,2026-04-06,None,Informational,Organic,-5,24.19,1,1,2,7
2961,excel advanced,43,30,2293,58.3,0.22,88,3.84,0.49,3534017,Stable,2026-04-12,None,Transactional,Organic,-13,19.11,3,1,2,7
2962,google analytics project,41,33,4187,42,3.69,201,4.8,0.85,7695779,Rising,2026-03-31,None,Transactional,Organic,-8,28.28,3,1,1,7
2963,data visualization skills,39,46,2031,71.5,7.23,87,4.28,0.62,6822784,Stable,2026-08-18,Video,Informational,Organic,7,14.87,1,1,2,4
2964,data science course,47,45,5802,20.1,6.71,118,2.03,0.3,7397616,Stable,2026-07-09,Video,Transactional,People Also Ask,-2,36.59,3,3,2,4
2965,google analytics free,79,80,5902,88.7,2.92,58,0.98,0.64,6692718,Declining,2026-06-09,Reviews,Informational,Organic,1,15.65,1,1,3,6
2966,excel course,85,82,980,72.7,10.34,13,1.33,0.65,3140655,Stable,2026-01-12,People Also Ask,Informational,Image,-3,10.85,1,5,2,3
2967,seo analytics salary,79,83,614,17.2,9.99,4,0.65,0.25,6137457,Stable,2026-01-26,Video,Commercial,Organic,4,26.41,2,1,2,4
2968,data visualization tutorial,74,77,15208,48.4,10.52,152,1,0.25,1377988,Stable,2026-09-16,Featured Snippet,Commercial,People Also Ask,3,46.25,2,3,2,2
2969,reporting tutorial,14,10,124,86.1,8.2,16,12.9,0.33,7877232,Rising,2026-02-01,Reviews,Commercial,Organic,-4,11.28,2,1,1,6
2970,power bi training,5,1,24783,12.5,10.4,7441,30.02,0.3,3476224,Rising,2026-04-13,Sitelinks,Transactional,Video,-4,91.5,3,4,1,1
2971,business intelligence training,54,39,1568,25.7,1.41,34,2.17,0.98,2275302,Stable,2026-03-08,Image Pack,Informational,Organic,-15,26.56,1,1,2,5
2972,reporting certification,77,74,10076,13.8,10.4,79,0.78,0.51,3447119,Declining,2026-03-07,Sitelinks,Navigational,People Also Ask,-3,46.31,4,3,3,1
2973,dashboard project,70,75,1000,12,6.93,10,1,0.12,6631088,Rising,2026-02-12,People Also Ask,Transactional,People Also Ask,5,28.92,3,3,1,3
2974,business intelligence best practices,3,7,1808,58.7,4.49,405,22.4,0.3,4940531,Rising,2026-01-31,Sitelinks,Transactional,Organic,4,27.91,3,1,1,1
2975,excel software,26,21,1010,88.8,9.53,65,6.44,0.77,7728808,Stable,2026-06-07,Reviews,Navigational,Organic,-5,8.8,4,1,2,6
2976,customer analytics for beginners,3,15,1396,49.6,3.32,445,31.88,0.36,2978962,Declining,2026-07-27,Image Pack,Transactional,Organic,12,34.86,3,1,3,5
2977,seo analytics tutorial,43,56,15898,70.5,8.13,488,3.07,0.91,4612820,Stable,2026-02-20,Reviews,Informational,Organic,13,42.09,1,1,2,6
2978,dashboard tools,89,86,2096,65,7.57,23,1.1,0.12,4157412,Declining,2026-09-16,None,Navigational,Organic,-3,15.25,4,1,3,7
2979,power bi examples,89,80,7058,57.2,0.59,103,1.46,0.55,7899305,Stable,2026-06-16,Video,Commercial,Organic,-9,27.65,2,1,2,4
2980,customer analytics tutorial,25,25,85,47.7,9.07,6,7.06,0.57,4528753,Stable,2026-06-06,Image Pack,Informational,Organic,0,19.62,1,1,2,5
2981,mysql examples,67,66,3771,25.1,11.71,61,1.62,0.66,7408763,Rising,2026-01-30,Reviews,Informational,Organic,-1,30.83,1,1,1,6
2982,google analytics tools,64,77,70,87.5,6.27,1,1.43,0.15,6832581,Declining,2026-03-11,Reviews,Informational,Organic,13,4.65,1,1,3,6
2983,excel course,93,96,1174,23.2,4.06,7,0.6,0.19,6766571,Stable,2026-05-20,People Also Ask,Informational,Organic,3,25.69,1,1,2,3
2984,dashboard for beginners,58,44,267,14.7,2.45,3,1.12,0.6,1041400,Declining,2026-02-26,Sitelinks,Informational,People Also Ask,-14,26.72,1,3,3,1
2985,marketing analytics training,21,14,13076,42.5,4.24,1726,13.2,0.44,795884,Rising,2026-07-31,Reviews,Commercial,Organic,-7,50.27,2,1,1,6
2986,power bi course,10,1,598,27.5,8.41,104,17.39,0.83,2830625,Stable,2026-07-19,Reviews,Commercial,Organic,-9,32.19,2,1,2,6
2987,machine learning for beginners,94,99,777,34.6,3.66,5,0.64,0.21,6455238,Rising,2026-09-07,People Also Ask,Commercial,Organic,5,21.51,2,1,1,3
2988,keyword research dashboard,66,72,19799,61.3,4.24,245,1.24,0.77,7376607,Declining,2026-03-24,Image Pack,Commercial,Organic,6,51.63,2,1,3,5
2989,machine learning guide,20,15,3132,16.9,8.46,334,10.66,0.95,1154038,Rising,2026-07-10,Image Pack,Informational,Image,-5,36.83,1,5,1,5
2990,content marketing interview questions,74,75,23149,80,4.6,260,1.12,0.61,5801827,Stable,2026-03-27,Image Pack,Commercial,Organic,1,52.62,2,1,2,5
2991,keyword research salary,18,6,2516,54.1,1.87,308,12.24,0.65,1538249,Stable,2026-03-24,Sitelinks,Transactional,Organic,-12,25.29,3,1,2,1
2992,mysql jobs,50,45,231,29.5,3.3,5,2.16,0.84,4222413,Rising,2026-05-06,Sitelinks,Informational,Image,-5,22.76,1,5,1,1
2993,google analytics salary,93,89,593,14.8,1.83,6,1.01,0.06,1082345,Rising,2026-08-06,People Also Ask,Transactional,Organic,-4,27.28,3,1,1,3
2994,seo analytics training,60,65,3154,80,0.53,65,2.06,0.9,1277127,Rising,2026-09-02,Video,Informational,Organic,5,13.37,1,1,1,4
2995,tableau tutorial,95,89,8211,59.8,7.88,98,1.19,0.54,3709059,Rising,2026-07-26,Reviews,Commercial,Organic,-6,29.02,2,1,1,6
2996,seo analytics tools,9,1,1066,45.8,5.33,217,20.36,0.47,5664527,Stable,2026-04-08,Featured Snippet,Commercial,Organic,-8,29.21,2,1,2,2
2997,power bi interview questions,15,29,226,32.6,3.91,37,16.37,0.65,1199466,Rising,2026-03-15,None,Transactional,Organic,14,29.38,3,1,1,7
2998,data analyst project,19,8,17253,55.6,2.84,2465,14.29,0.25,4504879,Declining,2026-04-29,Featured Snippet,Informational,Video,-11,55.23,1,4,3,2
2999,sql best practices,52,60,10526,47.7,8.2,299,2.84,0.51,4004356,Rising,2026-09-27,None,Transactional,Organic,8,38.13,3,1,1,7
3000,sql certification,16,12,3244,46.3,3.03,347,10.7,0.16,5248024,Declining,2026-09-22,Video,Informational,Organic,-4,28.25,1,1,3,4
3001,python pandas dashboard,52,64,603,34.2,9.6,19,3.15,0.72,5977986,Declining,2026-08-17,Sitelinks,Transactional,Organic,12,22.62,3,1,3,1
3002,customer analytics free,45,57,106,11.8,7.82,2,1.89,0.89,6589313,Stable,2026-05-13,Reviews,Informational,Organic,12,27.68,1,1,2,6
3003,python pandas free,34,43,5608,23.6,3.82,305,5.44,0.24,3239897,Declining,2026-05-27,People Also Ask,Commercial,Organic,9,36.96,2,1,3,3
3004,mysql certification,16,18,3766,15.4,2.19,487,12.93,0.26,6624308,Stable,2026-08-02,Video,Navigational,Featured Snippet,2,39.75,4,2,2,4
3005,content marketing salary,60,73,947,29.4,7.68,13,1.37,0.8,4255768,Rising,2026-09-11,People Also Ask,Transactional,Organic,13,23.79,3,1,1,3
3006,business intelligence skills,36,41,11355,63,7.25,430,3.79,0.48,6312748,Rising,2026-08-15,Reviews,Informational,Organic,5,35.69,1,1,1,6
3007,content marketing skills,27,12,74,25.7,9.36,4,5.41,0.21,2941245,Rising,2026-04-04,Image Pack,Commercial,Organic,-15,25.32,2,1,1,5
3008,mysql salary,34,20,1434,73,11,86,6,0.15,3859340,Stable,2026-07-01,Video,Informational,Video,-14,14.14,1,4,2,4
3009,google analytics project,20,29,15997,45,2.02,2068,12.93,0.07,1192036,Rising,2026-01-02,Video,Informational,Organic,9,55.19,1,1,1,4
3010,power bi interview questions,21,18,1214,14.9,9.98,144,11.86,0.53,3471111,Stable,2026-08-20,Featured Snippet,Commercial,Organic,-3,34.26,2,1,2,2
3011,power bi advanced,31,21,242,37.4,8.7,13,5.37,0.22,3120969,Rising,2026-06-27,Sitelinks,Informational,Organic,-10,22.12,1,1,1,1
3012,excel skills,70,71,890,38.1,2.77,12,1.35,0.12,7262697,Rising,2026-01-18,None,Transactional,Organic,1,21.06,3,1,1,7
3013,customer analytics advanced,49,49,2445,33.8,11.38,57,2.33,0.23,6724755,Rising,2026-08-27,People Also Ask,Informational,Organic,0,25.96,1,1,1,3
3014,dashboard jobs,74,72,93,44.4,2.97,1,1.08,0.25,7210824,Rising,2026-09-11,None,Informational,Organic,-2,17.44,1,1,1,7
3015,sql tutorial,59,58,408,54.9,3.19,10,2.45,0.36,4151960,Rising,2026-07-24,Video,Navigational,Organic,-1,15.65,4,1,1,4
3016,google analytics tutorial,11,11,2778,65.3,5.76,481,17.31,0.25,4120768,Declining,2026-01-30,Sitelinks,Informational,People Also Ask,0,25.15,1,3,3,1
3017,power bi software,23,29,6442,26.6,2.83,516,8.01,0.25,4051614,Rising,2026-05-27,None,Commercial,Organic,6,39.09,2,1,1,7
3018,machine learning jobs,34,27,5884,41.9,3.15,344,5.85,0.92,5760684,Stable,2026-07-22,Reviews,Transactional,Organic,-7,32.24,3,1,2,6
3019,seo analytics salary,60,63,669,57,5.73,11,1.64,0.33,3170830,Stable,2026-01-18,People Also Ask,Commercial,Organic,3,15.1,2,1,2,3
3020,power bi salary,79,91,2326,61.9,11.85,15,0.64,0.75,6109142,Rising,2026-09-08,Video,Transactional,Organic,12,16.4,3,1,1,4
3021,tableau interview questions,5,1,84,43.1,9.96,24,28.57,0.82,7846821,Rising,2026-05-18,None,Informational,Image,-4,32.44,1,5,1,7
3022,google analytics course,38,40,1965,16.8,7.2,88,4.48,0.42,2035491,Declining,2026-07-26,Video,Commercial,Featured Snippet,2,31.25,2,2,3,4
3023,sql free,66,61,165,58.2,2.22,2,1.21,0.6,3362285,Rising,2026-03-13,None,Informational,Video,-5,13.51,1,4,1,7
3024,reporting salary,45,37,4400,54.2,4.1,207,4.7,0.42,4021683,Stable,2026-09-06,Featured Snippet,Informational,Organic,-8,24.99,1,1,2,2
3025,content marketing online,67,79,804,11.1,7.11,12,1.49,0.32,4207454,Stable,2026-04-10,Video,Commercial,Organic,12,29.06,2,1,2,4
3026,excel software,82,85,648,43.2,4.99,6,0.93,0.94,3954370,Stable,2026-06-21,Featured Snippet,Informational,Organic,3,18.82,1,1,2,2
3027,python pandas free,47,32,6729,42.7,9.81,227,3.37,0.63,4570452,Rising,2026-04-24,Video,Transactional,Organic,-15,32.36,3,1,1,4
3028,excel dashboard,61,55,3830,49.9,6.91,78,2.04,0.69,7917014,Stable,2026-05-23,None,Commercial,Organic,-6,23.73,2,1,2,7
3029,data science best practices,95,100,563,68.3,9.18,9,1.6,0.87,4183927,Rising,2026-06-08,Sitelinks,Commercial,Organic,5,11.48,2,1,1,1
3030,marketing analytics tools,79,90,1692,18.4,10.94,13,0.77,0.52,4798292,Stable,2026-01-16,Image Pack,Commercial,Featured Snippet,11,28.25,2,2,2,5
3031,digital marketing course,80,71,780,24.2,1.93,6,0.77,0.83,1648291,Stable,2026-05-13,Featured Snippet,Informational,Organic,-9,24.7,1,1,2,2
3032,python pandas free,23,13,385,35.2,4.31,25,6.49,0.14,5024295,Stable,2026-04-06,Image Pack,Navigational,Organic,-10,23.66,4,1,2,5
3033,content marketing certification,11,18,11714,75.2,11.87,1984,16.94,0.56,1553224,Declining,2026-06-16,Sitelinks,Informational,Organic,7,39.74,1,1,3,1
3034,tableau course,95,100,1919,35.9,1.96,18,0.94,0.34,7684917,Rising,2026-02-17,Image Pack,Informational,Video,5,23.55,1,4,1,5
3035,python pandas course,59,48,972,19.5,8.58,24,2.47,0.36,3046575,Rising,2026-07-30,Featured Snippet,Commercial,Organic,-11,27.4,2,1,1,2
3036,marketing analytics skills,9,6,3952,79.6,7.86,807,20.42,0.93,4727600,Declining,2026-07-14,None,Informational,Organic,-3,24.84,1,1,3,7
3037,power bi jobs,18,9,1784,34.5,8.57,202,11.32,0.15,2456669,Stable,2026-01-03,Reviews,Informational,Video,-9,29.22,1,4,2,6
3038,digital marketing salary,38,42,259,22.4,2.53,11,4.25,0.31,7225321,Rising,2026-03-16,Sitelinks,Transactional,Organic,4,26.06,3,1,1,1
3039,python pandas certification,92,100,10311,25.3,6.26,143,1.39,0.69,420392,Rising,2026-08-16,Featured Snippet,Informational,Organic,8,43.65,1,1,1,2
3040,power bi jobs,76,90,1617,68.3,4.06,16,0.99,0.21,988748,Rising,2026-04-17,Reviews,Navigational,Organic,14,13.25,4,1,1,6
3041,business intelligence skills,84,82,15142,63.8,3.68,124,0.82,0.96,4922476,Declining,2026-02-03,Video,Informational,People Also Ask,-2,41.4,1,3,3,4
3042,content marketing examples,58,63,238,79.7,10.41,4,1.68,0.65,7571104,Rising,2026-06-04,Sitelinks,Commercial,Organic,5,7.46,2,1,1,1
3043,dashboard salary,89,95,361,83.8,1.77,5,1.39,0.73,2859736,Stable,2026-01-22,Featured Snippet,Navigational,Video,6,6.32,4,4,2,2
3044,content marketing interview questions,16,22,4961,86.3,11.77,740,14.92,0.53,865164,Stable,2026-07-09,People Also Ask,Commercial,Organic,6,21.91,2,1,2,3
3045,seo analytics skills,32,40,1874,26,11.06,96,5.12,0.26,3834377,Rising,2026-07-17,Sitelinks,Commercial,Organic,8,28.65,2,1,1,1
3046,data analyst skills,35,27,813,11.6,9.08,53,6.52,0.41,810175,Stable,2026-05-13,Video,Informational,Organic,-8,31.61,1,1,2,4
3047,content marketing training,10,1,203,52.3,9.24,26,12.81,0.7,5049987,Stable,2026-08-07,Video,Navigational,People Also Ask,-9,21.53,4,3,2,4
3048,digital marketing tools,71,69,564,15.2,9.12,4,0.71,0.47,7419764,Stable,2026-06-10,Reviews,Commercial,Organic,-2,26.94,2,1,2,6
3049,digital marketing free,34,19,225,21.5,4.49,9,4,0.97,2744390,Rising,2026-07-20,None,Informational,Organic,-15,26.13,1,1,1,7
3050,machine learning for beginners,94,100,734,58.2,5.7,9,1.23,0.31,3632055,Declining,2026-01-30,Image Pack,Informational,Organic,6,14.65,1,1,3,5
3051,content marketing tutorial,79,75,1675,64.2,0.86,21,1.25,0.2,6094734,Rising,2026-03-01,Featured Snippet,Informational,Organic,-4,14.74,1,1,1,2
3052,tableau free,66,57,841,38.7,8.45,15,1.78,0.15,4930493,Declining,2026-08-27,Video,Informational,Organic,-9,21.01,1,1,3,4
3053,google analytics advanced,19,8,1798,65.8,3.38,195,10.85,0.45,1577755,Stable,2026-02-09,Video,Transactional,Image,-11,19.61,3,5,2,4
3054,tableau software,28,43,11276,70.6,4.3,681,6.04,0.4,571724,Stable,2026-09-24,Image Pack,Informational,Featured Snippet,15,34.45,1,2,2,5
3055,python pandas templates,34,36,1729,74.2,7.36,110,6.36,0.54,2737113,Stable,2026-03-04,Video,Commercial,Organic,2,14.56,2,1,2,4
3056,reporting project,29,16,1327,66.4,3.31,90,6.78,0.34,7010893,Declining,2026-07-25,Video,Transactional,Organic,-13,16.33,3,1,3,4
3057,python pandas for beginners,47,47,723,11.8,9.38,21,2.9,0.51,5587678,Declining,2026-01-11,Featured Snippet,Informational,Video,0,29.44,1,4,3,2
3058,tableau guide,30,16,3757,62.7,5.41,260,6.92,0.12,5229153,Stable,2026-07-22,Reviews,Commercial,Featured Snippet,-14,22.34,2,2,2,6
3059,excel templates,37,22,2456,74,2.9,122,4.97,0.39,525691,Rising,2026-02-02,Video,Informational,Organic,-15,15.33,1,1,1,4
3060,python pandas salary,7,10,638,17,8.46,99,15.52,0.6,2975991,Rising,2026-02-17,People Also Ask,Commercial,Video,3,34.43,2,4,1,3
3061,mysql jobs,79,82,119,89.9,4,1,0.84,0.7,417732,Stable,2026-09-11,People Also Ask,Commercial,Featured Snippet,3,3.71,2,2,2,3
3062,keyword research guide,70,64,795,40.6,2.51,12,1.51,0.89,5149481,Stable,2026-06-07,Reviews,Transactional,Organic,-6,20.2,3,1,2,6
3063,dashboard tutorial,27,34,1093,73.4,6.8,67,6.13,0.16,6398256,Stable,2026-05-11,Reviews,Transactional,Organic,7,13.42,3,1,2,6
3064,dashboard tutorial,26,22,14651,29.4,11.95,986,6.73,0.51,3975441,Declining,2026-04-10,Featured Snippet,Informational,Organic,-4,53.89,1,1,3,2
3065,machine learning tutorial,98,100,2333,67.6,1.99,36,1.54,0.55,917772,Stable,2026-01-09,Video,Commercial,Organic,2,15.18,2,1,2,4
3066,machine learning tools,68,82,2045,60.8,6.35,37,1.81,0.82,4443412,Declining,2026-02-01,Featured Snippet,Navigational,Organic,14,16.79,4,1,3,2
3067,customer analytics for beginners,31,44,2796,64.4,10.94,147,5.26,0.84,6385989,Stable,2026-06-12,Featured Snippet,Transactional,Organic,13,19.04,3,1,2,2
3068,digital marketing tools,9,13,14125,37.9,10.94,2243,15.88,0.42,4816301,Stable,2026-07-20,Featured Snippet,Informational,Organic,4,55.16,1,1,2,2
3069,data visualization training,65,72,1377,21.5,2.86,19,1.38,0.12,2702058,Stable,2026-01-13,Reviews,Informational,Organic,7,27.02,1,1,2,6
3070,data science salary,67,80,2261,59.2,2.98,53,2.34,0.87,899121,Stable,2026-09-04,Featured Snippet,Informational,Video,13,17.98,1,4,2,2
3071,data visualization interview questions,50,45,1090,33.6,8.1,37,3.39,0.59,3251439,Stable,2026-03-29,Featured Snippet,Navigational,Organic,-5,23.89,4,1,2,2
3072,content marketing skills,95,85,75,64.4,1.52,1,1.33,0.7,6532567,Stable,2026-06-08,People Also Ask,Transactional,Organic,-10,11.54,3,1,2,3
3073,seo analytics free,77,66,101,14.6,1.44,1,0.99,0.85,3836652,Declining,2026-03-10,Featured Snippet,Informational,Organic,-11,26.35,1,1,3,2
3074,mysql skills,79,83,79,72.2,9.03,1,1.27,0.55,4678532,Rising,2026-04-17,Featured Snippet,Informational,Organic,4,9.17,1,1,1,2
3075,power bi training,82,82,527,15.4,11.85,10,1.9,0.48,4844426,Declining,2026-08-18,People Also Ask,Navigational,Video,0,27.44,4,4,3,3
3076,excel salary,56,47,2217,14.5,9.2,56,2.53,0.67,1850127,Stable,2026-04-03,Featured Snippet,Informational,Organic,-9,31.4,1,1,2,2
3077,tableau best practices,69,73,6575,82.5,5.97,69,1.05,0.25,2562580,Stable,2026-06-27,Image Pack,Informational,Organic,4,18.88,1,1,2,5
3078,content marketing guide,45,42,372,86.4,7.26,15,4.03,0.08,7190200,Stable,2026-06-02,Sitelinks,Transactional,Organic,-3,6.96,3,1,2,1
3079,business intelligence interview questions,55,67,982,70.9,10.9,22,2.24,0.95,7494482,Stable,2026-07-01,Image Pack,Commercial,Organic,12,11.87,2,1,2,5
3080,data science best practices,54,57,1993,35.9,6.06,46,2.31,0.58,6920249,Declining,2026-01-27,Video,Commercial,Featured Snippet,3,24.42,2,2,3,4
3081,dashboard best practices,36,48,1119,39.9,7.77,42,3.75,0.99,2784743,Stable,2026-01-02,People Also Ask,Transactional,Organic,12,22.25,3,1,2,3
3082,google analytics templates,64,68,1098,68.4,0.76,24,2.19,0.43,252478,Declining,2026-07-19,Featured Snippet,Commercial,Featured Snippet,4,12.83,2,2,3,2
3083,data visualization online,48,34,16326,43.4,9.2,536,3.28,0.64,1469534,Stable,2026-03-22,Featured Snippet,Informational,Organic,-14,51.18,1,1,2,2
3084,machine learning for beginners,2,1,10175,67.7,3.33,3658,35.95,0.88,1248436,Stable,2026-05-05,People Also Ask,Navigational,Organic,-1,49.05,4,1,2,3
3085,seo analytics online,60,53,10376,60.4,3.92,161,1.55,0.94,2351228,Stable,2026-05-04,Reviews,Navigational,Organic,-7,33.33,4,1,2,6
3086,machine learning skills,65,77,10863,58.7,10.06,236,2.17,0.11,4805039,Rising,2026-06-28,None,Commercial,Organic,12,35.14,2,1,1,7
3087,keyword research salary,18,20,18565,64.4,1.13,2440,13.14,0.09,4476019,Stable,2026-06-04,None,Commercial,Organic,2,54.58,2,1,2,7
3088,sql certification,11,5,7970,26.8,10.24,1476,18.52,0.14,6988898,Rising,2026-01-02,People Also Ask,Commercial,Featured Snippet,-6,47.66,2,2,1,3
3089,reporting guide,82,94,226,46.2,7.86,1,0.44,0.71,5012659,Stable,2026-09-24,Featured Snippet,Informational,Organic,12,16.82,1,1,2,2
3090,seo analytics software,77,85,817,11.3,3.74,5,0.61,0.33,900475,Stable,2026-07-28,People Also Ask,Informational,Organic,8,28.56,1,1,2,3
3091,mysql for beginners,57,47,1395,66.5,3.87,32,2.29,0.62,4675372,Stable,2026-08-18,None,Commercial,Organic,-10,14.04,2,1,2,7
3092,mysql advanced,49,55,139,64.5,1.29,4,2.88,0.16,6131426,Declining,2026-03-29,None,Commercial,Featured Snippet,6,12.46,2,2,3,7
3093,customer analytics dashboard,49,61,7353,72.1,4.45,240,3.26,0.2,3811572,Rising,2026-07-29,Image Pack,Commercial,Organic,12,24.72,2,1,1,5
3094,python pandas best practices,77,88,9327,40,6.85,113,1.21,0.08,7114058,Declining,2026-04-02,Video,Commercial,Organic,11,37.19,2,1,3,4
3095,data visualization training,46,57,232,12.2,7.56,7,3.02,0.6,6265739,Stable,2026-06-21,None,Commercial,Organic,11,28.41,2,1,2,7
3096,reporting examples,25,27,2023,62.8,2.57,176,8.7,0.53,5824958,Stable,2026-02-13,Featured Snippet,Transactional,Featured Snippet,2,19.81,3,2,2,2
3097,marketing analytics free,1,1,5305,60.4,8.02,1750,32.99,0.16,1997734,Stable,2026-06-16,Reviews,Navigational,Organic,0,39.98,4,1,2,6
3098,excel examples,31,21,757,82.4,0.35,54,7.13,0.14,4019442,Stable,2026-08-02,Featured Snippet,Informational,Organic,-10,10.58,1,1,2,2
3099,reporting tutorial,66,74,166,85.8,2.24,1,0.6,0.18,7057681,Rising,2026-09-23,People Also Ask,Commercial,Organic,8,4.91,2,1,1,3
3100,keyword research certification,78,78,6217,72.3,1.36,106,1.71,0.5,6464365,Rising,2026-05-29,Featured Snippet,Commercial,Organic,0,21.58,2,1,1,2
3101,reporting advanced,3,1,22449,60.6,6.23,5140,22.9,0.14,540956,Rising,2026-04-25,None,Commercial,Organic,-2,68.64,2,1,1,7
3102,data science free,87,80,704,27.9,10.7,3,0.43,0.68,4676991,Stable,2026-02-16,Video,Informational,Organic,-7,23.26,1,1,2,4
3103,content marketing online,15,7,2101,70.8,0.75,271,12.9,0.2,7656631,Stable,2026-08-03,Image Pack,Informational,Organic,-8,19.8,1,1,2,5
3104,data visualization tools,12,9,2118,14.3,2.14,436,20.59,0.82,2289059,Stable,2026-07-13,Video,Informational,Organic,-3,40.88,1,1,2,4
3105,keyword research dashboard,50,39,6316,70.5,3.09,140,2.22,0.85,1018007,Rising,2026-07-13,Image Pack,Navigational,Image,-11,22.59,4,5,1,5
3106,dashboard skills,4,7,636,16.6,9.94,197,30.97,0.92,2201299,Rising,2026-05-23,Reviews,Commercial,Organic,3,42.77,2,1,1,6
3107,seo analytics interview questions,19,25,90,30.1,10.05,11,12.22,0.47,3013616,Rising,2026-05-12,Image Pack,Informational,Organic,6,27.65,1,1,1,5
3108,google analytics skills,13,25,910,34.4,8.39,126,13.85,0.11,2480784,Rising,2026-06-12,Featured Snippet,Transactional,Organic,12,28.86,3,1,1,2
3109,marketing analytics for beginners,86,96,1817,35.4,0.4,17,0.94,0.07,2058196,Rising,2026-05-31,Featured Snippet,Informational,Video,10,23.49,1,4,1,2
3110,excel training,100,98,20277,85.9,4.21,198,0.98,0.51,3972959,Declining,2026-08-14,Reviews,Informational,Organic,-2,45.07,1,1,3,6
3111,python pandas jobs,33,21,698,87.7,11.86,29,4.15,0.55,1842397,Stable,2026-04-06,People Also Ask,Commercial,Organic,-12,7.29,2,1,2,3
3112,mysql salary,6,5,1339,57.9,4.28,231,17.25,0.68,6876006,Rising,2026-05-01,Image Pack,Navigational,Organic,-1,24.47,4,1,1,5
3113,customer analytics free,59,50,1095,22.7,11.91,26,2.37,0.23,5193242,Stable,2026-04-02,Video,Navigational,Organic,-9,26.63,4,1,2,4
3114,sql online,78,71,1972,68.2,6.77,19,0.96,0.71,4711704,Declining,2026-02-17,Image Pack,Informational,Organic,-7,13.97,1,1,3,5
3115,reporting templates,35,25,3920,75.4,8.59,152,3.88,0.65,3411558,Rising,2026-06-13,People Also Ask,Informational,Organic,-10,17.24,1,1,1,3
3116,business intelligence project,73,79,3595,71.5,5.45,45,1.25,0.83,6999180,Stable,2026-04-21,Featured Snippet,Informational,Organic,6,16.36,1,1,2,2
3117,business intelligence tutorial,4,8,9080,69.2,9.2,2102,23.15,0.26,2488443,Rising,2026-09-22,Reviews,Transactional,Organic,4,39.61,3,1,1,6
3118,data visualization project,33,33,4336,55.8,0.54,301,6.94,0.13,7258305,Stable,2026-08-10,Image Pack,Navigational,Organic,0,25.57,4,1,2,5
3119,seo analytics certification,73,74,9904,71.2,11.96,113,1.14,0.22,491071,Stable,2026-02-09,People Also Ask,Informational,Video,1,28.94,1,4,2,3
3120,business intelligence tools,12,26,8195,50.5,4.41,1238,15.11,0.91,7463537,Declining,2026-01-25,Sitelinks,Informational,Organic,14,39.18,1,1,3,1
3121,data analyst salary,60,59,1482,63.2,1.69,16,1.08,0.84,3069559,Rising,2026-01-18,Sitelinks,Informational,People Also Ask,-1,14.56,1,3,1,1
3122,customer analytics software,61,73,867,72.3,11.83,17,1.96,0.3,6424108,Declining,2026-02-16,Reviews,Commercial,Organic,12,11.08,2,1,3,6
3123,content marketing online,10,22,1717,13.8,2.28,360,20.97,0.55,1697603,Rising,2026-08-31,Featured Snippet,Informational,Organic,12,40.43,1,1,1,2
3124,python pandas templates,85,86,122,26.4,9.1,0,0,0.19,3637157,Stable,2026-07-16,None,Commercial,Organic,1,22.32,2,1,2,7
3125,data visualization software,21,33,551,36.1,10.22,53,9.62,0.82,5690145,Rising,2026-07-12,Featured Snippet,Transactional,Organic,12,25.39,3,1,1,2
3126,sql project,48,44,10932,14.3,4.74,365,3.34,0.92,7137109,Rising,2026-04-15,Video,Informational,Image,-4,49.22,1,5,1,4
3127,tableau best practices,58,70,2443,20.1,5.03,51,2.09,0.51,5223325,Stable,2026-05-23,None,Informational,Featured Snippet,12,29.94,1,2,2,7
3128,data visualization salary,38,46,592,38.8,9.42,31,5.24,0.39,4913449,Stable,2026-07-12,People Also Ask,Informational,Organic,8,22.33,1,1,2,3
3129,google analytics tutorial,89,94,722,70.1,6.24,8,1.11,0.11,3539949,Rising,2026-07-14,None,Informational,Video,5,11,1,4,1,7
3130,dashboard templates,48,38,153,69.4,8.83,4,2.61,0.22,237680,Stable,2026-05-14,Featured Snippet,Transactional,Organic,-10,10.87,3,1,2,2
3131,power bi online,54,65,3593,74.4,3.04,96,2.67,0.89,7891084,Stable,2026-04-25,Video,Informational,Organic,11,16.24,1,1,2,4
3132,customer analytics interview questions,48,57,8114,55.2,9.18,188,2.32,0.74,7391409,Stable,2026-01-30,Reviews,Transactional,Organic,9,30.81,3,1,2,6
3133,google analytics online,22,32,2785,51.2,7.11,299,10.74,0.36,6493034,Declining,2026-08-20,Image Pack,Transactional,People Also Ask,10,25.89,3,3,3,5
3134,data science jobs,98,93,591,50.9,4.14,2,0.34,0.96,4275020,Stable,2026-05-14,People Also Ask,Informational,People Also Ask,-5,16.09,1,3,2,3
3135,reporting training,87,100,631,43,1.04,8,1.27,0.61,3820453,Rising,2026-08-13,Sitelinks,Informational,Organic,13,19.03,1,1,1,1
3136,python pandas templates,48,60,9187,25.2,1.07,355,3.86,0.38,633586,Rising,2026-04-03,Sitelinks,Commercial,Organic,12,42.76,2,1,1,1
3137,sql training,88,93,74,34.9,5.01,0,0,0.95,1430172,Stable,2026-05-28,Sitelinks,Commercial,Organic,5,19.68,2,1,2,1
3138,data science skills,68,83,97,72.5,2.82,1,1.03,0.73,7161180,Rising,2026-02-06,Sitelinks,Commercial,People Also Ask,15,8.99,2,3,1,1
3139,power bi training,91,91,113,18.1,3.32,1,0.88,0.57,3913514,Stable,2026-09-01,Featured Snippet,Navigational,Organic,0,25.26,4,1,2,2
3140,tableau advanced,19,18,1690,49.2,5.08,137,8.11,0.96,5170675,Declining,2026-08-15,Video,Informational,Organic,-1,22.92,1,1,3,4
3141,mysql tutorial,9,10,634,60.4,8.33,138,21.77,0.12,267747,Rising,2026-09-27,People Also Ask,Transactional,People Also Ask,1,24.73,3,3,1,3
3142,power bi course,64,50,77,83.5,9.05,0,0,0.71,4564902,Rising,2026-01-22,People Also Ask,Informational,Featured Snippet,-14,5.1,1,2,1,3
3143,excel tools,98,100,6680,68.7,6.88,93,1.39,0.16,6306610,Declining,2026-08-12,Image Pack,Commercial,Organic,2,23.41,2,1,3,5
3144,sql tutorial,15,9,7307,16.5,9.68,1010,13.82,0.84,4557413,Stable,2026-07-05,Sitelinks,Commercial,Organic,-6,46.93,2,1,2,1
3145,python pandas advanced,43,44,11643,44.6,1.92,437,3.75,0.07,6305574,Declining,2026-05-10,None,Informational,People Also Ask,1,41.76,1,3,3,7
3146,google analytics skills,42,28,597,83.9,2.05,28,4.69,0.67,6383582,Declining,2026-05-15,Reviews,Commercial,Organic,-14,8.51,2,1,3,6
3147,mysql software,80,91,1052,80.4,3.67,19,1.81,0.18,1879102,Declining,2026-04-02,Featured Snippet,Informational,Organic,11,8.93,1,1,3,2
3148,keyword research project,65,64,4080,77.5,11.55,39,0.96,0.43,5583601,Stable,2026-03-08,Sitelinks,Informational,Featured Snippet,-1,15.37,1,2,2,1
3149,tableau interview questions,55,66,22501,47,3.83,497,2.21,0.75,4526187,Stable,2026-04-10,Image Pack,Informational,Video,11,61.81,1,4,2,5
3150,seo analytics templates,56,48,118,83.2,5.13,3,2.54,0.46,4627737,Rising,2026-03-22,None,Transactional,People Also Ask,-8,6.63,3,3,1,7
3151,seo analytics templates,77,64,8749,73.4,6.01,137,1.57,0.99,2755633,Rising,2026-06-14,Reviews,Commercial,Organic,-13,26.21,2,1,1,6
3152,seo analytics best practices,45,44,3605,19.4,8.32,132,3.66,0.37,2186398,Stable,2026-04-19,Reviews,Transactional,Organic,-1,33.3,3,1,2,6
3153,mysql dashboard,19,33,632,71.4,5.23,81,12.82,0.55,2458343,Stable,2026-06-06,None,Commercial,Featured Snippet,14,16.66,2,2,2,7
3154,tableau project,44,49,1153,25.1,8.81,34,2.95,0.14,2541961,Stable,2026-06-17,None,Transactional,Image,5,26.33,3,5,2,7
3155,seo analytics software,26,28,4102,88.3,1.81,369,9,0.36,2108630,Stable,2026-08-02,Image Pack,Transactional,Image,2,16.46,3,5,2,5
3156,marketing analytics templates,94,100,2542,71.6,8.12,22,0.87,0.19,241318,Stable,2026-04-24,None,Commercial,Organic,6,14.04,2,1,2,7
3157,excel dashboard,30,40,12320,41.7,9.55,697,5.66,0.48,7772361,Rising,2026-06-09,Sitelinks,Informational,Organic,10,45,1,1,1,1
3158,marketing analytics certification,82,79,424,38.3,7.39,2,0.47,0.39,3808645,Stable,2026-07-27,People Also Ask,Informational,Featured Snippet,-3,19.6,1,2,2,3
3159,google analytics dashboard,77,76,11460,39.5,5.38,194,1.69,0.76,1141982,Declining,2026-02-02,Sitelinks,Commercial,Organic,-1,41.83,2,1,3,1
3160,sql tutorial,4,9,10387,33.6,0.38,2555,24.6,0.18,310281,Stable,2026-07-23,Image Pack,Informational,Organic,5,53.66,1,1,2,5
3161,tableau dashboard,71,56,12819,40.6,2.53,118,0.92,0.47,5945392,Stable,2026-02-21,Sitelinks,Informational,Organic,-15,43.8,1,1,2,1
3162,power bi interview questions,44,36,8416,78.3,10.36,298,3.54,0.3,7818778,Rising,2026-05-30,Featured Snippet,Commercial,Organic,-8,25.13,2,1,1,2
3163,google analytics examples,94,91,179,25.9,8.86,2,1.12,0.87,693289,Stable,2026-03-10,Reviews,Commercial,Organic,-3,23.18,2,1,2,6
3164,keyword research project,7,3,4495,48,3.1,867,19.29,0.87,1241945,Stable,2026-09-05,None,Transactional,Organic,-4,34.8,3,1,2,7
3165,keyword research templates,59,73,8712,57.2,2.31,188,2.16,0.37,2501759,Stable,2026-05-24,Featured Snippet,Informational,Organic,14,31.31,1,1,2,2
3166,seo analytics advanced,79,76,155,76.4,5.78,2,1.29,0.4,4613793,Declining,2026-01-17,Reviews,Informational,Organic,-3,8.07,1,1,3,6
3167,customer analytics guide,50,64,691,44.5,2.29,17,2.46,0.37,2081668,Declining,2026-01-05,Sitelinks,Transactional,Organic,14,19.33,3,1,3,1
3168,python pandas software,95,91,893,78.9,2.36,9,1.01,0.24,6772828,Stable,2026-04-22,Sitelinks,Informational,Organic,-4,8.64,1,1,2,1
3169,seo analytics software,68,76,3794,19.8,12,52,1.37,0.47,1150989,Rising,2026-04-16,People Also Ask,Commercial,Organic,8,32.33,2,1,1,3
3170,seo analytics advanced,81,71,187,37.2,7.03,1,0.53,0.88,3909656,Stable,2026-02-05,Featured Snippet,Informational,Organic,-10,19.49,1,1,2,2
3171,reporting dashboard,45,58,21029,64.5,1.19,541,2.57,0.82,4400432,Stable,2026-03-31,People Also Ask,Commercial,Featured Snippet,13,53.83,2,2,2,3
3172,data science dashboard,79,77,839,72.3,10.3,10,1.19,0.05,4875825,Rising,2026-08-04,Reviews,Commercial,Featured Snippet,-2,10.61,2,2,1,6
3173,data science for beginners,38,27,14235,48.5,1.41,650,4.57,0.79,567688,Stable,2026-07-01,Sitelinks,Transactional,Organic,-11,46.18,3,1,2,1
3174,dashboard certification,88,100,9478,68.6,3.9,126,1.33,0.36,6917482,Rising,2026-08-04,People Also Ask,Transactional,Organic,12,28.97,3,1,1,3
3175,excel tools,12,7,2459,66.6,3.95,342,13.91,0.75,1176419,Stable,2026-07-21,Reviews,Commercial,Featured Snippet,-5,22.31,2,2,2,6
3176,machine learning best practices,32,22,943,69.2,6.69,48,5.09,0.67,3534817,Stable,2026-02-17,Featured Snippet,Commercial,Organic,-10,13.82,2,1,2,2
3177,mysql training,80,81,2264,63.6,6.23,38,1.68,0.34,6984075,Rising,2026-08-26,Reviews,Informational,Organic,1,16.32,1,1,1,6
3178,mysql free,61,75,784,81.1,10.8,19,2.42,0.79,6968971,Stable,2026-02-19,Video,Informational,Featured Snippet,14,8.52,1,2,2,4
3179,content marketing training,32,39,1675,36.6,8.87,100,5.97,0.41,7023133,Stable,2026-01-30,Featured Snippet,Transactional,People Also Ask,7,25.53,3,3,2,2
3180,data analyst interview questions,93,90,1997,84.9,6.99,16,0.8,0.93,5752324,Stable,2026-01-25,Video,Commercial,Organic,-3,8.93,2,1,2,4
3181,content marketing dashboard,18,15,1047,79.3,7.85,101,9.65,0.31,5460096,Declining,2026-04-11,Image Pack,Commercial,Organic,-3,13.43,2,1,3,5
3182,business intelligence skills,75,85,1470,10.4,0.99,17,1.16,0.9,4008502,Stable,2026-04-21,Image Pack,Transactional,Organic,10,30.42,3,1,2,5
3183,business intelligence advanced,81,86,516,55.3,6.17,5,0.97,0.84,1025121,Stable,2026-09-02,Image Pack,Informational,Organic,5,14.95,1,1,2,5
3184,data analyst certification,68,83,205,39,5.17,1,0.49,0.96,3562118,Stable,2026-06-13,Reviews,Informational,Organic,15,18.97,1,1,2,6
3185,seo analytics templates,12,7,590,59.2,2.18,110,18.64,0.83,7003965,Stable,2026-02-11,Video,Navigational,Organic,-5,23.33,4,1,2,4
3186,business intelligence tools,79,88,3991,55.5,1.57,42,1.05,0.8,4013498,Declining,2026-04-04,None,Transactional,Organic,9,21.84,3,1,3,7
3187,machine learning free,55,61,1115,78.9,10.56,25,2.24,0.45,6237048,Rising,2026-04-20,Image Pack,Informational,Organic,6,9.74,1,1,1,5
3188,excel skills,33,35,15048,23.8,1.3,1125,7.48,0.32,2027333,Stable,2026-04-07,Featured Snippet,Informational,Organic,2,56.76,1,1,2,2
3189,data science project,76,74,16474,45.3,5.46,204,1.24,0.71,2575620,Rising,2026-03-14,Sitelinks,Commercial,Video,-2,49.82,2,4,1,1
3190,data science dashboard,79,81,9885,70.7,10.75,162,1.64,0.93,7675547,Rising,2026-01-21,None,Informational,Organic,2,29.32,1,1,1,7
3191,sql skills,9,1,1234,40.3,0.84,229,18.56,0.7,5033341,Declining,2026-04-23,Image Pack,Commercial,Organic,-8,30.24,2,1,3,5
3192,data science free,11,3,760,37.2,3.01,159,20.92,0.92,6259071,Rising,2026-02-14,Sitelinks,Commercial,Featured Snippet,-8,31.48,2,2,1,1
3193,python pandas templates,94,100,10888,43.7,4.71,74,0.68,0.72,532481,Stable,2026-09-13,Reviews,Informational,Organic,6,38.9,1,1,2,6
3194,reporting training,28,25,3895,49,3.22,222,5.7,0.74,7936233,Stable,2026-04-14,Image Pack,Commercial,Organic,-3,26.08,2,1,2,5
3195,excel online,24,31,133,27.4,11.02,12,9.02,0.28,5949078,Stable,2026-09-02,Reviews,Commercial,Video,7,26.84,2,4,2,6
3196,data science dashboard,88,96,635,83.2,2.69,7,1.1,0.42,7228868,Stable,2026-02-19,None,Navigational,Video,8,6.89,4,4,2,7
3197,data science online,66,66,24015,59.8,6.41,339,1.41,0.85,5080658,Stable,2026-07-02,Video,Transactional,Organic,0,60.56,3,1,2,4
3198,excel project,77,64,4026,58.1,3.67,33,0.82,0.1,3129479,Stable,2026-04-01,None,Informational,Organic,-13,21.01,1,1,2,7
3199,content marketing certification,3,5,16487,67.8,8.88,3441,20.87,0.51,4230614,Stable,2026-09-24,None,Commercial,Image,2,53.55,2,5,2,7
3200,reporting advanced,68,62,356,28.3,11.32,6,1.69,0.65,7969100,Declining,2026-03-13,People Also Ask,Informational,Organic,-6,23.12,1,1,3,3
3201,data visualization tutorial,94,93,1923,17.6,9.72,9,0.47,0.58,4881474,Stable,2026-01-28,Featured Snippet,Transactional,Organic,-1,28.79,3,1,2,2
3202,dashboard best practices,89,76,107,72.9,11.31,1,0.93,0.73,3927256,Rising,2026-06-12,Featured Snippet,Commercial,Organic,-13,8.84,2,1,1,2
3203,mysql guide,9,1,22063,45.9,5.99,5213,23.63,0.93,1730051,Rising,2026-06-14,Video,Transactional,Image,-8,72.67,3,5,1,4
3204,machine learning certification,45,53,1083,83.3,7.6,34,3.14,0.82,5197940,Declining,2026-07-05,Featured Snippet,Navigational,Organic,8,8.83,4,1,3,2
3205,power bi tutorial,67,76,1655,13.4,0.76,36,2.18,0.31,7821066,Stable,2026-04-21,Video,Transactional,Organic,9,30.43,3,1,2,4
3206,machine learning free,93,85,603,33.9,7.68,3,0.5,0.64,1166545,Stable,2026-09-04,None,Transactional,Organic,-8,21.29,3,1,2,7
3207,sql free,61,65,15242,68.2,3.67,267,1.75,0.62,968659,Declining,2026-09-11,Featured Snippet,Commercial,Organic,4,40.77,2,1,3,2
3208,python pandas tools,91,86,266,71.3,11.82,3,1.13,0.58,2040361,Rising,2026-05-21,Reviews,Informational,People Also Ask,-5,9.74,1,3,1,6
3209,digital marketing advanced,50,61,227,43.6,7.8,5,2.2,0.42,1539259,Rising,2026-06-29,Video,Informational,Organic,11,18.54,1,1,1,4
3210,customer analytics best practices,100,100,1628,71.6,10.2,12,0.74,0.76,3807420,Stable,2026-08-26,Sitelinks,Informational,Organic,0,12.15,1,1,2,1
3211,dashboard dashboard,89,94,10011,49.4,8.71,105,1.05,0.76,4017771,Rising,2026-03-07,Featured Snippet,Commercial,Organic,5,35.64,2,1,1,2
3212,tableau jobs,95,88,935,45.4,11.89,5,0.53,0.71,282901,Stable,2026-09-12,Image Pack,Commercial,Organic,-7,18.52,2,1,2,5
3213,seo analytics best practices,44,55,7322,57.7,7.97,271,3.7,0.66,6624915,Rising,2026-09-19,Video,Commercial,Organic,11,29.22,2,1,1,4
3214,business intelligence jobs,1,1,19924,23.3,6.72,5995,30.09,0.07,5543389,Stable,2026-07-10,Reviews,Transactional,Organic,0,78.64,3,1,2,6
3215,seo analytics skills,62,69,23902,80.9,2.73,386,1.61,0.95,2445382,Rising,2026-09-16,Sitelinks,Informational,Organic,7,54.11,1,1,1,1
3216,content marketing interview questions,48,33,753,23.1,4.84,26,3.45,0.4,6130915,Stable,2026-06-11,People Also Ask,Navigational,Organic,-15,26.4,4,1,2,3
3217,mysql training,13,7,6443,86.6,5.18,1067,16.56,0.51,3542070,Rising,2026-03-19,None,Commercial,Organic,-6,25.64,2,1,1,7
3218,data science tools,8,1,439,52,10.18,102,23.23,0.31,5105898,Stable,2026-05-03,Image Pack,Commercial,Organic,-7,27.64,2,1,2,5
3219,data science templates,32,38,10280,73.6,9.24,487,4.74,0.23,3679640,Stable,2026-09-20,Featured Snippet,Commercial,Featured Snippet,6,30.88,2,2,2,2
3220,marketing analytics advanced,68,57,1588,86.8,2.68,29,1.83,0.56,7306194,Stable,2026-04-03,Reviews,Informational,Organic,-11,8.09,1,1,2,6
3221,data science templates,91,96,6919,53.5,5.99,79,1.14,0.16,4908336,Rising,2026-09-22,People Also Ask,Navigational,Organic,5,28.31,4,1,1,3
3222,data analyst dashboard,27,41,823,82.7,9.4,49,5.95,0.42,1400943,Stable,2026-07-29,Reviews,Commercial,Organic,14,9.99,2,1,2,6
3223,sql tutorial,58,55,3059,88.5,9.72,60,1.96,0.47,5753632,Stable,2026-09-04,Sitelinks,Commercial,Organic,-3,10.57,2,1,2,1
3224,reporting tutorial,46,51,8051,82.6,6.12,346,4.3,0.26,457408,Rising,2026-09-06,People Also Ask,Informational,Organic,5,23.52,1,1,1,3
3225,digital marketing salary,50,38,119,29.3,3.5,3,2.52,0.23,2931435,Stable,2026-05-21,None,Commercial,Organic,-12,22.79,2,1,2,7
3226,tableau guide,11,2,553,11.7,3.01,93,16.82,0.3,3343054,Rising,2026-06-28,Video,Transactional,People Also Ask,-9,36.54,3,3,1,4
3227,marketing analytics skills,5,1,2393,84.3,8.54,583,24.36,0.72,2968291,Stable,2026-01-05,Sitelinks,Commercial,People Also Ask,-4,22.43,2,3,2,1
3228,marketing analytics best practices,56,69,16235,55.5,9.45,477,2.94,0.87,2641512,Rising,2026-06-17,Sitelinks,Transactional,Organic,13,47.19,3,1,1,1
3229,seo analytics online,97,96,15415,67.7,5.96,118,0.77,0.94,2708427,Declining,2026-05-31,Image Pack,Commercial,Organic,-1,40.75,2,1,3,5
3230,power bi free,64,72,8989,45.6,1.88,126,1.4,0.34,7278116,Stable,2026-02-13,None,Navigational,Video,8,34.94,4,4,2,7
3231,machine learning tutorial,2,1,2123,46.8,4.49,696,32.78,0.84,6478474,Declining,2026-08-29,None,Transactional,Organic,-1,37.63,3,1,3,7
3232,dashboard training,69,76,132,18.7,4.43,2,1.52,0.61,276202,Declining,2026-09-22,None,Informational,Featured Snippet,7,25.46,1,2,3,7
3233,power bi free,44,56,73,42.2,10.33,3,4.11,0.94,3054394,Declining,2026-06-27,Image Pack,Informational,Organic,12,19.67,1,1,3,5
3234,data visualization salary,34,27,1423,44.9,2.36,56,3.94,0.75,4381448,Stable,2026-05-24,None,Informational,Organic,-7,21.46,1,1,2,7
3235,dashboard advanced,48,53,267,42.2,7.28,5,1.87,0.57,2671285,Stable,2026-01-22,Video,Informational,Featured Snippet,5,18.87,1,2,2,4
3236,tableau templates,48,55,141,44.5,9.84,3,2.13,0.79,6501066,Stable,2026-09-06,People Also Ask,Informational,People Also Ask,7,18.06,1,3,2,3
3237,excel tools,59,70,1109,64.9,7.02,27,2.43,0.19,2348081,Rising,2026-08-14,None,Commercial,Organic,11,14.03,2,1,1,7
3238,dashboard advanced,51,40,5517,85.1,0.29,157,2.85,0.1,1327164,Stable,2026-01-25,People Also Ask,Informational,Organic,-11,16.96,1,1,2,3
3239,business intelligence certification,74,62,578,14.3,8.48,8,1.38,0.55,3484100,Rising,2026-02-04,Image Pack,Navigational,Organic,-12,27.59,4,1,1,5
3240,data analyst templates,31,33,1894,34.6,1.02,153,8.08,0.65,7548458,Stable,2026-07-10,People Also Ask,Commercial,Organic,2,27.69,2,1,2,3
3241,data science tutorial,44,41,1614,12.2,9.47,71,4.4,0.42,252879,Stable,2026-06-08,People Also Ask,Commercial,People Also Ask,-3,31.89,2,3,2,3
3242,content marketing course,13,2,14940,27.7,4.15,2489,16.66,0.86,3575569,Rising,2026-07-04,Sitelinks,Navigational,Organic,-11,60.26,4,1,1,1
3243,marketing analytics software,83,79,18367,36.4,6.55,253,1.38,0.5,5656452,Rising,2026-02-19,Image Pack,Informational,Organic,-4,56.33,1,1,1,5
3244,mysql salary,73,84,5833,25.3,10.46,55,0.94,0.78,5909030,Declining,2026-01-10,Image Pack,Informational,Organic,11,34.51,1,1,3,5
3245,tableau examples,64,51,831,64,2.89,7,0.84,0.64,583620,Stable,2026-08-02,None,Commercial,Organic,-13,12.9,2,1,2,7
3246,mysql dashboard,81,95,3881,27.5,10.3,34,0.88,0.97,2098260,Declining,2026-07-09,Featured Snippet,Informational,Organic,14,29.93,1,1,3,2
3247,data analyst dashboard,40,37,1008,69,2.33,44,4.37,0.8,3451399,Stable,2026-07-21,Video,Transactional,Organic,-3,13.63,3,1,2,4
3248,keyword research for beginners,6,1,120,82.6,6.99,32,26.67,0.76,4446910,Stable,2026-07-10,None,Transactional,Video,-5,19.65,3,4,2,7
3249,keyword research examples,29,35,6956,69.7,11.67,374,5.38,0.65,7698753,Stable,2026-05-21,Image Pack,Navigational,Video,6,25.78,4,4,2,5
3250,seo analytics online,67,79,188,70.6,7.69,2,1.06,0.33,3535949,Rising,2026-06-24,People Also Ask,Informational,Organic,12,9.76,1,1,1,3
3251,data analyst best practices,47,45,668,41.3,6.53,23,3.44,0.34,2793740,Stable,2026-07-24,Featured Snippet,Commercial,People Also Ask,-2,20.77,2,3,2,2
3252,tableau best practices,47,51,10580,59.5,0.74,300,2.84,0.92,6420728,Rising,2026-02-22,None,Commercial,Organic,4,34.7,2,1,1,7
3253,tableau examples,66,78,1129,18.6,7.85,11,0.97,0.2,4230463,Stable,2026-06-21,Image Pack,Navigational,Organic,12,27.18,4,1,2,5
3254,business intelligence dashboard,12,18,1136,26,8.2,176,15.49,0.82,7580676,Declining,2026-03-25,Video,Commercial,Organic,6,32.7,2,1,3,4
3255,seo analytics project,59,70,10016,45.6,9.03,174,1.74,0.81,1059899,Stable,2026-02-08,Image Pack,Commercial,People Also Ask,11,37.16,2,3,2,5
3256,customer analytics jobs,22,18,5411,63.3,6.37,658,12.16,0.67,1136936,Stable,2026-06-10,Reviews,Commercial,Organic,-4,28.24,2,1,2,6
3257,data analyst online,58,52,2675,79.2,2.5,55,2.06,0.44,6017676,Stable,2026-06-24,Video,Commercial,Organic,-6,12.65,2,1,2,4
3258,power bi guide,16,17,974,31,4.08,93,9.55,0.35,2803193,Rising,2026-03-06,People Also Ask,Informational,Video,1,27.72,1,4,1,3
3259,marketing analytics best practices,31,25,4378,15.3,5.23,317,7.24,0.1,6689564,Stable,2026-05-09,Image Pack,Navigational,Organic,-6,37.97,4,1,2,5
3260,keyword research dashboard,32,32,24700,77.5,0.44,1470,5.95,0.14,3595963,Stable,2026-07-14,Reviews,Navigational,Image,0,59.02,4,5,2,6
3261,content marketing free,30,21,2993,87.7,3.39,158,5.28,0.3,5108462,Stable,2026-01-08,Image Pack,Informational,Organic,-9,12.45,1,1,2,5
3262,content marketing free,83,71,16439,82.3,1.4,150,0.91,0.6,5586466,Stable,2026-09-30,None,Informational,Organic,-12,38.48,1,1,2,7
3263,business intelligence guide,71,57,2467,41.5,8.77,44,1.78,0.55,2081701,Stable,2026-02-05,Video,Transactional,Organic,-14,23.4,3,1,2,4
3264,python pandas interview questions,92,82,925,11.9,7.22,4,0.43,0.79,5843008,Stable,2026-05-09,People Also Ask,Informational,Organic,-10,28.5,1,1,2,3
3265,data analyst guide,86,71,950,67.9,8.15,11,1.16,0.84,3939384,Rising,2026-01-15,Featured Snippet,Commercial,People Also Ask,-15,12.14,2,3,1,2
3266,machine learning salary,59,49,422,49.7,10.03,7,1.66,0.3,1818819,Declining,2026-07-17,Sitelinks,Informational,Organic,-10,16.81,1,1,3,1
3267,mysql training,46,37,1935,23.1,9.14,60,3.1,0.6,608890,Stable,2026-06-26,None,Informational,Image,-9,28.57,1,5,2,7
3268,mysql dashboard,99,93,1151,64.2,4.29,11,0.96,0.19,662044,Stable,2026-02-01,Reviews,Informational,Organic,-6,13.54,1,1,2,6
3269,mysql jobs,60,53,119,17.2,7.93,2,1.68,0.41,910796,Rising,2026-02-15,Reviews,Informational,Organic,-7,25.97,1,1,1,6
3270,seo analytics tutorial,83,92,594,83.9,10.65,3,0.51,0.44,4412143,Stable,2026-04-04,Featured Snippet,Informational,Organic,9,6.28,1,1,2,2
3271,content marketing interview questions,78,92,6650,61.7,3.97,78,1.17,0.9,4608811,Rising,2026-02-02,Reviews,Commercial,People Also Ask,14,25.33,2,3,1,6
3272,keyword research jobs,77,70,8093,38.4,4.52,60,0.74,0.78,4202083,Declining,2026-06-20,Video,Informational,Organic,-7,34.96,1,1,3,4
3273,data science best practices,55,51,2222,16.4,0.24,44,1.98,0.28,5223269,Declining,2026-09-22,Video,Informational,Organic,-4,30.55,1,1,3,4
3274,digital marketing jobs,10,4,1215,27.2,9.55,253,20.82,0.36,6316456,Rising,2026-09-17,Image Pack,Transactional,Organic,-6,35.34,3,1,1,5
3275,tableau online,26,28,14202,22.1,10.44,1170,8.24,0.23,2864464,Rising,2026-06-23,Featured Snippet,Navigational,Organic,2,55.99,4,1,1,2
3276,data science dashboard,88,82,1987,78,11.3,18,0.91,0.59,4607580,Stable,2026-03-19,Reviews,Informational,Organic,-6,11.03,1,1,2,6
3277,content marketing free,100,95,2648,11.4,0.75,26,0.98,0.25,358042,Rising,2026-02-22,Reviews,Informational,Organic,-5,32.37,1,1,1,6
3278,content marketing certification,23,11,2234,28,2.45,258,11.55,0.14,7814204,Declining,2026-07-29,None,Informational,Organic,-12,32.19,1,1,3,7
3279,python pandas certification,38,31,1263,48,4.17,45,3.56,0.83,3263569,Stable,2026-08-14,Video,Commercial,People Also Ask,-7,20.01,2,3,2,4
3280,sql certification,82,78,6162,24.3,6.53,55,0.89,0.71,3267305,Stable,2026-05-18,Video,Commercial,Organic,-4,35.43,2,1,2,4
3281,business intelligence guide,95,98,14972,12.8,10.57,85,0.57,0.48,1572709,Stable,2026-02-21,People Also Ask,Informational,Organic,3,56.23,1,1,2,3
3282,mysql for beginners,94,94,2294,22.9,4.7,38,1.66,0.36,2416623,Declining,2026-04-30,Sitelinks,Commercial,Featured Snippet,0,28.57,2,2,3,1
3283,customer analytics best practices,66,70,223,39.8,5.88,3,1.35,0.58,3257445,Stable,2026-04-22,Reviews,Commercial,Organic,4,19.22,2,1,2,6
3284,dashboard certification,81,84,1093,75.4,8.25,7,0.64,0.27,5343624,Stable,2026-01-05,Sitelinks,Informational,Organic,3,9.89,1,1,2,1
3285,keyword research certification,64,76,1595,41.7,2.77,33,2.07,0.36,1781061,Declining,2026-01-18,Featured Snippet,Commercial,People Also Ask,12,21.76,2,3,3,2
3286,reporting guide,53,68,2102,74.7,11.24,48,2.28,0.75,1857737,Rising,2026-03-24,Sitelinks,Informational,Organic,15,12.98,1,1,1,1
3287,google analytics software,97,84,1190,30.2,5.65,18,1.51,0.74,5538402,Rising,2026-04-13,Sitelinks,Informational,Organic,-13,24.11,1,1,1,1
3288,data science tools,85,71,940,89.9,9.32,9,0.96,0.09,7381210,Stable,2026-06-19,Image Pack,Informational,Organic,-14,5.41,1,1,2,5
3289,business intelligence skills,67,61,703,22.9,1.38,12,1.71,0.21,991082,Stable,2026-08-10,Sitelinks,Commercial,Organic,-6,25.44,2,1,2,1
3290,data analyst templates,66,54,3655,31.8,7.91,82,2.24,0.73,5026846,Rising,2026-03-05,None,Navigational,Featured Snippet,-12,28.92,4,2,1,7
3291,seo analytics course,46,56,109,11.1,1.13,2,1.83,0.64,5778402,Declining,2026-07-25,Featured Snippet,Transactional,Organic,10,27.86,3,1,3,2
3292,data visualization jobs,53,47,2384,65.4,8.33,71,2.98,0.22,2856461,Stable,2026-07-23,Sitelinks,Transactional,Organic,-6,16.71,3,1,2,1
3293,data analyst for beginners,11,10,1195,32.1,4.54,212,17.74,0.71,5911643,Declining,2026-09-28,Reviews,Informational,Organic,-1,32.19,1,1,3,6
3294,mysql best practices,65,77,356,17.8,7.84,3,0.84,0.79,6199942,Stable,2026-05-13,Featured Snippet,Transactional,Organic,12,25.81,3,1,2,2
3295,reporting free,1,1,112,77.4,7.13,31,27.68,0.28,6960916,Rising,2026-06-12,Image Pack,Informational,Organic,0,21.73,1,1,1,5
3296,business intelligence training,16,15,79,77.6,10.76,10,12.66,0.05,3236355,Rising,2026-05-01,Video,Transactional,Video,-1,13.61,3,4,1,4
3297,customer analytics interview questions,24,33,1258,16.9,1.83,103,8.19,0.28,393535,Rising,2026-04-06,People Also Ask,Navigational,Organic,9,31.79,4,1,1,3
3298,tableau examples,57,66,1341,15.4,11.1,29,2.16,0.39,4839805,Stable,2026-05-29,Image Pack,Transactional,Organic,9,29.2,3,1,2,5
3299,data visualization salary,53,58,1676,39.4,10.62,37,2.21,0.63,7975106,Stable,2026-06-09,Reviews,Commercial,Organic,5,22.69,2,1,2,6
3300,content marketing guide,82,77,1040,66.8,5.3,6,0.58,0.44,7274215,Rising,2026-02-12,Reviews,Navigational,Organic,-5,12.34,4,1,1,6
3301,data visualization online,97,100,424,80.5,8.31,5,1.18,0.35,1658340,Stable,2026-08-17,None,Commercial,Organic,3,7.32,2,1,2,7
3302,digital marketing templates,53,49,3057,54,11.98,52,1.7,0.68,4070346,Declining,2026-07-18,People Also Ask,Informational,Organic,-4,20.78,1,1,3,3
3303,sql salary,26,40,24510,69,1.1,1544,6.3,0.3,3789707,Rising,2026-08-20,People Also Ask,Informational,Organic,14,61.38,1,1,1,3
3304,python pandas free,82,67,924,55.7,3.18,15,1.62,0.17,7598646,Stable,2026-04-13,None,Navigational,Video,-15,15.99,4,4,2,7
3305,data visualization interview questions,20,28,166,79.9,11.38,15,9.04,0.32,3222653,Stable,2026-09-04,Image Pack,Navigational,Organic,8,11.17,4,1,2,5
3306,seo analytics guide,62,67,485,51.1,8.57,6,1.24,0.7,1807764,Rising,2026-03-11,None,Informational,Organic,5,16.29,1,1,1,7
3307,data visualization best practices,86,98,2353,55.3,1.03,30,1.27,0.14,4412532,Rising,2026-08-24,People Also Ask,Commercial,Organic,12,18.76,2,1,1,3
3308,tableau tutorial,27,29,1108,36.1,8.35,98,8.84,0.53,1634610,Rising,2026-09-14,Video,Commercial,Organic,2,26.08,2,1,1,4
3309,sql project,100,87,109,40.4,1.03,1,0.92,0.63,1681921,Stable,2026-08-20,Image Pack,Commercial,Video,-13,18.59,2,4,2,5
3310,marketing analytics skills,6,4,5683,14.4,8.5,1149,20.22,0.75,3964580,Declining,2026-02-06,Sitelinks,Informational,Organic,-2,47.74,1,1,3,1
3311,business intelligence course,84,73,1049,60,11.52,15,1.43,0.71,6602363,Stable,2026-03-13,Image Pack,Commercial,Image,-11,14.85,2,5,2,5
3312,power bi interview questions,20,9,585,26.4,4.59,54,9.23,0.59,5014841,Stable,2026-02-24,Reviews,Informational,Organic,-11,28.16,1,1,2,6
3313,reporting advanced,64,73,18516,73.6,6.58,362,1.96,0.46,7931883,Stable,2026-08-13,Image Pack,Transactional,Organic,9,45.78,3,1,2,5
3314,data analyst for beginners,92,86,395,71.6,9.76,5,1.27,0.36,2575802,Stable,2026-09-18,Video,Informational,Organic,-6,9.98,1,1,2,4
3315,data analyst guide,20,31,96,15.2,8.18,11,11.46,0.33,4615006,Stable,2026-09-16,Reviews,Commercial,Organic,11,31.73,2,1,2,6
3316,dashboard online,11,1,565,10.4,3.41,85,15.04,0.16,2458696,Rising,2026-03-01,None,Navigational,Organic,-10,36.01,4,1,1,7
3317,mysql advanced,53,45,571,37,0.22,16,2.8,0.59,2850180,Declining,2026-05-25,Featured Snippet,Transactional,Organic,-8,21.53,3,1,3,2
3318,excel advanced,22,25,6603,87.2,1.88,823,12.46,0.66,6145060,Rising,2026-07-29,Sitelinks,Commercial,Organic,3,23.6,2,1,1,1
3319,tableau jobs,35,46,106,52.1,4.1,7,6.6,0.67,3537179,Rising,2026-09-17,Sitelinks,Informational,Organic,11,18.09,1,1,1,1
3320,keyword research free,92,98,753,29.4,5.05,4,0.53,0.74,4887641,Rising,2026-06-17,Featured Snippet,Informational,People Also Ask,6,22.96,1,3,1,2
3321,customer analytics dashboard,68,64,252,28.7,6.02,2,0.79,0.44,6341507,Rising,2026-08-11,Video,Transactional,Organic,-4,22.31,3,1,1,4
3322,data science certification,25,15,16049,14.7,10.84,1712,10.67,0.83,5261288,Declining,2026-09-24,None,Transactional,People Also Ask,-10,63.18,3,3,3,7
3323,keyword research certification,13,15,1601,83.3,9.95,213,13.3,0.09,1692299,Stable,2026-05-08,People Also Ask,Commercial,Organic,2,15.27,2,1,2,3
3324,google analytics online,21,22,5682,72.8,11.55,705,12.41,0.7,2825454,Rising,2026-02-11,Video,Commercial,Organic,1,26.06,2,1,1,4
3325,power bi salary,58,46,2185,24.4,6.44,48,2.2,0.87,4198156,Stable,2026-08-24,Sitelinks,Commercial,People Also Ask,-12,28.19,2,3,2,1
3326,business intelligence for beginners,30,24,3505,45.5,0.74,183,5.22,0.82,5987927,Rising,2026-04-30,Sitelinks,Navigational,Organic,-6,26.1,4,1,1,1
3327,data visualization online,22,37,170,66.3,8.43,14,8.24,0.64,6874893,Declining,2026-06-04,Reviews,Informational,Organic,15,14.83,1,1,3,6
3328,seo analytics project,49,52,3218,57.1,1.93,80,2.49,0.33,7469997,Stable,2026-01-11,Sitelinks,Commercial,Organic,3,20.59,2,1,2,1
3329,reporting training,32,25,1057,30.7,7.5,44,4.16,0.64,1872919,Stable,2026-07-19,None,Informational,Organic,-7,25.11,1,1,2,7
3330,google analytics certification,50,56,17664,68.7,10.29,486,2.75,0.68,1256785,Stable,2026-01-16,Image Pack,Commercial,Organic,6,45.97,2,1,2,5
3331,seo analytics online,10,11,214,55.9,7.33,33,15.42,0.89,634869,Stable,2026-03-14,None,Navigational,Organic,1,21.86,4,1,2,7
3332,mysql jobs,11,21,997,42.8,2.51,144,14.44,0.71,4746668,Stable,2026-05-20,Image Pack,Commercial,Organic,10,26.83,2,1,2,5
3333,excel free,95,100,652,15.5,7.56,2,0.31,0.8,3503129,Declining,2026-07-12,Featured Snippet,Transactional,Organic,5,26.81,3,1,3,2
3334,customer analytics software,72,75,1031,51.1,3.15,18,1.75,0.1,6472610,Stable,2026-07-07,Reviews,Commercial,People Also Ask,3,17.65,2,3,2,6
3335,data visualization best practices,41,38,1453,82.5,3.48,54,3.72,0.42,3768893,Stable,2026-02-27,Sitelinks,Transactional,Organic,-3,10.12,3,1,2,1
3336,data science course,14,15,20879,65.4,7.59,2624,12.57,0.4,3497545,Stable,2026-04-06,None,Navigational,Organic,1,58.58,4,1,2,7
3337,content marketing skills,18,14,2984,38,8.59,476,15.95,0.27,2908294,Declining,2026-09-20,Reviews,Informational,Organic,-4,33.02,1,1,3,6
3338,marketing analytics best practices,9,10,2341,63.5,7.7,380,16.23,0.06,2172380,Rising,2026-03-16,Featured Snippet,Commercial,People Also Ask,1,24.24,2,3,1,2
3339,data science for beginners,48,39,639,19.9,8.34,13,2.03,0.9,4444237,Declining,2026-01-05,Image Pack,Informational,Organic,-9,26.38,1,1,3,5
3340,machine learning free,54,50,4582,68.8,10.74,130,2.84,0.15,2571502,Declining,2026-08-10,People Also Ask,Transactional,Organic,-4,19.98,3,1,3,3
3341,content marketing interview questions,71,71,117,75.3,7.25,1,0.85,0.18,7353224,Stable,2026-01-04,People Also Ask,Informational,Organic,0,8.09,1,1,2,3
3342,sql templates,98,100,212,25.4,6.36,2,0.94,0.56,3167062,Stable,2026-08-01,Sitelinks,Informational,Organic,2,23.3,1,1,2,1
3343,mysql free,9,8,18366,24.8,5.05,3780,20.58,0.33,5451745,Rising,2026-07-16,Image Pack,Informational,People Also Ask,-1,70.03,1,3,1,5
3344,customer analytics templates,60,74,5404,17,7.71,61,1.13,0.36,1478076,Stable,2026-08-30,Sitelinks,Informational,Featured Snippet,14,36.25,1,2,2,1
3345,data science skills,44,30,1501,31.2,10.14,53,3.53,0.95,6977502,Declining,2026-09-30,Reviews,Transactional,Organic,-14,25.5,3,1,3,6
3346,marketing analytics advanced,92,88,77,81,1.53,0,0,0.11,7383479,Declining,2026-02-11,People Also Ask,Transactional,Organic,-4,5.85,3,1,3,3
3347,machine learning examples,80,91,15033,78.7,2.7,291,1.94,0.56,6161281,Rising,2026-06-09,Sitelinks,Informational,Organic,11,37.31,1,1,1,1
3348,data science for beginners,56,62,15069,38.6,5.39,312,2.07,0.67,3955870,Rising,2026-01-25,Image Pack,Commercial,Organic,6,49.48,2,1,1,5
3349,seo analytics skills,100,94,977,50,9.68,6,0.61,0.83,7816976,Declining,2026-01-22,None,Navigational,Organic,-6,17.27,4,1,3,7
3350,reporting guide,72,70,208,74.2,8.05,2,0.96,0.58,223265,Stable,2026-09-14,None,Transactional,Video,-2,8.66,3,4,2,7
3351,digital marketing guide,58,56,205,57.7,4.59,2,0.98,0.72,2938556,Stable,2026-03-25,People Also Ask,Commercial,Organic,-2,13.62,2,1,2,3
3352,sql tutorial,93,98,5788,52.1,4.29,86,1.49,0.97,2878760,Rising,2026-01-29,None,Informational,Organic,5,26.67,1,1,1,7
3353,content marketing best practices,99,96,10401,85.6,4.62,70,0.67,0.4,1407102,Declining,2026-04-06,Sitelinks,Informational,Organic,-3,25.36,1,1,3,1
3354,customer analytics advanced,23,34,4242,66,3.98,310,7.31,0.26,3929248,Stable,2026-01-15,Reviews,Commercial,Organic,11,22.52,2,1,2,6
3355,business intelligence salary,94,87,6931,25.5,9.36,42,0.61,0.92,7349273,Stable,2026-09-01,Image Pack,Navigational,Video,-7,36.45,4,4,2,5
3356,google analytics for beginners,42,33,447,87.4,3.66,15,3.36,0.97,4913721,Declining,2026-01-19,Video,Commercial,Organic,-9,6.46,2,1,3,4
3357,seo analytics best practices,45,46,1760,45.1,4.59,60,3.41,0.78,4737816,Rising,2026-08-18,Image Pack,Informational,Organic,1,21.78,1,1,1,5
3358,python pandas templates,86,88,1145,37.7,2.37,15,1.31,0.25,1041353,Stable,2026-09-04,Image Pack,Informational,Organic,2,21.66,1,1,2,5
3359,sql examples,37,39,3496,45.3,5.45,134,3.83,0.47,5824268,Declining,2026-01-10,Featured Snippet,Informational,Organic,2,25.4,1,1,3,2
3360,data visualization free,63,75,10914,87.5,10.52,209,1.91,0.54,3179748,Stable,2026-05-25,Reviews,Navigational,Image,12,26.47,4,5,2,6
3361,keyword research course,86,97,1544,87.4,4.96,7,0.45,0.25,6218707,Stable,2026-09-30,Reviews,Informational,Organic,11,7.09,1,1,2,6
3362,excel software,30,17,372,81.4,8.18,23,6.18,0.64,4114047,Declining,2026-01-25,Image Pack,Transactional,Featured Snippet,-13,9.61,3,2,3,5
3363,marketing analytics best practices,41,51,268,30.3,10.09,13,4.85,0.15,309796,Stable,2026-06-29,Image Pack,Informational,Organic,10,24.02,1,1,2,5
3364,power bi certification,89,84,1776,23.2,4.77,7,0.39,0.99,7663078,Stable,2026-03-20,Reviews,Commercial,Featured Snippet,-5,26.78,2,2,2,6
3365,content marketing free,72,71,1074,19.2,6.61,12,1.12,0.22,6425264,Stable,2026-03-05,Sitelinks,Informational,Organic,-1,26.97,1,1,2,1
3366,power bi tutorial,19,6,16103,51.5,0.58,1931,11.99,0.47,5549009,Declining,2026-06-20,People Also Ask,Commercial,Organic,-13,52.95,2,1,3,3
3367,seo analytics dashboard,20,22,430,58.5,2.42,54,12.56,0.11,6377719,Stable,2026-08-01,Video,Commercial,Featured Snippet,2,19.99,2,2,2,4
3368,digital marketing templates,67,59,1667,61.3,6.39,23,1.38,0.76,1809252,Stable,2026-08-21,People Also Ask,Commercial,Featured Snippet,-8,15.66,2,2,2,3
3369,tableau salary,61,49,9992,14.3,1.89,217,2.17,0.62,2357570,Stable,2026-01-15,Image Pack,Informational,Organic,-12,46.73,1,1,2,5
3370,data analyst advanced,39,38,4194,14.4,5.12,193,4.6,0.43,7881225,Stable,2026-09-30,Image Pack,Commercial,Organic,-1,36.47,2,1,2,5
3371,digital marketing examples,98,92,2671,87.6,1.17,34,1.27,0.8,5561189,Rising,2026-03-30,Video,Informational,Organic,-6,9.71,1,1,1,4
3372,dashboard tutorial,76,77,235,21.5,0.65,3,1.28,0.67,7904229,Stable,2026-09-17,People Also Ask,Informational,Organic,1,24.7,1,1,2,3
3373,digital marketing tutorial,42,36,240,63.5,2.15,6,2.5,0.77,6904974,Stable,2026-09-01,People Also Ask,Informational,Organic,-6,12.76,1,1,2,3
3374,power bi dashboard,23,13,18029,48.1,3.59,1774,9.84,0.32,1453962,Stable,2026-05-12,Image Pack,Informational,Organic,-10,56.65,1,1,2,5
3375,machine learning tools,100,86,638,88.8,6.63,6,0.94,0.29,3683407,Stable,2026-09-04,Featured Snippet,Informational,Organic,-14,5.13,1,1,2,2
3376,keyword research for beginners,23,10,7967,69.5,9.19,801,10.05,0.56,1281049,Rising,2026-03-11,Reviews,Commercial,Organic,-13,30.34,2,1,1,6
3377,content marketing software,65,66,8510,68.8,2.19,107,1.26,0.16,1066328,Declining,2026-06-18,Video,Informational,Organic,1,26.95,1,1,3,4
3378,power bi interview questions,64,75,9539,68.4,8.69,160,1.68,0.84,2178530,Stable,2026-06-25,People Also Ask,Transactional,Video,11,29.34,3,4,2,3
3379,keyword research templates,57,44,172,18.8,9.74,3,1.74,0.54,3994419,Rising,2026-01-22,Featured Snippet,Informational,Organic,-13,25.63,1,1,1,2
3380,seo analytics skills,77,85,2640,55.8,3.5,26,0.98,0.53,5728215,Declining,2026-01-08,Featured Snippet,Transactional,Organic,8,19.03,3,1,3,2
3381,content marketing online,92,92,482,64.5,8.4,3,0.62,0.23,5143989,Stable,2026-07-19,People Also Ask,Informational,Featured Snippet,0,11.94,1,2,2,3
3382,data visualization training,71,80,3809,84.3,6.29,50,1.31,0.28,7811699,Declining,2026-06-07,Image Pack,Navigational,Organic,9,12.98,4,1,3,5
3383,reporting skills,75,82,5614,68.7,7.64,70,1.25,0.64,2283360,Stable,2026-05-03,People Also Ask,Informational,Organic,7,21.22,1,1,2,3
3384,keyword research course,23,10,260,80.6,11.86,26,10,0.95,512690,Declining,2026-04-02,Featured Snippet,Navigational,Organic,-13,11.66,4,1,3,2
3385,python pandas jobs,6,8,6916,67.5,4.73,1613,23.32,0.55,2473433,Stable,2026-08-17,Sitelinks,Transactional,Organic,2,35.91,3,1,2,1
3386,sql project,61,73,4134,74.7,9.93,100,2.42,0.14,1149848,Stable,2026-01-23,None,Informational,Organic,12,17.1,1,1,2,7
3387,google analytics online,68,73,18933,47,5.27,176,0.93,0.91,1144729,Rising,2026-06-28,Sitelinks,Informational,Organic,5,54.04,1,1,1,1
3388,keyword research course,51,62,630,47,10.06,14,2.22,0.68,1404967,Declining,2026-02-15,Reviews,Navigational,Organic,11,18.33,4,1,3,6
3389,digital marketing skills,56,69,967,43.3,5.71,29,3,0.74,2183862,Stable,2026-03-03,People Also Ask,Informational,Organic,13,20.53,1,1,2,3
3390,data analyst course,1,15,128,18.8,9.17,33,25.78,0.47,2315523,Stable,2026-01-09,None,Commercial,Organic,14,38.33,2,1,2,7
3391,data visualization dashboard,24,13,1939,85.3,8.28,149,7.68,0.45,6210730,Rising,2026-03-14,None,Navigational,Featured Snippet,-11,12.35,4,2,1,7
3392,digital marketing skills,6,1,1339,47.7,4.98,386,28.83,0.99,3609301,Rising,2026-01-26,Sitelinks,Informational,Organic,-5,33.7,1,1,1,1
3393,sql certification,68,81,1627,68.5,6.1,30,1.84,0.64,1807686,Rising,2026-02-13,People Also Ask,Informational,Organic,13,13.66,1,1,1,3
3394,dashboard guide,29,16,2068,37.8,4.34,156,7.54,0.52,3090190,Stable,2026-08-24,People Also Ask,Informational,Organic,-13,26.78,1,1,2,3
3395,excel online,98,90,21729,20.9,2.47,94,0.43,0.31,2197741,Stable,2026-06-13,Sitelinks,Informational,Organic,-8,67.16,1,1,2,1
3396,customer analytics tools,32,33,1800,82.5,3.72,124,6.89,0.22,1961008,Declining,2026-05-24,People Also Ask,Commercial,Organic,1,12.5,2,1,3,3
3397,mysql training,30,41,3488,15.3,5.18,162,4.64,0.33,5849381,Stable,2026-02-12,Featured Snippet,Commercial,Organic,11,34.81,2,1,2,2
3398,power bi for beginners,20,33,1631,61.8,5.72,202,12.39,0.73,4922701,Stable,2026-01-01,Video,Commercial,Organic,13,21.3,2,1,2,4
3399,marketing analytics best practices,79,90,1414,87.6,4.73,17,1.2,0.82,6906055,Rising,2026-03-08,None,Informational,Organic,11,7.17,1,1,1,7
3400,data science skills,65,63,853,55,3,13,1.52,0.98,5590336,Rising,2026-05-15,Image Pack,Transactional,Video,-2,16,3,4,1,5
3401,marketing analytics advanced,53,56,212,42.3,7.98,4,1.89,0.46,2152646,Rising,2026-05-21,None,Commercial,Organic,3,18.74,2,1,1,7
3402,digital marketing jobs,23,8,2532,71.4,10.71,192,7.58,0.78,4323928,Rising,2026-01-06,Featured Snippet,Transactional,Organic,-15,17.65,3,1,1,2
3403,power bi for beginners,100,99,1476,88.9,3.1,18,1.22,0.73,6925742,Stable,2026-06-28,None,Informational,Image,-1,6.91,1,5,2,7
3404,customer analytics training,11,24,10269,82.2,5.4,2289,22.29,0.84,6518917,Stable,2026-04-18,People Also Ask,Informational,Organic,13,37.62,1,1,2,3
3405,business intelligence salary,65,52,3811,63,1.22,80,2.1,0.14,252780,Rising,2026-03-31,Sitelinks,Navigational,Organic,-13,19.79,4,1,1,1
3406,machine learning best practices,9,9,923,70.5,3.29,189,20.48,0.52,5182923,Rising,2026-02-01,Sitelinks,Transactional,People Also Ask,0,21.58,3,3,1,1
3407,sql training,31,17,13760,67.7,3.46,640,4.65,0.91,821575,Stable,2026-05-07,None,Transactional,Organic,-14,39.52,3,1,2,7
3408,data visualization certification,46,52,13092,68.1,1.12,418,3.19,0.93,2279221,Rising,2026-08-18,Reviews,Commercial,Organic,6,37.3,2,1,1,6
3409,google analytics tools,67,75,23711,34.8,6.82,437,1.84,0.7,4453627,Declining,2026-04-16,Video,Navigational,Organic,8,67.68,4,1,3,4
3410,mysql project,63,76,135,60.4,7.17,1,0.74,0.99,1125860,Rising,2026-01-08,None,Commercial,Organic,13,12.54,2,1,1,7
3411,marketing analytics salary,96,93,1493,55.3,6.51,19,1.27,0.56,749754,Stable,2026-07-30,Reviews,Commercial,Organic,-3,17.05,2,1,2,6
3412,dashboard advanced,21,29,24923,79.5,8.15,2634,10.57,0.65,5629040,Stable,2026-08-22,None,Informational,Organic,8,61.33,1,1,2,7
3413,tableau software,77,76,3493,35.6,10.92,39,1.12,0.25,5389936,Declining,2026-09-17,Sitelinks,Informational,Organic,-1,26.86,1,1,3,1
3414,power bi best practices,68,57,927,29.9,5.8,14,1.51,0.27,3847484,Rising,2026-02-17,Reviews,Transactional,Organic,-11,23.68,3,1,1,6
3415,customer analytics online,52,63,1521,45.7,7.81,48,3.16,0.3,3340584,Stable,2026-07-04,Featured Snippet,Informational,Organic,11,21,1,1,2,2
3416,business intelligence salary,9,1,561,36.6,9.62,114,20.32,0.8,4161757,Declining,2026-03-26,Reviews,Transactional,Video,-8,30.95,3,4,3,6
3417,dashboard software,43,52,2936,70.5,0.85,90,3.07,0.82,448684,Stable,2026-02-05,None,Commercial,Organic,9,16.32,2,1,2,7
3418,data analyst best practices,17,8,13962,16.6,8.94,1543,11.05,0.64,4591092,Stable,2026-08-21,Sitelinks,Commercial,Image,-9,58.66,2,5,2,1
3419,seo analytics for beginners,96,93,2360,66.3,9.1,13,0.55,0.64,6664064,Stable,2026-05-12,Featured Snippet,Commercial,People Also Ask,-3,15.09,2,3,2,2
3420,power bi templates,33,21,2706,60.5,9.4,205,7.58,0.22,284521,Stable,2026-03-25,Image Pack,Commercial,Organic,-12,21.26,2,1,2,5
3421,machine learning salary,13,9,1993,14.9,8.19,316,15.86,0.16,1067360,Rising,2026-06-20,Reviews,Commercial,People Also Ask,-4,37.93,2,3,1,6
3422,data visualization tutorial,61,71,267,79.3,6.69,3,1.12,0.21,2089895,Declining,2026-07-23,Sitelinks,Informational,Organic,10,7.34,1,1,3,1
3423,seo analytics guide,14,26,9155,29,1.26,1723,18.82,0.29,886333,Stable,2026-06-26,People Also Ask,Informational,Organic,12,49.52,1,1,2,3
3424,data visualization training,27,41,1432,16,9.57,129,9.01,0.13,5315864,Stable,2026-01-13,Reviews,Informational,Organic,14,32.84,1,1,2,6
3425,marketing analytics best practices,92,86,4898,11.5,5.47,29,0.59,0.22,6467348,Declining,2026-01-01,Sitelinks,Navigational,Organic,-6,36.6,4,1,3,1
3426,content marketing training,51,44,2141,41.4,5.33,63,2.94,0.78,3943095,Stable,2026-02-20,None,Transactional,Organic,-7,23.4,3,1,2,7
3427,seo analytics skills,20,13,1083,44.7,9.3,132,12.19,0.25,7355530,Stable,2026-05-16,Featured Snippet,Navigational,Featured Snippet,-7,25.23,4,2,2,2
3428,sql online,36,22,2713,57.9,7.29,143,5.27,0.39,6281354,Rising,2026-08-22,Sitelinks,Informational,Organic,-14,20.83,1,1,1,1
3429,dashboard certification,23,21,1385,28.8,6.29,149,10.76,0.74,4575139,Stable,2026-03-23,Reviews,Informational,Organic,-2,29.84,1,1,2,6
3430,reporting certification,50,62,693,64.1,11.32,23,3.32,0.8,1191191,Stable,2026-04-23,Featured Snippet,Transactional,Organic,12,13.91,3,1,2,2
3431,data science certification,15,22,6545,33.4,6.97,898,13.72,0.75,6228796,Rising,2026-01-14,Video,Informational,Organic,7,40.29,1,1,1,4
3432,customer analytics certification,66,57,13629,31.5,1.57,164,1.2,0.47,1154294,Stable,2026-08-12,Sitelinks,Commercial,People Also Ask,-9,48.29,2,3,2,1
3433,excel free,19,23,433,85.7,8.5,43,9.93,0.25,1808815,Declining,2026-05-07,People Also Ask,Commercial,Organic,4,10.44,2,1,3,3
3434,customer analytics interview questions,93,82,16519,38.3,9.98,56,0.34,0.92,7304206,Rising,2026-05-10,Sitelinks,Informational,Organic,-11,51.53,1,1,1,1
3435,data science tools,97,100,2170,52.5,7.4,11,0.51,0.17,2426383,Stable,2026-02-19,Video,Informational,Organic,3,18.84,1,1,2,4
3436,data science course,28,29,2594,32.8,10.43,247,9.52,0.65,3625829,Rising,2026-03-25,Featured Snippet,Navigational,Image,1,30.38,4,5,1,2
3437,digital marketing jobs,56,47,4168,54.5,2.74,69,1.66,0.37,1011416,Stable,2026-03-11,Image Pack,Transactional,Video,-9,22.82,3,4,2,5
3438,customer analytics examples,62,58,5641,30.7,3.54,69,1.22,0.25,2297053,Rising,2026-08-23,Image Pack,Informational,Featured Snippet,-4,32.65,1,2,1,5
3439,google analytics skills,24,33,1277,56.3,7.66,130,10.18,0.67,6087382,Rising,2026-07-11,Sitelinks,Commercial,Organic,9,21.07,2,1,1,1
3440,keyword research course,97,99,14257,46,3.95,180,1.26,0.72,6316627,Stable,2026-08-19,Sitelinks,Navigational,Organic,2,45.22,4,1,2,1
3441,content marketing course,14,21,2714,25,3.75,396,14.59,0.98,2220577,Declining,2026-09-01,Featured Snippet,Informational,Organic,7,35.66,1,1,3,2
3442,python pandas best practices,15,11,673,79.7,8.28,69,10.25,0.76,4486452,Stable,2026-01-25,Image Pack,Informational,Featured Snippet,-4,12.88,1,2,2,5
3443,marketing analytics course,77,78,6641,23.7,0.62,97,1.46,0.64,230512,Stable,2026-05-21,None,Informational,Organic,1,36.87,1,1,2,7
3444,digital marketing free,73,60,587,22.5,10.41,8,1.36,0.95,287618,Rising,2026-01-12,Sitelinks,Transactional,Video,-13,25.14,3,4,1,1
3445,data visualization free,77,79,645,77,6.95,11,1.71,0.9,2131542,Stable,2026-05-09,Featured Snippet,Informational,Featured Snippet,2,9.09,1,2,2,2
3446,machine learning jobs,22,16,108,78.5,5.72,7,6.48,0.5,4366397,Stable,2026-06-27,Sitelinks,Transactional,Organic,-6,10.11,3,1,2,1
3447,python pandas project,49,34,5285,89.9,9.6,146,2.76,0.95,589881,Stable,2026-07-03,Sitelinks,Transactional,Organic,-15,15.01,3,1,2,1
3448,marketing analytics best practices,50,65,71,55.8,7.55,2,2.82,0.59,7362949,Rising,2026-08-15,Sitelinks,Informational,Organic,15,14.9,1,1,1,1
3449,power bi training,52,46,6022,29.8,1.68,153,2.54,0.67,366845,Rising,2026-06-11,Image Pack,Commercial,Organic,-6,34.38,2,1,1,5
3450,marketing analytics dashboard,35,44,951,88.9,11.19,52,5.47,0.67,5103922,Rising,2026-06-09,Reviews,Transactional,People Also Ask,9,8.13,3,3,1,6
3451,dashboard skills,87,91,9849,35.9,5.92,118,1.2,0.68,5309184,Rising,2026-08-28,Sitelinks,Commercial,Organic,4,39.45,2,1,1,1
3452,power bi training,47,38,784,27.8,4.32,22,2.81,0.49,1775562,Rising,2026-06-23,None,Commercial,Organic,-9,24.71,2,1,1,7
3453,customer analytics for beginners,83,81,1746,84.3,11.8,23,1.32,0.56,640474,Rising,2026-06-25,People Also Ask,Informational,Video,-2,8.88,1,4,1,3
3454,excel certification,90,91,5672,37,3.23,54,0.95,0.19,5737727,Stable,2026-06-21,Sitelinks,Commercial,Organic,1,30.68,2,1,2,1
3455,google analytics best practices,40,42,179,17.1,9.51,6,3.35,0.77,204781,Rising,2026-01-30,Sitelinks,Transactional,Organic,2,27.01,3,1,1,1
3456,tableau training,72,62,445,31.7,2.08,4,0.9,0.91,6619665,Rising,2026-09-21,Image Pack,Commercial,Organic,-10,21.85,2,1,1,5
3457,dashboard free,65,70,11174,36.1,11.89,177,1.58,0.87,3325505,Stable,2026-01-21,Reviews,Transactional,Organic,5,42.23,3,1,2,6
3458,reporting examples,69,84,6747,88,3.55,80,1.19,0.62,741876,Declining,2026-08-02,Image Pack,Informational,Organic,15,17.65,1,1,3,5
3459,sql templates,69,76,665,87.7,10.76,6,0.9,0.95,1513870,Stable,2026-05-28,Sitelinks,Transactional,People Also Ask,7,5.49,3,3,2,1
3460,machine learning tutorial,58,54,93,75.5,6.89,1,1.08,0.07,1099573,Stable,2026-02-26,Sitelinks,Commercial,Organic,-4,8.11,2,1,2,1
3461,google analytics software,13,1,1685,76.4,0.5,220,13.06,0.52,4717910,Stable,2026-07-02,Reviews,Commercial,Organic,-12,17.38,2,1,2,6
3462,sql online,47,59,18076,68.6,4.12,797,4.41,0.29,3805338,Stable,2026-03-17,None,Navigational,Organic,12,47.7,4,1,2,7
3463,marketing analytics certification,1,1,16148,60.4,6.78,6068,37.58,0.64,2058707,Rising,2026-08-26,Sitelinks,Commercial,Organic,0,63.98,2,1,1,1
3464,data science online,16,15,17940,30,8.68,2914,16.24,0.56,861902,Stable,2026-03-01,Featured Snippet,Transactional,Organic,-1,65.31,3,1,2,2
3465,excel software,13,15,101,50.2,3.34,14,13.86,0.46,5659238,Declining,2026-02-01,People Also Ask,Transactional,Video,2,22.52,3,4,3,3
3466,content marketing templates,57,70,1841,17.4,4.2,31,1.68,0.33,7880821,Stable,2026-06-30,Sitelinks,Commercial,Organic,13,29.33,2,1,2,1
3467,dashboard templates,3,15,278,62.7,3.32,78,28.06,0.07,2567462,Stable,2026-06-09,None,Commercial,Organic,12,26.68,2,1,2,7
3468,content marketing salary,15,13,1308,82.3,7.46,236,18.04,0.75,6394417,Declining,2026-01-25,Video,Navigational,Organic,-2,17.51,4,1,3,4
3469,google analytics free,46,53,646,61.5,2.34,20,3.1,0.84,6177543,Stable,2026-09-10,Sitelinks,Informational,Video,7,14.48,1,4,2,1
3470,customer analytics tools,14,3,958,14.7,5.78,137,14.3,0.36,5469740,Stable,2026-09-19,Sitelinks,Transactional,Organic,-11,35.11,3,1,2,1
3471,python pandas interview questions,16,25,1981,26.5,10.91,247,12.47,0.9,209538,Stable,2026-08-18,Featured Snippet,Transactional,Organic,9,32.63,3,1,2,2
3472,marketing analytics tools,27,16,1538,36.8,9.57,148,9.62,0.92,7081313,Rising,2026-03-07,Featured Snippet,Informational,Featured Snippet,-11,27.14,1,2,1,2
3473,python pandas tutorial,7,1,1955,64.7,0.71,514,26.29,0.43,5926889,Rising,2026-08-21,Sitelinks,Commercial,Featured Snippet,-6,28.47,2,2,1,1
3474,content marketing training,30,18,187,33.6,6.18,11,5.88,0.94,7519470,Stable,2026-08-24,People Also Ask,Informational,Organic,-12,23.42,1,1,2,3
3475,marketing analytics examples,70,84,693,33,1.98,10,1.44,0.87,4778025,Rising,2026-09-24,Video,Transactional,Organic,14,22.24,3,1,1,4
3476,business intelligence templates,27,34,84,20.6,1.33,6,7.14,0.78,561494,Rising,2026-09-20,Featured Snippet,Transactional,Organic,7,27.79,3,1,1,2
3477,keyword research skills,63,56,9135,20.7,9.7,117,1.28,0.56,1685393,Declining,2026-04-10,People Also Ask,Informational,Organic,-7,42.63,1,1,3,3
3478,data science advanced,92,79,10648,31.3,8.43,76,0.71,0.5,3608395,Stable,2026-07-12,Featured Snippet,Informational,Organic,-13,42.16,1,1,2,2
3479,excel certification,63,51,14317,28.3,11.71,274,1.91,0.3,5130073,Declining,2026-06-24,Video,Informational,People Also Ask,-12,50.99,1,3,3,4
3480,reporting jobs,27,12,135,24.8,11.74,12,8.89,0.47,3338865,Stable,2026-04-27,Featured Snippet,Commercial,Organic,-15,27.56,2,1,2,2
3481,content marketing tools,77,81,8129,69.5,11.03,50,0.62,0.95,4986140,Stable,2026-01-05,None,Transactional,Organic,4,25.64,3,1,2,7
3482,dashboard dashboard,93,79,2536,44.3,3.23,13,0.51,0.71,1109558,Stable,2026-09-13,None,Transactional,People Also Ask,-14,22.02,3,3,2,7
3483,machine learning tools,6,1,112,19.2,11.48,24,21.43,0.1,2786047,Stable,2026-01-24,People Also Ask,Commercial,People Also Ask,-5,35.87,2,3,2,3
3484,tableau for beginners,52,59,1143,26,10.13,26,2.27,0.64,1256561,Stable,2026-09-29,Featured Snippet,Transactional,Video,7,25.68,3,4,2,2
3485,reporting course,22,17,661,31.4,6.62,49,7.41,0.78,3391863,Declining,2026-08-12,People Also Ask,Commercial,Featured Snippet,-5,25.84,2,2,3,3
3486,keyword research project,28,31,2060,86.4,6.74,134,6.5,0.77,1496287,Stable,2026-06-01,People Also Ask,Commercial,Organic,3,11.63,2,1,2,3
3487,digital marketing advanced,91,97,272,42.5,8.78,2,0.74,0.56,7598510,Stable,2026-03-16,Featured Snippet,Informational,Organic,6,18.18,1,1,2,2
3488,digital marketing advanced,38,31,3756,63.4,3.76,148,3.94,0.67,6270758,Stable,2026-06-08,People Also Ask,Navigational,Organic,-7,20.54,4,1,2,3
3489,digital marketing jobs,16,21,1536,59.7,7.12,187,12.17,0.1,700882,Rising,2026-02-13,People Also Ask,Informational,Organic,5,21.62,1,1,1,3
3490,mysql guide,37,43,1561,71.3,2.7,68,4.36,0.39,7405888,Stable,2026-03-17,People Also Ask,Transactional,Featured Snippet,6,14.03,3,2,2,3
3491,business intelligence interview questions,23,34,127,73.5,5.41,10,7.87,0.94,7707814,Stable,2026-01-14,Featured Snippet,Transactional,Organic,11,12.39,3,1,2,2
3492,business intelligence examples,52,54,1625,67.2,4.26,41,2.52,0.16,4875119,Stable,2026-04-08,Image Pack,Navigational,Organic,2,14.41,4,1,2,5
3493,dashboard tools,66,77,15255,83.5,3.98,245,1.61,0.34,5180790,Stable,2026-01-06,People Also Ask,Informational,Organic,11,36.14,1,1,2,3
3494,content marketing certification,88,75,990,46.8,6.13,11,1.11,0.43,756909,Declining,2026-07-21,Featured Snippet,Commercial,People Also Ask,-13,18.52,2,3,3,2
3495,data visualization project,30,41,6398,86.7,3.8,428,6.69,0.83,2937075,Stable,2026-05-18,Image Pack,Commercial,Organic,11,20.27,2,1,2,5
3496,power bi tools,38,31,2449,29.5,3.29,96,3.92,0.05,1175881,Rising,2026-02-07,Image Pack,Navigational,Featured Snippet,-7,28.11,4,2,1,5
3497,marketing analytics project,72,60,604,87.8,11.52,9,1.49,0.57,4259125,Stable,2026-01-13,Image Pack,Transactional,Organic,-12,5.65,3,1,2,5
3498,data visualization salary,92,78,601,83.8,10.55,7,1.16,0.91,4818555,Rising,2026-07-26,None,Commercial,Organic,-14,6.67,2,1,1,7
3499,data visualization for beginners,22,19,17750,33.2,8.27,1195,6.73,0.94,5373127,Stable,2026-06-17,Reviews,Transactional,Organic,-3,58.91,3,1,2,6
3500,tableau jobs,47,53,7560,11.5,1.56,180,2.38,0.91,604014,Rising,2026-04-24,People Also Ask,Commercial,Organic,6,42.85,2,1,1,3
3501,digital marketing guide,55,58,820,44.1,7.69,19,2.32,0.07,5112711,Rising,2026-03-31,Featured Snippet,Informational,Organic,3,19.63,1,1,1,2
3502,digital marketing skills,97,100,2479,81.2,4.29,14,0.56,0.14,6521660,Declining,2026-06-16,None,Informational,Organic,3,10.87,1,1,3,7
3503,google analytics templates,37,47,1064,87.4,9.83,40,3.76,0.2,7885356,Stable,2026-04-13,Image Pack,Informational,Featured Snippet,10,7.9,1,2,2,5
3504,customer analytics for beginners,94,100,17719,41.1,7.03,48,0.27,0.64,2856024,Stable,2026-04-03,Image Pack,Informational,Image,6,53.04,1,5,2,5
3505,business intelligence tutorial,41,31,10175,89.7,1.42,465,4.57,0.14,6665931,Declining,2026-04-30,Reviews,Commercial,Organic,-10,25.75,2,1,3,6
3506,data visualization free,34,41,663,13.6,11.75,42,6.33,0.38,1629000,Stable,2026-01-03,Video,Commercial,Image,7,30.61,2,5,2,4
3507,reporting interview questions,61,69,5294,16.7,11.19,101,1.91,0.93,6223899,Rising,2026-07-03,None,Informational,Video,8,36.53,1,4,1,7
3508,seo analytics for beginners,97,96,4489,13.5,1.44,38,0.85,0.29,5503090,Declining,2026-09-23,Video,Commercial,Organic,-1,35.33,2,1,3,4
3509,content marketing tools,42,49,2253,76.4,1.78,81,3.6,0.48,6189638,Rising,2026-02-02,Video,Commercial,Organic,7,13.48,2,1,1,4
3510,data analyst project,90,90,2365,28.4,9.41,35,1.48,0.34,6240872,Stable,2026-06-06,Sitelinks,Navigational,Organic,0,26.97,4,1,2,1
3511,dashboard jobs,99,100,4556,47.4,11.35,40,0.88,0.48,999224,Stable,2026-08-16,People Also Ask,Navigational,Featured Snippet,1,25.31,4,2,2,3
3512,mysql for beginners,44,55,1688,45.5,4.66,40,2.37,0.97,1085556,Declining,2026-09-23,People Also Ask,Commercial,Organic,11,20.97,2,1,3,3
3513,python pandas project,10,23,2347,51.8,3.75,386,16.45,0.65,2328469,Stable,2026-03-30,People Also Ask,Informational,Organic,13,27.88,1,1,2,3
3514,sql course,22,28,5332,65.5,9.46,609,11.42,0.3,615165,Rising,2026-03-08,Sitelinks,Transactional,Organic,6,27.03,3,1,1,1
3515,seo analytics interview questions,34,41,3826,35.1,5.81,262,6.85,0.87,2337914,Rising,2026-09-14,Sitelinks,Informational,Organic,7,30.72,1,1,1,1
3516,digital marketing skills,89,91,441,72.4,9.04,3,0.68,0.52,4760382,Stable,2026-07-05,Video,Informational,Organic,2,9.52,1,1,2,4
3517,seo analytics jobs,43,36,586,64.3,0.92,20,3.41,0.15,2683558,Stable,2026-05-30,Video,Informational,Organic,-7,13.69,1,1,2,4
3518,python pandas course,62,71,14795,46.7,1.75,260,1.76,0.16,7469919,Stable,2026-01-14,Image Pack,Transactional,Video,9,46.34,3,4,2,5
3519,machine learning dashboard,39,48,16085,28.4,5.39,814,5.06,0.57,4642700,Stable,2026-04-13,Image Pack,Transactional,Organic,9,56.15,3,1,2,5
3520,reporting online,6,21,544,32.3,11.21,122,22.43,0.44,1228651,Stable,2026-05-22,Image Pack,Transactional,Organic,15,33.33,3,1,2,5
3521,seo analytics interview questions,77,63,900,36.1,4.29,16,1.78,0.21,7172825,Rising,2026-08-09,Sitelinks,Transactional,Featured Snippet,-14,21.91,3,2,1,1
3522,python pandas training,88,89,353,64.6,0.36,4,1.13,0.55,3485712,Stable,2026-03-13,Reviews,Informational,Organic,1,11.92,1,1,2,6
3523,keyword research dashboard,1,5,402,86.2,1.63,92,22.89,0.64,1797426,Declining,2026-04-22,None,Navigational,Organic,4,17.12,4,1,3,7
3524,python pandas training,22,22,428,30.7,3.36,53,12.38,0.85,4222855,Stable,2026-02-11,People Also Ask,Transactional,Organic,0,28.23,3,1,2,3
3525,reporting examples,70,85,9800,63.6,2.73,151,1.54,0.52,5872839,Stable,2026-07-22,Sitelinks,Commercial,Organic,15,31.22,2,1,2,1
3526,sql tutorial,66,73,247,42,1.93,3,1.21,0.65,3679524,Stable,2026-06-12,Reviews,Navigational,People Also Ask,7,18.54,4,3,2,6
3527,sql examples,45,51,1916,30.6,1.75,70,3.65,0.87,7926142,Declining,2026-09-10,None,Informational,Organic,6,26.57,1,1,3,7
3528,data visualization skills,79,85,2521,27.5,3.19,36,1.43,0.1,1853785,Declining,2026-05-18,None,Informational,Featured Snippet,6,27.52,1,2,3,7
3529,power bi guide,85,70,14967,29.7,7.74,127,0.85,0.46,5380721,Stable,2026-07-06,Image Pack,Informational,Organic,-15,51.3,1,1,2,5
3530,data science tools,94,100,16596,77.2,2.87,104,0.63,0.25,6173741,Stable,2026-01-20,Featured Snippet,Informational,Featured Snippet,6,40.17,1,2,2,2
3531,dashboard project,87,73,1508,68.5,8.21,16,1.06,0.94,1516398,Declining,2026-09-26,Sitelinks,Informational,Organic,-14,13.01,1,1,3,1
3532,power bi interview questions,78,83,1616,53.3,10.58,22,1.36,0.2,5324763,Stable,2026-06-17,Video,Informational,Organic,5,17.95,1,1,2,4
3533,machine learning interview questions,20,6,206,68.2,10,16,7.77,0.35,2774855,Stable,2026-08-21,Video,Transactional,Organic,-14,14.08,3,1,2,4
3534,content marketing certification,6,19,2034,34.3,3.71,539,26.5,0.79,4596501,Rising,2026-09-09,Sitelinks,Transactional,Organic,13,37.86,3,1,1,1
3535,data science online,95,100,3683,11.5,2.16,28,0.76,0.85,1909066,Stable,2026-01-01,Sitelinks,Commercial,Organic,5,34.28,2,1,2,1
3536,excel for beginners,62,72,249,66.5,9.52,3,1.2,0.63,1714131,Stable,2026-04-28,Image Pack,Navigational,Video,10,11.18,4,4,2,5
3537,business intelligence software,35,26,255,29.9,8.88,15,5.88,0.59,6408769,Rising,2026-05-19,Image Pack,Transactional,Organic,-9,24.67,3,1,1,5
3538,customer analytics certification,99,100,5245,39.2,10.2,43,0.82,0.7,5208721,Rising,2026-09-04,Image Pack,Informational,Organic,1,29.1,1,1,1,5
3539,marketing analytics training,90,96,10325,41.7,10.52,38,0.37,0.22,2356183,Stable,2026-08-24,Image Pack,Informational,Organic,6,38.21,1,1,2,5
3540,power bi training,70,57,2210,83.1,9.1,32,1.45,0.49,3162613,Stable,2026-07-28,None,Transactional,Organic,-13,10.24,3,1,2,7
3541,digital marketing advanced,9,1,4728,13.4,4.25,891,18.85,0.96,2718848,Declining,2026-04-28,Sitelinks,Transactional,Image,-8,45.41,3,5,3,1
3542,power bi online,64,53,1578,24,2.85,20,1.27,0.5,7813839,Declining,2026-09-06,Reviews,Navigational,Organic,-11,26.61,4,1,3,6
3543,excel software,22,22,24836,81.3,1.94,1829,7.36,0.3,2440046,Stable,2026-07-16,None,Informational,Organic,0,58.9,1,1,2,7
3544,mysql interview questions,97,93,8059,47.2,5.7,88,1.09,0.31,407218,Rising,2026-06-04,Video,Navigational,Organic,-4,32.44,4,1,1,4
3545,mysql project,98,100,112,73.4,2.94,1,0.89,0.46,5080531,Stable,2026-02-18,Video,Commercial,Featured Snippet,2,8.68,2,2,2,4
3546,google analytics jobs,79,68,6122,49.8,9.07,46,0.75,0.28,6650389,Rising,2026-02-02,Sitelinks,Transactional,Organic,-11,27.63,3,1,1,1
3547,data science free,70,62,278,51.5,11.77,3,1.08,0.65,751445,Stable,2026-01-25,Featured Snippet,Navigational,Organic,-8,15.68,4,1,2,2
3548,power bi online,12,16,689,63.9,2.1,101,14.66,0.32,3079390,Stable,2026-06-29,Reviews,Navigational,Featured Snippet,4,20,4,2,2,6
3549,data science jobs,57,58,3588,76.9,3.62,102,2.84,0.74,3785759,Declining,2026-08-22,People Also Ask,Informational,Video,1,15.57,1,4,3,3
3550,customer analytics guide,58,61,9775,20.1,0.27,180,1.84,0.49,4952359,Stable,2026-03-26,Featured Snippet,Commercial,Organic,3,44.38,2,1,2,2
3551,customer analytics salary,41,49,10398,77.2,2.61,352,3.39,0.86,4051241,Rising,2026-02-05,Featured Snippet,Commercial,Organic,8,29.32,2,1,1,2
3552,sql jobs,52,43,1887,87.1,9.5,37,1.96,0.12,1549275,Declining,2026-03-29,Featured Snippet,Transactional,Featured Snippet,-9,8.66,3,2,3,2
3553,excel templates,26,17,1490,73.8,9.32,111,7.45,0.51,1629644,Stable,2026-09-14,People Also Ask,Informational,Video,-9,14.79,1,4,2,3
3554,data visualization software,90,79,73,29.6,0.75,1,1.37,0.52,5267919,Rising,2026-09-04,Image Pack,Informational,Organic,-11,21.99,1,1,1,5
3555,mysql online,27,12,1104,49.2,7.24,86,7.79,0.25,7937281,Stable,2026-04-20,Video,Informational,Video,-15,21.58,1,4,2,4
3556,customer analytics examples,68,56,1215,18.1,7.23,16,1.32,0.86,7770289,Stable,2026-06-17,Sitelinks,Commercial,Organic,-12,27.69,2,1,2,1
3557,digital marketing templates,96,94,1312,51,1.28,9,0.69,0.93,4408632,Stable,2026-06-27,Reviews,Transactional,Organic,-2,17.68,3,1,2,6
3558,business intelligence examples,7,21,146,46.9,10.4,35,23.97,0.97,5014125,Rising,2026-06-23,Video,Transactional,Organic,14,28.98,3,1,1,4
3559,keyword research tutorial,17,31,467,29.9,8.67,46,9.85,0.77,7678405,Rising,2026-05-18,People Also Ask,Commercial,Organic,14,27.2,2,1,1,3
3560,content marketing skills,81,66,941,46.2,3.94,5,0.53,0.45,7740824,Rising,2026-07-12,Video,Commercial,Organic,-15,18.29,2,1,1,4
3561,dashboard course,57,52,196,53.5,4.93,3,1.53,0.63,2531691,Stable,2026-01-20,Video,Informational,Featured Snippet,-5,15.15,1,2,2,4
3562,data visualization templates,93,81,2919,52.6,2.77,13,0.45,0.77,2568913,Rising,2026-04-04,Image Pack,Informational,Video,-12,20.26,1,4,1,5
3563,content marketing guide,43,28,15361,69.8,3.51,659,4.29,0.31,1600902,Rising,2026-04-25,None,Informational,Organic,-15,41.88,1,1,1,7
3564,python pandas salary,76,68,1997,16.6,5.95,24,1.2,0.53,3367835,Stable,2026-05-05,Image Pack,Transactional,Organic,-8,29.63,3,1,2,5
3565,digital marketing guide,5,5,116,73.5,3.3,30,25.86,0.51,4928608,Rising,2026-03-24,Video,Navigational,Organic,0,21.94,4,1,1,4
3566,power bi for beginners,87,98,928,26.1,7.81,10,1.08,0.69,7793013,Rising,2026-04-02,Video,Informational,Organic,11,24.59,1,1,1,4
3567,reporting templates,63,59,1580,35.6,10.68,31,1.96,0.98,7478453,Declining,2026-08-07,Reviews,Informational,Organic,-4,23.5,1,1,3,6
3568,reporting guide,43,30,220,86.6,10.78,7,3.18,0.33,3903221,Stable,2026-02-12,Video,Commercial,Image,-13,6.15,2,5,2,4
3569,keyword research project,41,40,1326,83.9,5.65,51,3.85,0.65,2866582,Stable,2026-09-17,Reviews,Informational,Organic,-1,9.52,1,1,2,6
3570,content marketing best practices,37,46,15518,23.3,5.7,546,3.52,0.95,5862980,Stable,2026-07-06,Featured Snippet,Commercial,Organic,9,55.74,2,1,2,2
3571,sql software,50,40,1961,70.5,6.86,32,1.63,0.4,3714633,Declining,2026-03-18,Sitelinks,Informational,Organic,-10,13.62,1,1,3,1
3572,google analytics training,14,12,22197,32.2,8.62,3091,13.93,0.7,5149789,Stable,2026-04-13,None,Informational,Organic,-2,71.88,1,1,2,7
3573,keyword research for beginners,27,28,4205,74.2,2.88,315,7.49,0.66,2989710,Rising,2026-06-16,Image Pack,Commercial,Organic,1,20.09,2,1,1,5
3574,data visualization course,51,49,1850,30.7,7.4,65,3.51,0.08,365905,Rising,2026-02-12,Sitelinks,Informational,Organic,-2,26.34,1,1,1,1
3575,data visualization best practices,52,50,205,11,8.67,6,2.93,0.34,5074581,Stable,2026-02-05,Video,Navigational,Organic,-2,28.67,4,1,2,4
3576,data science free,100,98,1053,79.1,7.39,7,0.66,0.38,6112290,Rising,2026-03-01,People Also Ask,Navigational,Organic,-2,8.71,4,1,1,3
3577,mysql skills,75,88,691,15.8,7.19,13,1.88,0.9,3132512,Rising,2026-04-08,Featured Snippet,Commercial,Organic,13,27.63,2,1,1,2
3578,power bi free,88,74,201,70.4,10.9,1,0.5,0.26,7926701,Declining,2026-05-16,Image Pack,Informational,Featured Snippet,-14,9.55,1,2,3,5
3579,data analyst interview questions,71,80,613,20.6,2.62,5,0.82,0.69,2327140,Stable,2026-03-30,Sitelinks,Transactional,Organic,9,25.48,3,1,2,1
3580,data analyst training,58,54,181,40.4,6.82,4,2.21,0.55,4706024,Rising,2026-04-08,Image Pack,Transactional,Organic,-4,19.42,3,1,1,5
3581,business intelligence salary,57,58,1444,75,3.62,38,2.63,0.98,1880491,Stable,2026-07-02,Reviews,Commercial,Organic,1,11.77,2,1,2,6
3582,python pandas tools,85,89,15141,74.7,3.3,212,1.4,0.38,2708306,Declining,2026-06-22,Image Pack,Informational,Video,4,38.44,1,4,3,5
3583,sql advanced,50,46,1098,49,4.17,42,3.83,0.96,3014460,Stable,2026-02-21,People Also Ask,Informational,Featured Snippet,-4,19.52,1,2,2,3
3584,sql course,18,4,14794,50.4,8.06,1654,11.18,0.28,6016713,Stable,2026-05-28,Featured Snippet,Informational,Image,-14,50.24,1,5,2,2
3585,excel course,5,1,2157,58.7,4.37,615,28.51,0.54,4499602,Rising,2026-03-31,People Also Ask,Commercial,Organic,-4,31.85,2,1,1,3
3586,tableau online,50,61,413,59.4,11.44,13,3.15,0.32,938099,Rising,2026-06-27,None,Informational,Organic,11,14.68,1,1,1,7
3587,python pandas templates,28,35,11856,55.9,0.59,1104,9.31,0.29,4227540,Stable,2026-05-04,People Also Ask,Transactional,Image,7,41.76,3,5,2,3
3588,business intelligence for beginners,81,94,9334,62.8,4.14,92,0.99,0.18,2572491,Stable,2026-01-21,People Also Ask,Commercial,Organic,13,30.24,2,1,2,3
3589,mysql guide,17,16,1051,39,2.72,154,14.65,0.34,4556312,Rising,2026-07-22,None,Transactional,People Also Ask,-1,28.19,3,3,1,7
3590,keyword research tutorial,55,67,730,26.9,2.98,20,2.74,0.89,2008725,Rising,2026-05-14,Video,Informational,Organic,12,24.84,1,1,1,4
3591,data analyst training,68,54,11075,69.2,10.81,99,0.89,0.21,1854323,Stable,2026-01-23,None,Navigational,Organic,-14,31.73,4,1,2,7
3592,data analyst examples,97,90,681,39.1,0.71,7,1.03,0.6,6461262,Declining,2026-01-22,Reviews,Commercial,Organic,-7,20.17,2,1,3,6
3593,data analyst tutorial,94,95,3942,42.3,3.64,35,0.89,0.54,2564781,Rising,2026-04-05,None,Commercial,Organic,1,25.62,2,1,1,7
3594,content marketing interview questions,43,39,18077,71.5,3.66,788,4.36,0.51,2861958,Rising,2026-04-18,Featured Snippet,Transactional,Organic,-4,46.81,3,1,1,2
3595,tableau interview questions,40,44,796,25,10.2,27,3.39,0.63,7152108,Rising,2026-09-18,None,Informational,Organic,4,25.89,1,1,1,7
3596,customer analytics interview questions,10,17,827,11.7,11,133,16.08,0.88,3705343,Rising,2026-04-01,People Also Ask,Informational,Organic,7,36.69,1,1,1,3
3597,marketing analytics guide,92,100,770,70.4,11.94,10,1.3,0.38,1901120,Stable,2026-06-02,Video,Navigational,Organic,8,11.1,4,1,2,4
3598,business intelligence tutorial,100,100,1848,52.9,6.21,18,0.97,0.98,2540182,Declining,2026-07-18,None,Navigational,Organic,0,18.32,4,1,3,7
3599,sql software,87,92,5494,27.5,0.54,39,0.71,0.53,2701430,Stable,2026-02-22,People Also Ask,Commercial,Organic,5,33.05,2,1,2,3
3600,seo analytics salary,73,74,15112,52.6,5.04,215,1.42,0.07,3287460,Rising,2026-06-27,None,Informational,People Also Ask,1,45.02,1,3,1,7
3601,power bi free,39,49,9103,19.8,6.35,450,4.94,0.41,1014326,Stable,2026-09-28,Image Pack,Informational,Organic,10,44.79,1,1,2,5
3602,marketing analytics interview questions,17,20,3998,75.9,8.8,528,13.21,0.65,2977761,Stable,2026-05-14,Featured Snippet,Informational,Organic,3,22.21,1,1,2,2
3603,sql certification,52,56,2976,10.8,3.33,55,1.85,0.43,4503480,Rising,2026-02-04,Image Pack,Transactional,Organic,4,33.66,3,1,1,5
3604,mysql tools,75,83,118,63.3,2.24,1,0.85,0.82,3895992,Rising,2026-06-24,Video,Informational,People Also Ask,8,11.7,1,3,1,4
3605,excel jobs,31,41,126,26.2,3.73,9,7.14,0.65,2732106,Stable,2026-04-15,Sitelinks,Commercial,Featured Snippet,10,26.19,2,2,2,1
3606,sql tutorial,83,88,1288,41.6,9.3,5,0.39,0.7,6143004,Stable,2026-01-09,Reviews,Informational,Organic,5,20.29,1,1,2,6
3607,customer analytics dashboard,45,30,11083,83.8,4.47,336,3.03,0.26,941933,Stable,2026-08-15,Sitelinks,Navigational,Organic,-15,28.51,4,1,2,1
3608,data science dashboard,33,44,173,62.1,9.66,9,5.2,0.06,7207647,Stable,2026-09-05,Sitelinks,Commercial,People Also Ask,11,14.48,2,3,2,1
3609,google analytics salary,81,84,834,53.9,1.51,6,0.72,0.9,7553713,Stable,2026-05-25,Image Pack,Commercial,Featured Snippet,3,15.87,2,2,2,5
3610,python pandas course,57,66,6475,68.4,4.29,151,2.33,0.55,622543,Rising,2026-08-16,Reviews,Commercial,Organic,9,23.59,2,1,1,6
3611,data analyst salary,13,15,99,44.7,5.92,14,14.14,0.23,5868056,Declining,2026-05-11,People Also Ask,Informational,Video,2,24.31,1,4,3,3
3612,dashboard tutorial,52,51,2723,21.5,8.84,60,2.2,0.57,316052,Rising,2026-05-22,People Also Ask,Informational,Featured Snippet,-1,30.13,1,2,1,3
3613,excel course,88,94,4396,36.5,10.53,89,2.02,0.22,1986755,Declining,2026-06-22,Featured Snippet,Commercial,Organic,6,28.86,2,1,3,2
3614,mysql salary,40,41,2128,87.3,10.1,104,4.89,0.9,1493772,Declining,2026-04-24,People Also Ask,Informational,Image,1,10.64,1,5,3,3
3615,data visualization interview questions,58,51,11722,56.3,2.47,237,2.02,0.15,7436897,Declining,2026-06-23,Image Pack,Transactional,People Also Ask,-7,37.49,3,3,3,5
3616,data science skills,18,8,626,77.9,10.68,97,15.5,0.9,461684,Rising,2026-03-18,Featured Snippet,Commercial,Organic,-10,16.12,2,1,1,2
3617,power bi dashboard,29,35,5175,26.9,3.76,457,8.83,0.39,456470,Rising,2026-02-19,People Also Ask,Commercial,Organic,6,36.92,2,1,1,3
3618,customer analytics dashboard,52,49,2192,61.2,2.43,64,2.92,0.74,7378103,Stable,2026-09-03,Image Pack,Commercial,Organic,-3,17.55,2,1,2,5
3619,excel training,91,96,905,35.2,3.98,11,1.22,0.52,1681139,Declining,2026-06-09,None,Transactional,Organic,5,21.89,3,1,3,7
3620,sql online,83,85,5800,18.7,11.41,47,0.81,0.33,6385002,Declining,2026-02-11,Sitelinks,Informational,Featured Snippet,2,36.35,1,2,3,1
3621,google analytics online,23,17,10044,46.5,9.12,831,8.27,0.59,751116,Stable,2026-05-14,Sitelinks,Navigational,Organic,-6,40.42,4,1,2,1
3622,digital marketing free,51,47,276,84.3,5.2,9,3.26,0.73,7813705,Declining,2026-08-23,People Also Ask,Transactional,Organic,-4,6.99,3,1,3,3
3623,business intelligence online,32,25,1483,75.7,2.75,90,6.07,0.45,2779597,Stable,2026-09-30,Featured Snippet,Informational,Image,-7,13.47,1,5,2,2
3624,business intelligence tutorial,77,88,1040,12.9,6.9,15,1.44,0.82,5425979,Stable,2026-03-27,People Also Ask,Commercial,Organic,11,28.96,2,1,2,3
3625,business intelligence training,100,100,880,35,5.93,8,0.91,0.74,6249913,Stable,2026-03-18,People Also Ask,Commercial,People Also Ask,0,21.73,2,3,2,3
3626,excel project,83,87,1078,86.5,9.09,14,1.3,0.63,4250128,Rising,2026-02-11,Reviews,Informational,Organic,4,6.89,1,1,1,6
3627,tableau interview questions,89,82,1245,45.8,11.85,21,1.69,0.24,225333,Rising,2026-02-14,Sitelinks,Informational,Organic,-7,19.63,1,1,1,1
3628,excel for beginners,19,16,8389,86.1,1.17,964,11.49,0.1,1088440,Rising,2026-08-25,People Also Ask,Navigational,Organic,-3,26.96,4,1,1,3
3629,digital marketing tools,74,61,10113,70.9,7.08,172,1.7,0.55,2683372,Stable,2026-03-04,Video,Informational,Organic,-13,29.74,1,1,2,4
3630,seo analytics salary,19,32,2751,33.7,1.17,248,9.01,0.69,6847013,Declining,2026-09-14,Image Pack,Commercial,Video,13,30.15,2,4,3,5
3631,mysql course,72,60,122,37.7,8.27,0,0,0.58,1109319,Rising,2026-04-02,People Also Ask,Informational,People Also Ask,-12,18.93,1,3,1,3
3632,excel salary,70,75,1322,62.4,6.98,25,1.89,0.9,3322714,Declining,2026-02-21,Reviews,Informational,Organic,5,14.91,1,1,3,6
3633,data analyst for beginners,56,54,3865,31.5,8.18,69,1.79,0.83,3701843,Rising,2026-04-20,People Also Ask,Informational,Organic,-2,29.19,1,1,1,3
3634,google analytics examples,20,28,12837,27.8,4.45,1273,9.92,0.55,7302536,Stable,2026-02-10,Image Pack,Transactional,Organic,8,52.46,3,1,2,5
3635,marketing analytics project,10,1,160,32.5,4.68,35,21.88,0.24,4098091,Stable,2026-03-16,Video,Informational,Organic,-9,32.21,1,1,2,4
3636,google analytics examples,92,100,773,18.9,10.18,13,1.68,0.55,650667,Stable,2026-02-22,None,Commercial,People Also Ask,8,26.76,2,3,2,7
3637,marketing analytics examples,64,72,2012,50.3,11.57,29,1.44,0.45,3412500,Rising,2026-05-24,Image Pack,Informational,People Also Ask,8,19.68,1,3,1,5
3638,marketing analytics software,52,60,78,74.5,6.14,2,2.56,0.48,6323698,Stable,2026-06-20,Featured Snippet,Transactional,Organic,8,9.17,3,1,2,2
3639,mysql skills,28,32,583,61.3,11.2,46,7.89,0.25,3148965,Rising,2026-07-23,Sitelinks,Commercial,Featured Snippet,4,16.97,2,2,1,1
3640,seo analytics salary,95,86,2149,46,6.39,23,1.07,0.49,4488796,Stable,2026-01-11,Video,Informational,Organic,-9,21.04,1,1,2,4
3641,excel salary,6,1,1872,36.1,3.95,465,24.84,0.75,1836140,Rising,2026-02-28,Featured Snippet,Navigational,Organic,-5,36.11,4,1,1,2
3642,python pandas jobs,27,39,133,87.4,2.36,9,6.77,0.75,7746196,Stable,2026-04-06,Sitelinks,Informational,Organic,12,7.65,1,1,2,1
3643,dashboard dashboard,64,72,134,17.4,2.93,1,0.75,0.71,6532452,Stable,2026-09-11,Reviews,Commercial,Featured Snippet,8,25.45,2,2,2,6
3644,reporting course,11,1,6327,76.6,7.53,1347,21.29,0.11,1831210,Rising,2026-05-27,People Also Ask,Transactional,Video,-10,30.93,3,4,1,3
3645,data analyst for beginners,42,28,24404,66.5,7.3,1012,4.15,0.97,4911070,Stable,2026-04-11,None,Navigational,Organic,-14,60.78,4,1,2,7
3646,seo analytics templates,31,33,620,54.9,1.23,43,6.94,0.72,1901215,Rising,2026-04-12,None,Informational,Organic,2,18.46,1,1,1,7
3647,mysql dashboard,90,87,181,85.4,3.55,1,0.55,0.32,3045461,Declining,2026-02-14,Reviews,Transactional,Organic,-3,5.03,3,1,3,6
3648,marketing analytics certification,83,70,97,86.5,7.31,0,0,0.94,6386704,Rising,2026-05-01,Sitelinks,Transactional,Organic,-13,4.24,3,1,1,1
3649,marketing analytics advanced,92,100,1799,51.8,7.05,16,0.89,0.11,6397357,Declining,2026-09-23,Reviews,Informational,Organic,8,18.51,1,1,3,6
3650,data visualization training,19,27,578,80.6,8.14,60,10.38,0.75,4246893,Declining,2026-02-16,Image Pack,Transactional,Organic,8,12.49,3,1,3,5
3651,excel course,66,81,4212,70.9,3.38,42,1,0.32,2280385,Stable,2026-02-17,None,Commercial,Organic,15,17.64,2,1,2,7
3652,digital marketing free,96,96,80,56.7,6.18,0,0,0.62,3118639,Declining,2026-02-17,Sitelinks,Informational,Organic,0,13.15,1,1,3,1
3653,dashboard interview questions,99,100,22807,84.3,3.03,118,0.52,0.68,6947590,Declining,2026-06-04,Featured Snippet,Informational,Organic,1,50.33,1,1,3,2
3654,google analytics dashboard,14,1,2467,43.9,6.81,273,11.07,0.57,6387552,Stable,2026-08-10,None,Commercial,Organic,-13,27.63,2,1,2,7
3655,tableau tools,89,89,2287,45,2.41,27,1.18,0.87,2550817,Stable,2026-09-10,People Also Ask,Transactional,Organic,0,21.67,3,1,2,3
3656,sql tutorial,12,19,744,67.8,6.42,115,15.46,0.61,1596146,Rising,2026-06-26,Sitelinks,Informational,Organic,7,19.37,1,1,1,1
3657,data visualization skills,16,11,662,76.5,6.26,82,12.39,0.9,7544784,Declining,2026-05-21,Video,Commercial,Organic,-5,14.96,2,1,3,4
3658,power bi online,39,44,13329,36.7,12,705,5.29,0.91,1180951,Rising,2026-05-25,Video,Informational,Organic,5,48.31,1,1,1,4
3659,marketing analytics interview questions,72,74,2796,20.2,2.85,30,1.07,0.87,2505370,Rising,2026-04-09,People Also Ask,Commercial,Organic,2,30.07,2,1,1,3
3660,data visualization tools,8,1,3671,11.2,1.88,684,18.63,0.18,2778985,Declining,2026-01-13,Video,Informational,Organic,-7,43.85,1,1,3,4
3661,sql software,61,74,132,85.1,10.52,2,1.52,0.99,6852601,Rising,2026-07-14,Sitelinks,Informational,Organic,13,5.54,1,1,1,1
3662,digital marketing training,92,86,10695,67.2,7.84,82,0.77,0.34,2898521,Rising,2026-05-27,Reviews,Commercial,Organic,-6,31.51,2,1,1,6
3663,machine learning dashboard,30,16,1271,27.4,10.58,102,8.03,0.71,4470685,Rising,2026-03-02,People Also Ask,Commercial,Image,-14,28.58,2,5,1,3
3664,machine learning skills,1,13,1575,22.2,11.42,345,21.9,0.75,6469771,Rising,2026-02-02,Image Pack,Commercial,Featured Snippet,12,38.13,2,2,1,5
3665,machine learning interview questions,26,18,597,75.1,10.05,56,9.38,0.41,6907110,Stable,2026-07-26,None,Commercial,People Also Ask,-8,13.65,2,3,2,7
3666,power bi jobs,18,3,12863,39.9,6.62,1518,11.8,0.82,5467362,Declining,2026-03-20,Video,Commercial,Organic,-15,49.88,2,1,3,4
3667,data visualization examples,51,46,216,64.7,10.57,5,2.31,0.16,1504485,Rising,2026-05-16,Sitelinks,Transactional,Organic,-5,12.25,3,1,1,1
3668,marketing analytics training,36,21,101,45.6,1.09,5,4.95,0.11,5940703,Stable,2026-04-23,None,Informational,Video,-15,19.16,1,4,2,7
3669,machine learning project,78,86,8010,24,4.54,78,0.97,0.85,6331990,Declining,2026-06-14,Featured Snippet,Informational,Image,8,39.24,1,5,3,2
3670,python pandas for beginners,49,37,677,22.7,11.99,23,3.4,0.09,1250850,Stable,2026-09-10,None,Transactional,People Also Ask,-12,26.35,3,3,2,7
3671,sql for beginners,30,25,114,24.8,6.82,7,6.14,0.97,4338051,Stable,2026-09-07,Reviews,Commercial,Organic,-5,26.05,2,1,2,6
3672,python pandas training,45,32,13114,63.9,8.55,369,2.81,0.22,5160528,Stable,2026-09-30,Reviews,Commercial,Organic,-13,38.4,2,1,2,6
3673,machine learning examples,37,37,3464,84.4,5.92,179,5.17,0.84,6001179,Rising,2026-03-19,Sitelinks,Informational,People Also Ask,0,14.32,1,3,1,1
3674,content marketing interview questions,1,11,1269,79.4,2.43,275,21.67,0.26,5063314,Stable,2026-07-05,Image Pack,Commercial,Organic,10,20.24,2,1,2,5
3675,python pandas guide,67,67,903,29.1,6.01,14,1.55,0.3,7416438,Rising,2026-01-11,Featured Snippet,Navigational,Organic,0,23.89,4,1,1,2
3676,excel course,29,33,149,61.4,0.35,12,8.05,0.49,6382631,Rising,2026-08-02,Featured Snippet,Informational,Organic,4,16.16,1,1,1,2
3677,seo analytics training,8,3,728,30.9,9.08,191,26.24,0.89,364218,Stable,2026-04-28,Image Pack,Informational,Organic,-5,36.14,1,1,2,5
3678,customer analytics certification,51,38,1090,62.2,7.06,26,2.39,0.86,424995,Rising,2026-03-15,Video,Informational,Organic,-13,14.78,1,1,1,4
3679,content marketing skills,38,27,4569,75.2,9.84,235,5.14,0.72,6250482,Stable,2026-04-01,Sitelinks,Informational,People Also Ask,-11,19.26,1,3,2,1
3680,business intelligence online,29,38,613,48.5,3.88,49,7.99,0.18,7742628,Rising,2026-03-23,Video,Informational,Organic,9,20.92,1,1,1,4
3681,reporting jobs,34,30,6744,23.2,8.71,256,3.8,0.14,2963271,Rising,2026-01-13,None,Informational,Organic,-4,38.47,1,1,1,7
3682,sql examples,31,37,5326,24.1,2.86,408,7.66,0.9,559838,Stable,2026-05-24,Video,Navigational,Organic,6,37.44,4,1,2,4
3683,sql dashboard,19,13,98,80.7,8.72,9,9.18,0.25,2232938,Rising,2026-05-07,Video,Informational,People Also Ask,-6,10.87,1,3,1,4
3684,keyword research skills,45,54,17523,33.3,6.68,522,2.98,0.88,2957289,Declining,2026-02-26,Image Pack,Informational,Organic,9,56.43,1,1,3,5
3685,digital marketing advanced,18,7,13822,89,2.42,1641,11.87,0.18,5147059,Stable,2026-05-13,Sitelinks,Commercial,Organic,-11,37.1,2,1,2,1
3686,data visualization interview questions,36,31,12202,39.9,4.32,716,5.87,0.62,7966852,Rising,2026-08-08,None,Informational,Organic,-5,45.41,1,1,1,7
3687,machine learning best practices,37,49,769,85.8,6.05,29,3.77,0.28,4092566,Stable,2026-01-30,Image Pack,Navigational,Organic,12,7.8,4,1,2,5
3688,data analyst examples,22,31,6731,41.4,1.96,515,7.65,0.39,2694424,Declining,2026-05-25,Video,Informational,Organic,9,35.03,1,1,3,4
3689,business intelligence guide,51,51,742,21.5,4.92,17,2.29,0.21,6698326,Stable,2026-05-24,None,Informational,Organic,0,26.24,1,1,2,7
3690,dashboard dashboard,35,49,9470,65.1,3.5,555,5.86,0.23,1908082,Stable,2026-06-22,None,Informational,People Also Ask,14,32.42,1,3,2,7
3691,keyword research project,20,27,1586,43.1,10.17,185,11.66,0.83,7155283,Declining,2026-09-02,Sitelinks,Informational,Organic,7,26.43,1,1,3,1
3692,dashboard tools,53,50,2559,73.4,1.62,67,2.62,0.77,3693193,Stable,2026-05-22,None,Informational,Organic,-3,14.46,1,1,2,7
3693,data science jobs,4,13,939,81.3,11.7,273,29.07,0.6,7588926,Stable,2026-08-11,Featured Snippet,Commercial,Organic,9,22.95,2,1,2,2
3694,digital marketing training,74,72,16006,70.3,2.81,116,0.72,0.55,7598859,Rising,2026-04-21,Reviews,Transactional,Featured Snippet,-2,41.12,3,2,1,6
3695,dashboard tools,61,62,3685,63.1,4.51,68,1.85,0.12,4128171,Stable,2026-02-22,Reviews,Informational,Organic,1,19.38,1,1,2,6
3696,dashboard online,62,61,743,63.8,11.16,13,1.75,0.81,5072176,Rising,2026-06-03,None,Transactional,Organic,-1,13.27,3,1,1,7
3697,data analyst tutorial,80,74,3394,30.9,9.14,51,1.5,0.6,6853038,Stable,2026-02-20,Video,Transactional,People Also Ask,-6,28.28,3,3,2,4
3698,reporting tutorial,70,69,10569,20.6,4.85,196,1.85,0.66,7080499,Stable,2026-09-08,Video,Transactional,Organic,-1,45.82,3,1,2,4
3699,google analytics guide,30,42,1184,29.1,0.34,80,6.76,0.4,2203301,Stable,2026-05-22,Sitelinks,Transactional,Image,12,27.22,3,5,2,1
3700,machine learning online,74,60,149,35.4,1.96,1,0.67,0.81,7166591,Stable,2026-01-07,Video,Commercial,Organic,-14,20.03,2,1,2,4
3701,dashboard online,93,100,5881,19.9,6.29,52,0.88,0.44,2235578,Declining,2026-01-02,Featured Snippet,Transactional,Organic,7,36.19,3,1,3,2
3702,python pandas jobs,23,29,905,41,1.18,78,8.62,0.49,6655192,Stable,2026-07-23,Video,Navigational,People Also Ask,6,24.09,4,3,2,4
3703,content marketing free,7,1,864,52.4,2.53,154,17.82,0.96,5894448,Rising,2026-03-02,Featured Snippet,Transactional,Video,-6,25.48,3,4,1,2
3704,sql interview questions,52,61,1103,39.2,5.44,26,2.36,0.25,2657795,Stable,2026-05-15,Sitelinks,Commercial,Organic,9,21.69,2,1,2,1
3705,mysql course,93,100,1364,22.3,9.08,6,0.44,0.87,5565213,Declining,2026-07-31,Video,Transactional,People Also Ask,7,26.26,3,3,3,4
3706,data science certification,65,69,238,42.8,0.71,3,1.26,0.73,558947,Declining,2026-08-18,Image Pack,Commercial,Organic,4,18.3,2,1,3,5
3707,power bi tutorial,23,13,71,83.6,8.33,7,9.86,0.25,1500672,Rising,2026-06-13,Featured Snippet,Informational,Organic,-10,10.31,1,1,1,2
3708,excel jobs,34,29,14313,24.9,7.58,875,6.11,0.07,3016155,Declining,2026-01-14,Image Pack,Informational,Organic,-5,54.24,1,1,3,5
3709,business intelligence advanced,52,47,943,36.3,3.9,21,2.23,0.44,4984897,Rising,2026-06-05,None,Commercial,Organic,-5,22.17,2,1,1,7
3710,reporting jobs,53,42,6746,74.7,4.57,161,2.39,0.96,5376042,Rising,2026-02-20,People Also Ask,Commercial,People Also Ask,-11,22.27,2,3,1,3
3711,google analytics certification,39,31,528,85.8,11.31,20,3.79,0.09,5339767,Declining,2026-01-11,Video,Commercial,Featured Snippet,-8,7.33,2,2,3,4
3712,customer analytics certification,71,74,428,77.5,1.04,4,0.93,0.52,5323539,Rising,2026-08-05,People Also Ask,Commercial,Image,3,8.1,2,5,1,3
3713,power bi guide,91,93,5134,35.1,11.15,24,0.47,0.66,3792729,Declining,2026-01-20,People Also Ask,Informational,Organic,2,29.93,1,1,3,3
3714,data science skills,10,18,18989,76.6,4.22,3043,16.03,0.22,6728984,Stable,2026-01-28,Featured Snippet,Commercial,Video,8,53.3,2,4,2,2
3715,data science dashboard,30,45,3511,12.4,10.88,278,7.92,0.23,5292991,Declining,2026-08-02,Reviews,Commercial,Video,15,37.48,2,4,3,6
3716,seo analytics project,16,26,127,71.3,11.33,21,16.54,0.08,7760077,Declining,2026-07-18,People Also Ask,Commercial,Organic,10,17.67,2,1,3,3
3717,business intelligence training,34,36,3200,59.2,3.72,125,3.91,0.9,3616084,Rising,2026-08-28,People Also Ask,Transactional,Organic,2,20.68,3,1,1,3
3718,data visualization skills,11,18,10502,36.7,5.15,1506,14.34,0.13,2382647,Rising,2026-08-23,Image Pack,Navigational,Organic,7,47.5,4,1,1,5
3719,data science guide,15,14,733,36.2,8.6,78,10.64,0.36,3191829,Declining,2026-03-05,None,Commercial,Organic,-1,26.26,2,1,3,7
3720,digital marketing tutorial,51,54,3801,31,2.88,104,2.74,0.73,243583,Declining,2026-02-22,None,Transactional,Organic,3,29.72,3,1,3,7
3721,power bi for beginners,83,92,6338,59.1,2.59,60,0.95,0.77,1813648,Stable,2026-05-10,Reviews,Informational,Organic,9,25.38,1,1,2,6
3722,business intelligence online,53,38,2445,33.9,0.61,47,1.92,0.78,2812829,Rising,2026-07-09,None,Informational,Organic,-15,25.71,1,1,1,7
3723,python pandas for beginners,94,89,1619,49.9,8.7,9,0.56,0.09,7568263,Stable,2026-08-06,Featured Snippet,Navigational,Organic,-5,18.55,4,1,2,2
3724,customer analytics interview questions,54,63,1804,88.1,9,40,2.22,0.98,7488603,Stable,2026-06-28,People Also Ask,Transactional,Organic,9,8.34,3,1,2,3
3725,excel certification,5,12,9854,27,4.89,2157,21.89,0.42,5793440,Stable,2026-08-16,None,Informational,Organic,7,53.14,1,1,2,7
3726,excel salary,78,67,12905,77.4,0.99,140,1.08,0.57,5428728,Stable,2026-05-10,Video,Commercial,Organic,-11,33.01,2,1,2,4
3727,content marketing project,46,32,4632,30.9,6.31,139,3,0.82,7607549,Stable,2026-01-23,Video,Commercial,Organic,-14,31.54,2,1,2,4
3728,dashboard for beginners,61,62,5389,58.5,7.02,125,2.32,0.86,2575292,Rising,2026-01-01,Video,Informational,Featured Snippet,1,24.4,1,2,1,4
3729,dashboard tutorial,74,79,1675,13.9,8.22,18,1.07,0.54,5016491,Rising,2026-01-01,None,Transactional,Organic,5,29.73,3,1,1,7
3730,business intelligence tutorial,69,84,6576,36.4,0.44,111,1.69,0.24,3221570,Declining,2026-08-18,Sitelinks,Informational,Organic,15,33.05,1,1,3,1
3731,dashboard salary,46,38,4576,66.4,1.9,159,3.47,0.64,6341860,Rising,2026-04-23,Featured Snippet,Informational,Organic,-8,21.02,1,1,1,2
3732,customer analytics online,34,43,14955,65.2,3.79,607,4.06,0.31,1269635,Rising,2026-02-27,Sitelinks,Transactional,Featured Snippet,9,42.33,3,2,1,1
3733,keyword research project,84,77,1152,51.1,4.34,6,0.52,0.43,770842,Stable,2026-02-06,Video,Transactional,Organic,-7,17.24,3,1,2,4
3734,data analyst free,14,6,3117,56.4,8.98,564,18.09,0.65,2811878,Rising,2026-06-05,Reviews,Navigational,Organic,-8,28.9,4,1,1,6
3735,mysql dashboard,64,54,91,29.5,2.3,1,1.1,0.32,7409790,Rising,2026-02-08,Video,Commercial,Image,-10,21.92,2,5,1,4
3736,business intelligence project,26,23,178,39.2,0.59,9,5.06,0.27,7315364,Stable,2026-08-11,Image Pack,Transactional,Organic,-3,21.29,3,1,2,5
3737,mysql software,50,44,2653,87.4,9.83,66,2.49,0.28,6156347,Rising,2026-05-25,Image Pack,Transactional,Organic,-6,10.38,3,1,1,5
3738,content marketing dashboard,11,24,10632,62.8,0.22,2310,21.73,0.81,724485,Rising,2026-02-27,Image Pack,Commercial,Image,13,43.86,2,5,1,5
3739,data visualization free,90,100,1058,20.4,9.63,11,1.04,0.13,7758327,Stable,2026-05-24,Featured Snippet,Informational,Organic,10,26.54,1,1,2,2
3740,marketing analytics jobs,31,20,1142,59.9,10.04,75,6.57,0.34,5805247,Stable,2026-09-09,Featured Snippet,Navigational,Organic,-11,17.8,4,1,2,2
3741,data visualization examples,76,83,14674,23.3,1.22,119,0.81,0.05,3268746,Stable,2026-05-28,Video,Informational,Organic,7,52.62,1,1,2,4
3742,python pandas interview questions,33,47,1078,39.3,8.49,68,6.31,0.21,851037,Declining,2026-08-08,Reviews,Commercial,Organic,14,23.71,2,1,3,6
3743,machine learning online,87,96,161,37.1,11.18,1,0.62,0.21,4876554,Rising,2026-08-12,Sitelinks,Informational,Organic,9,19.52,1,1,1,1
3744,seo analytics salary,35,23,802,64.2,3.92,29,3.62,0.42,2199786,Rising,2026-01-14,Reviews,Informational,Organic,-12,14.26,1,1,1,6
3745,mysql guide,50,57,137,38.6,8.68,2,1.46,0.71,6102005,Rising,2026-05-26,Video,Informational,Featured Snippet,7,19.47,1,2,1,4
3746,reporting training,64,64,18667,73,3.8,444,2.38,0.21,4177631,Stable,2026-02-06,Featured Snippet,Transactional,Organic,0,46.48,3,1,2,2
3747,tableau certification,18,27,18958,44.1,1.45,2505,13.21,0.63,6745749,Stable,2026-05-27,Reviews,Navigational,People Also Ask,9,61.49,4,3,2,6
3748,sql advanced,40,47,98,54.1,2.29,3,3.06,0.13,283365,Declining,2026-08-06,Video,Transactional,Organic,7,15.59,3,1,3,4
3749,keyword research online,51,52,1064,12.4,10.24,19,1.79,0.93,2909831,Stable,2026-04-10,Reviews,Transactional,Organic,1,29.35,3,1,2,6
3750,customer analytics best practices,41,28,358,31,4.39,9,2.51,0.5,3484460,Stable,2026-08-26,None,Commercial,Organic,-13,22.75,2,1,2,7
3751,dashboard guide,18,32,131,22.1,3.02,15,11.45,0.08,3095163,Rising,2026-02-06,Featured Snippet,Transactional,Organic,14,29.72,3,1,1,2
3752,keyword research guide,89,78,743,79,4.51,9,1.21,0.97,2629046,Stable,2026-08-01,Featured Snippet,Transactional,Organic,-11,8.42,3,1,2,2
3753,reporting software,18,12,93,13.1,3.48,8,8.6,0.8,371007,Stable,2026-07-15,None,Informational,Organic,-6,30.83,1,1,2,7
3754,marketing analytics tutorial,75,70,6475,30.9,7.03,116,1.79,0.37,4306971,Stable,2026-03-25,Featured Snippet,Navigational,People Also Ask,-5,34.56,4,3,2,2
3755,power bi jobs,15,3,2160,41.2,11.66,253,11.71,0.56,5403894,Stable,2026-09-26,None,Informational,Organic,-12,28.17,1,1,2,7
3756,reporting guide,45,58,2604,57.2,10.26,95,3.65,0.15,6170205,Declining,2026-07-07,People Also Ask,Commercial,Organic,13,19.96,2,1,3,3
3757,business intelligence guide,12,20,184,54.6,2.83,34,18.48,0.85,2583726,Stable,2026-05-25,Video,Transactional,Organic,8,23.82,3,1,2,4
3758,machine learning project,83,72,2719,47.3,9.02,20,0.74,0.42,5908433,Declining,2026-02-25,None,Informational,Organic,-11,21.61,1,1,3,7
3759,customer analytics tools,53,67,111,40.6,8.13,2,1.8,0.85,3456610,Stable,2026-02-08,Video,Navigational,Organic,14,19,4,1,2,4
3760,reporting guide,13,25,1224,47.7,0.4,192,15.69,0.08,3759857,Stable,2026-03-10,Video,Informational,Organic,12,26.47,1,1,2,4
3761,dashboard templates,55,59,7306,77.2,9.58,148,2.03,0.32,3100692,Stable,2026-05-17,Featured Snippet,Transactional,Organic,4,22.45,3,1,2,2
3762,seo analytics project,29,36,3578,41.3,6.37,206,5.76,0.49,4689061,Declining,2026-08-21,Featured Snippet,Commercial,Organic,7,27.79,2,1,3,2
3763,tableau interview questions,74,89,11143,61.5,6.45,117,1.05,0.23,366422,Declining,2026-04-27,None,Informational,Organic,15,34.26,1,1,3,7
3764,google analytics dashboard,77,90,195,60.5,7.51,2,1.03,0.96,6612978,Stable,2026-09-25,Video,Commercial,Organic,13,12.79,2,1,2,4
3765,dashboard best practices,38,50,2329,73.2,1.15,107,4.59,0.26,503895,Stable,2026-08-14,None,Commercial,Organic,12,15.11,2,1,2,7
3766,sql free,41,39,1020,32.7,3.5,31,3.04,0.08,990158,Stable,2026-04-04,Video,Commercial,Organic,-2,23.84,2,1,2,4
3767,tableau free,21,30,3755,50.3,10.04,344,9.16,0.81,1586336,Declining,2026-09-09,Featured Snippet,Informational,Organic,9,27.25,1,1,3,2
3768,marketing analytics jobs,39,30,2214,85.7,9.1,79,3.57,0.49,5569355,Stable,2026-08-05,Video,Informational,Organic,-9,10.59,1,1,2,4
3769,tableau advanced,12,17,1207,47.5,11.61,205,16.98,0.94,1848865,Stable,2026-05-11,Reviews,Informational,Organic,5,27.19,1,1,2,6
3770,google analytics examples,50,35,3540,38.1,0.21,111,3.14,0.38,1493675,Stable,2026-04-13,Sitelinks,Informational,Organic,-15,27.28,1,1,2,1
3771,data science online,52,54,1699,22,10.38,63,3.71,0.07,3201958,Stable,2026-09-02,Reviews,Commercial,Organic,2,28.75,2,1,2,6
3772,seo analytics examples,18,23,75,62.7,0.23,11,14.67,0.05,3152815,Stable,2026-08-28,None,Navigational,Organic,5,19.15,4,1,2,7
3773,data science course,36,47,18006,52,5.78,1199,6.66,0.81,7152738,Stable,2026-09-08,Image Pack,Informational,Organic,11,53.74,1,1,2,5
3774,tableau free,14,3,582,41.2,4.25,102,17.53,0.81,4910184,Stable,2026-02-19,Video,Commercial,Organic,-11,28.13,2,1,2,4
3775,excel training,55,65,2383,23.4,11.53,79,3.32,0.09,3133997,Rising,2026-01-15,Featured Snippet,Informational,People Also Ask,10,29.48,1,3,1,2
3776,content marketing course,74,88,2562,58.2,3.27,41,1.6,0.55,760201,Rising,2026-01-04,None,Commercial,Featured Snippet,14,18.49,2,2,1,7
3777,python pandas examples,90,89,710,69.3,6.88,12,1.69,0.34,2423932,Rising,2026-08-28,None,Informational,Organic,-1,11.52,1,1,1,7
3778,google analytics tools,77,74,380,23.6,11.73,4,1.05,0.4,1093360,Stable,2026-09-05,None,Informational,Organic,-3,24.23,1,1,2,7
3779,business intelligence salary,14,11,1943,50.2,0.25,233,11.99,0.68,5493583,Declining,2026-06-19,Reviews,Informational,Organic,-3,25.18,1,1,3,6
3780,machine learning online,69,60,8919,11.5,4.23,122,1.37,0.89,6733475,Stable,2026-02-12,Image Pack,Navigational,Organic,-9,45.01,4,1,2,5
3781,python pandas tutorial,12,27,4779,14.9,4.33,616,12.89,0.77,3620399,Stable,2026-07-30,Video,Navigational,Organic,15,41.89,4,1,2,4
3782,excel jobs,66,63,1813,66,11.54,22,1.21,0.14,5478461,Stable,2026-04-06,Featured Snippet,Informational,Organic,-3,14.45,1,1,2,2
3783,digital marketing examples,34,19,21953,44.6,10.87,997,4.54,0.64,5608713,Rising,2026-09-09,None,Informational,Organic,-15,62.68,1,1,1,7
3784,customer analytics guide,9,11,979,54.9,4.31,213,21.76,0.16,1911137,Declining,2026-02-28,Reviews,Commercial,Organic,2,27.06,2,1,3,6
3785,google analytics tutorial,100,96,211,14.4,7.73,1,0.47,0.95,7530100,Rising,2026-09-11,Sitelinks,Informational,Organic,-4,26.35,1,1,1,1
3786,marketing analytics project,57,69,643,31.2,10.89,18,2.8,0.39,661591,Rising,2026-07-06,Image Pack,Transactional,Organic,12,23.41,3,1,1,5
3787,keyword research free,4,4,14954,80.8,10.14,3083,20.62,0.05,2241901,Stable,2026-02-06,None,Informational,Organic,0,46.46,1,1,2,7
3788,sql training,62,48,595,67.9,4.72,9,1.51,0.5,6575096,Rising,2026-03-16,Reviews,Informational,Organic,-14,11.62,1,1,1,6
3789,data visualization best practices,21,9,107,11.1,2.64,12,11.21,0.96,4713854,Rising,2026-04-26,Reviews,Informational,Organic,-12,32.85,1,1,1,6
3790,customer analytics examples,9,19,1891,29.8,1.27,430,22.74,0.61,1992299,Stable,2026-04-29,Sitelinks,Informational,Organic,10,36.92,1,1,2,1
3791,dashboard for beginners,67,67,535,84.4,1.06,13,2.43,0.09,1297494,Rising,2026-08-29,Reviews,Informational,Video,0,7.04,1,4,1,6
3792,dashboard course,2,10,3808,69.1,7.48,1185,31.12,0.87,5949635,Stable,2026-08-25,Image Pack,Transactional,Organic,8,33.4,3,1,2,5
3793,machine learning advanced,80,67,1072,35.8,3.84,5,0.47,0.72,5091347,Rising,2026-06-21,None,Commercial,Featured Snippet,-13,21.64,2,2,1,7
3794,content marketing examples,36,51,584,26.4,3.22,30,5.14,0.66,7640450,Stable,2026-02-02,Sitelinks,Commercial,Organic,15,25.98,2,1,2,1
3795,excel interview questions,13,1,5825,31.9,4.04,932,16,0.64,6331903,Stable,2026-08-10,People Also Ask,Commercial,Organic,-12,40.53,2,1,2,3
3796,data analyst for beginners,96,95,9531,75.6,3.16,162,1.7,0.36,7578571,Stable,2026-03-02,Reviews,Commercial,Organic,-1,27.17,2,1,2,6
3797,machine learning software,25,14,1030,16.4,10.16,98,9.51,0.67,1123345,Stable,2026-02-28,Image Pack,Commercial,People Also Ask,-11,32.19,2,3,2,5
3798,data science examples,100,94,2212,88.9,1.26,16,0.72,0.96,7094324,Stable,2026-02-07,Video,Informational,Organic,-6,8.11,1,1,2,4
3799,reporting course,64,50,10675,32.3,1.57,177,1.66,0.59,1610292,Stable,2026-07-14,Reviews,Navigational,Organic,-14,42.42,4,1,2,6
3800,reporting course,15,15,10682,51.4,11.64,1275,11.94,0.35,2296262,Stable,2026-08-26,Sitelinks,Commercial,Organic,0,42.17,2,1,2,1
3801,seo analytics free,26,33,5737,52.3,4.36,489,8.52,0.58,1462711,Rising,2026-04-17,People Also Ask,Commercial,Video,7,30.25,2,4,1,3
3802,content marketing certification,31,22,598,67.2,5.02,47,7.86,0.23,2108652,Rising,2026-04-23,People Also Ask,Informational,Organic,-9,15.21,1,1,1,3
3803,data science for beginners,67,77,927,49.7,9.92,11,1.19,0.1,1993894,Stable,2026-09-12,None,Informational,Organic,10,17.57,1,1,2,7
3804,digital marketing salary,60,72,243,67.9,5.22,5,2.06,0.39,1900101,Stable,2026-03-25,Image Pack,Informational,People Also Ask,12,11.21,1,3,2,5
3805,digital marketing free,56,70,7848,69.3,8.39,186,2.37,0.44,4238488,Stable,2026-06-03,Featured Snippet,Informational,Organic,14,26.07,1,1,2,2
3806,business intelligence guide,75,67,130,85.9,0.56,1,0.77,0.56,1563878,Stable,2026-04-07,Reviews,Informational,Organic,-8,4.9,1,1,2,6
3807,data analyst software,55,60,11268,80.9,2.14,205,1.82,0.17,5922537,Rising,2026-08-08,Sitelinks,Commercial,Video,5,29.1,2,4,1,1
3808,machine learning best practices,87,80,118,57.4,11.36,0,0,0.75,787520,Declining,2026-01-24,People Also Ask,Commercial,Video,-7,13.01,2,4,3,3
3809,machine learning software,5,1,211,52.3,7.13,38,18.01,0.26,1487070,Stable,2026-07-01,Video,Transactional,Video,-4,24.31,3,4,2,4
3810,machine learning best practices,53,64,8441,75.1,2.37,226,2.68,0.73,923435,Stable,2026-03-10,Sitelinks,Informational,Organic,11,25.68,1,1,2,1
3811,customer analytics advanced,9,1,126,35.8,0.44,25,19.84,0.38,5200230,Rising,2026-08-24,None,Commercial,Organic,-8,30.07,2,1,1,7
3812,power bi skills,49,38,1107,27.4,7.17,34,3.07,0.72,3712586,Declining,2026-09-27,People Also Ask,Transactional,Organic,-11,25.61,3,1,3,3
3813,google analytics examples,42,43,563,30.7,10.11,29,5.15,0.25,1912974,Rising,2026-04-25,Reviews,Informational,Organic,1,24.65,1,1,1,6
3814,google analytics guide,20,12,1398,24.1,3.12,115,8.23,0.16,1180801,Stable,2026-02-15,Image Pack,Informational,Featured Snippet,-8,29.93,1,2,2,5
3815,excel tools,18,21,1190,49,8.73,137,11.51,0.67,962219,Stable,2026-08-02,None,Informational,Organic,3,23.79,1,1,2,7
3816,power bi free,5,10,1237,28.9,7.98,359,29.02,0.71,832378,Rising,2026-05-03,None,Informational,Featured Snippet,5,39.23,1,2,1,7
3817,tableau jobs,17,6,12897,66.7,5.61,1596,12.37,0.1,3998283,Stable,2026-01-01,Image Pack,Navigational,Video,-11,42.21,4,4,2,5
3818,python pandas guide,14,18,769,17.9,1.39,128,16.64,0.4,6634802,Rising,2026-01-30,People Also Ask,Navigational,Image,4,35.01,4,5,1,3
3819,google analytics skills,56,41,4375,55.1,3.4,99,2.26,0.9,6005693,Declining,2026-08-28,Video,Informational,Organic,-15,23.37,1,1,3,4
3820,sql jobs,32,26,73,16.6,8.43,4,5.48,0.88,397772,Rising,2026-01-14,Video,Commercial,Organic,-6,28.08,2,1,1,4
3821,digital marketing jobs,3,1,610,46.7,9.37,141,23.11,0.29,1661951,Stable,2026-03-12,People Also Ask,Navigational,Image,-2,29.5,4,5,2,3
3822,reporting for beginners,84,80,3056,51,2.69,20,0.65,0.95,1362595,Rising,2026-08-22,Featured Snippet,Informational,Organic,-4,21.12,1,1,1,2
3823,business intelligence guide,95,82,5056,30.3,6.07,74,1.46,0.25,6962381,Stable,2026-03-25,People Also Ask,Commercial,People Also Ask,-13,31.74,2,3,2,3
3824,keyword research skills,82,90,8795,19.6,3.39,124,1.41,0.92,2453664,Stable,2026-03-07,People Also Ask,Informational,Image,8,42.36,1,5,2,3
3825,marketing analytics project,72,81,2422,44.1,3.31,27,1.11,0.33,1402823,Stable,2026-01-26,Image Pack,Transactional,Organic,9,22.18,3,1,2,5
3826,business intelligence training,100,100,1784,55.9,0.78,11,0.62,0.07,4457228,Declining,2026-04-14,Image Pack,Informational,Organic,0,17.11,1,1,3,5
3827,digital marketing software,1,6,1991,62.8,2.33,561,28.18,0.27,558134,Declining,2026-05-11,Video,Informational,Organic,5,30.12,1,1,3,4
3828,power bi templates,71,67,2167,82.8,0.84,19,0.88,0.31,7992449,Rising,2026-07-05,People Also Ask,Informational,Organic,-4,9.94,1,1,1,3
3829,power bi certification,36,26,7501,29.2,2.57,354,4.72,0.26,476930,Declining,2026-03-05,Sitelinks,Informational,Organic,-10,38.67,1,1,3,1
3830,dashboard online,6,11,15404,72.3,3.6,3136,20.36,0.9,5150613,Rising,2026-08-05,Video,Transactional,Video,5,49.77,3,4,1,4
3831,business intelligence project,78,66,1926,14.3,8.96,28,1.45,0.85,4684932,Rising,2026-06-22,Reviews,Informational,Organic,-12,30.31,1,1,1,6
3832,data visualization training,25,12,11130,89.1,2.7,1067,9.59,0.73,4531451,Rising,2026-01-21,Featured Snippet,Commercial,Organic,-13,30.5,2,1,1,2
3833,customer analytics course,5,20,3655,72.6,6.8,893,24.43,0.86,5592234,Stable,2026-08-20,Sitelinks,Commercial,Organic,15,28.49,2,1,2,1
3834,google analytics best practices,66,72,4544,26,2.52,44,0.97,0.61,1867672,Declining,2026-02-03,Reviews,Informational,Organic,6,31.75,1,1,3,6
3835,seo analytics templates,96,82,258,31.6,4.45,1,0.39,0.31,7711859,Stable,2026-09-24,People Also Ask,Commercial,Organic,-14,21.24,2,1,2,3
3836,seo analytics training,76,71,1040,24.2,4.54,10,0.96,0.91,6210804,Stable,2026-07-08,Image Pack,Informational,Organic,-5,25.32,1,1,2,5
3837,data analyst tutorial,27,17,579,10.9,10.97,42,7.25,0.55,7260526,Stable,2026-02-26,Video,Informational,Organic,-10,31.74,1,1,2,4
3838,content marketing software,46,32,1149,53.5,9.94,41,3.57,0.69,3139825,Declining,2026-06-04,Featured Snippet,Informational,Organic,-14,18.13,1,1,3,2
3839,seo analytics project,30,28,3102,66.5,9.96,232,7.48,0.13,4109924,Rising,2026-04-02,Reviews,Transactional,Video,-2,20.2,3,4,1,6
3840,reporting certification,26,40,1739,48.1,10.17,157,9.03,0.94,2274116,Stable,2026-09-09,People Also Ask,Transactional,Organic,14,23.83,3,1,2,3
3841,data science advanced,9,1,1864,45.3,11.9,335,17.97,0.89,4073939,Declining,2026-04-09,None,Informational,Organic,-8,29.68,1,1,3,7
3842,sql templates,8,1,134,23.5,2.29,21,15.67,0.17,3805059,Stable,2026-07-19,Video,Navigational,Organic,-7,31.56,4,1,2,4
3843,dashboard software,98,98,5153,33.9,1.35,54,1.05,0.32,929029,Declining,2026-03-31,None,Commercial,Featured Snippet,0,30.63,2,2,3,7
3844,python pandas tools,91,95,738,69.3,3.59,10,1.36,0.58,7654557,Rising,2026-08-10,Video,Informational,Organic,4,11.4,1,1,1,4
3845,tableau online,38,47,9342,50.3,9.04,464,4.97,0.64,3193905,Rising,2026-09-29,Reviews,Transactional,Organic,9,36.13,3,1,1,6
3846,reporting project,12,6,1727,73.2,0.24,343,19.86,0.25,7157678,Stable,2026-09-24,Video,Informational,People Also Ask,-6,22.04,1,3,2,4
3847,marketing analytics jobs,91,84,668,53.7,9.04,5,0.75,0.47,5388943,Rising,2026-06-06,None,Informational,Organic,-7,15.62,1,1,1,7
3848,seo analytics guide,34,34,1098,78.1,6.9,43,3.92,0.12,6266424,Rising,2026-03-26,Reviews,Informational,People Also Ask,0,10.84,1,3,1,6
3849,marketing analytics tools,45,58,7590,53.2,1.05,262,3.45,0.73,4308884,Stable,2026-09-18,Reviews,Commercial,Organic,13,30.97,2,1,2,6
3850,python pandas training,48,36,174,56.9,8.58,4,2.3,0.59,6406339,Stable,2026-01-10,Featured Snippet,Informational,Organic,-12,14.5,1,1,2,2
3851,excel tutorial,12,21,10202,22.7,5.74,1425,13.97,0.53,2481775,Rising,2026-04-25,Video,Informational,Video,9,50.91,1,4,1,4
3852,keyword research examples,98,94,9428,85.1,9.16,59,0.63,0.05,3370511,Stable,2026-05-15,None,Commercial,Organic,-4,23.55,2,1,2,7
3853,mysql online,12,27,1823,15.9,4.81,378,20.74,0.38,5160700,Declining,2026-08-13,Featured Snippet,Transactional,Organic,15,39.89,3,1,3,2
3854,python pandas tools,99,90,1474,19.1,10.45,9,0.61,0.84,7063542,Rising,2026-03-06,Image Pack,Navigational,Featured Snippet,-9,27.53,4,2,1,5
3855,seo analytics skills,26,41,218,66.5,3.95,20,9.17,0.88,968173,Stable,2026-06-20,People Also Ask,Transactional,Organic,15,15.36,3,1,2,3
3856,keyword research training,67,75,116,58.4,9.28,1,0.86,0.49,5003742,Stable,2026-01-20,None,Commercial,Organic,8,13.17,2,1,2,7
3857,customer analytics advanced,55,50,19859,16.4,1.39,458,2.31,0.97,5375616,Stable,2026-09-23,Reviews,Informational,Organic,-5,65.79,1,1,2,6
3858,digital marketing advanced,88,76,2586,15.4,10.6,17,0.66,0.59,7215213,Stable,2026-06-18,Sitelinks,Transactional,Organic,-12,30.87,3,1,2,1
3859,data analyst dashboard,72,86,1203,51.3,5.72,10,0.83,0.87,2829904,Declining,2026-02-12,Reviews,Informational,Organic,14,17.44,1,1,3,6
3860,marketing analytics advanced,72,67,154,54.2,1.28,2,1.3,0.85,7876562,Stable,2026-04-13,People Also Ask,Commercial,Organic,-5,14.74,2,1,2,3
3861,keyword research certification,90,83,10614,79.2,5.54,76,0.72,0.94,4656503,Rising,2026-03-13,Featured Snippet,Informational,Featured Snippet,-7,27.73,1,2,1,2
3862,business intelligence project,24,30,2184,59,9.39,203,9.29,0.48,7731965,Declining,2026-06-30,Video,Informational,Organic,6,21.59,1,1,3,4
3863,customer analytics project,45,32,9625,68.6,10.64,302,3.14,0.54,3671966,Declining,2026-04-07,Sitelinks,Informational,Organic,-13,30.23,1,1,3,1
3864,seo analytics interview questions,51,66,89,55.9,10.52,3,3.37,0.45,7253762,Declining,2026-03-19,People Also Ask,Transactional,Organic,15,15.2,3,1,3,3
3865,content marketing dashboard,57,55,391,10.4,6.87,8,2.05,0.72,1209443,Declining,2026-01-21,Video,Informational,Organic,-2,28.75,1,1,3,4
3866,digital marketing advanced,83,68,2035,49.8,11.57,14,0.69,0.28,6247207,Stable,2026-02-01,Image Pack,Transactional,Organic,-15,19.47,3,1,2,5
3867,data analyst guide,72,83,547,51.3,10.29,7,1.28,0.94,5574995,Stable,2026-06-02,Featured Snippet,Commercial,Organic,11,16.38,2,1,2,2
3868,sql advanced,9,7,813,59.3,9.41,132,16.24,0.91,1340066,Rising,2026-09-29,Image Pack,Commercial,Organic,-2,22.47,2,1,1,5
3869,business intelligence advanced,57,60,2105,54.9,10.53,52,2.47,0.35,1511938,Stable,2026-03-30,People Also Ask,Informational,Organic,3,19.03,1,1,2,3
3870,python pandas templates,74,65,383,81.6,11.96,5,1.31,0.82,477186,Rising,2026-06-24,None,Transactional,Featured Snippet,-9,6.98,3,2,1,7
3871,python pandas free,4,14,8483,18.6,10.38,2707,31.91,0.11,6255768,Rising,2026-08-22,Sitelinks,Informational,Organic,10,58.27,1,1,1,1
3872,customer analytics dashboard,6,20,1834,34.6,0.49,434,23.66,0.92,5168181,Stable,2026-07-23,Image Pack,Informational,Organic,14,35.86,1,1,2,5
3873,reporting free,36,37,5879,73.2,5.11,295,5.02,0.2,1681673,Stable,2026-07-24,People Also Ask,Informational,Organic,1,22.4,1,1,2,3
3874,seo analytics best practices,36,51,2296,65.7,10.15,118,5.14,0.18,3022194,Declining,2026-06-02,Sitelinks,Navigational,Organic,15,17.59,4,1,3,1
3875,sql salary,35,31,75,44.6,0.65,4,5.33,0.3,6829339,Rising,2026-02-23,Sitelinks,Commercial,Organic,-4,19.61,2,1,1,1
3876,google analytics jobs,95,83,110,75.3,7.4,1,0.91,0.74,920412,Stable,2026-08-29,Featured Snippet,Transactional,Organic,-12,8.11,3,1,2,2
3877,google analytics dashboard,9,19,747,12.8,7.18,119,15.93,0.6,6026920,Declining,2026-01-03,Reviews,Informational,Organic,10,36.12,1,1,3,6
3878,marketing analytics guide,37,26,10127,69.6,8.55,550,5.43,0.79,6122912,Declining,2026-03-12,None,Commercial,Organic,-11,32.14,2,1,3,7
3879,marketing analytics for beginners,73,73,100,13.8,3.35,0,0,0.31,2446564,Stable,2026-02-07,Image Pack,Commercial,Organic,0,26.06,2,1,2,5
3880,data science dashboard,37,44,648,15.9,1.91,24,3.7,0.49,4554737,Rising,2026-04-29,Video,Commercial,People Also Ask,7,28.49,2,3,1,4
3881,reporting salary,76,61,2220,51.4,2.82,23,1.04,0.16,6024218,Stable,2026-03-15,People Also Ask,Commercial,Organic,-15,19.55,2,1,2,3
3882,seo analytics advanced,18,7,460,45.6,9.81,60,13.04,0.32,6390650,Rising,2026-09-14,Reviews,Commercial,People Also Ask,-11,24.17,2,3,1,6
3883,digital marketing certification,35,27,10759,76.6,8.5,561,5.21,0.43,3277746,Stable,2026-02-10,None,Commercial,People Also Ask,-8,31.18,2,3,2,7
3884,python pandas tutorial,50,41,758,85.9,4.41,23,3.03,0.63,4861418,Rising,2026-07-27,Video,Informational,Organic,-9,7.35,1,1,1,4
3885,tableau free,49,46,3789,87.1,8.63,105,2.77,0.15,7351749,Stable,2026-05-23,Sitelinks,Informational,Organic,-3,12.88,1,1,2,1
3886,python pandas jobs,15,13,15823,38.3,8.48,2023,12.79,0.99,5591222,Rising,2026-06-06,Video,Informational,Organic,-2,56.78,1,1,1,4
3887,dashboard online,25,20,5840,14.2,10.14,497,8.51,0.58,3495253,Rising,2026-05-30,Video,Commercial,Organic,-5,41.88,2,1,1,4
3888,sql for beginners,30,30,1894,59.6,7,103,5.44,0.98,1889728,Rising,2026-01-09,Image Pack,Informational,Organic,0,18.78,1,1,1,5
3889,dashboard skills,8,14,1119,31.8,11.56,273,24.4,0.97,491459,Stable,2026-06-02,Featured Snippet,Navigational,Organic,6,35.67,4,1,2,2
3890,power bi for beginners,43,46,1052,25.3,9.53,38,3.61,0.84,3007037,Declining,2026-07-02,Image Pack,Commercial,Video,3,26.42,2,4,3,5
3891,content marketing advanced,100,90,749,65.6,1.51,5,0.67,0.8,3156812,Rising,2026-02-14,Sitelinks,Commercial,Featured Snippet,-10,12.17,2,2,1,1
3892,business intelligence salary,71,57,10490,65.5,2.57,82,0.78,0.32,7807652,Stable,2026-03-04,Video,Commercial,People Also Ask,-14,31.62,2,3,2,4
3893,tableau skills,10,4,3922,15.1,10.4,897,22.87,0.43,4089457,Rising,2026-03-01,Sitelinks,Commercial,Organic,-6,45.44,2,1,1,1
3894,data visualization certification,48,39,6414,80.8,4.33,199,3.1,0.64,4870992,Declining,2026-04-25,Sitelinks,Informational,Organic,-9,20.16,1,1,3,1
3895,excel dashboard,100,87,23909,24.8,2.53,253,1.06,0.71,1199472,Stable,2026-04-14,Reviews,Transactional,Image,-13,70.66,3,5,2,6
3896,sql skills,30,33,1368,30.6,9.2,97,7.09,0.32,5877130,Stable,2026-01-05,People Also Ask,Transactional,Organic,3,27.31,3,1,2,3
3897,reporting for beginners,37,30,2881,59.5,5.22,120,4.17,0.53,7387097,Declining,2026-04-07,People Also Ask,Informational,Image,-7,20.1,1,5,3,3
3898,machine learning best practices,80,73,261,38,6.12,3,1.15,0.38,3066658,Rising,2026-06-17,People Also Ask,Commercial,Organic,-7,19.73,2,1,1,3
3899,tableau for beginners,96,100,1523,25.9,11.98,11,0.72,0.62,7395571,Rising,2026-04-16,Sitelinks,Transactional,Organic,4,25.64,3,1,1,1
3900,data science salary,73,66,14051,35.1,11.74,137,0.98,0.47,963019,Declining,2026-07-27,Reviews,Informational,Organic,-7,47.93,1,1,3,6
3901,machine learning dashboard,70,73,2801,49.2,1.59,19,0.68,0.24,5743052,Stable,2026-04-08,Image Pack,Informational,Organic,3,21.17,1,1,2,5
3902,mysql jobs,66,77,22330,82.9,6.48,406,1.82,0.88,3070017,Stable,2026-07-15,Sitelinks,Informational,Organic,11,50.49,1,1,2,1
3903,mysql project,40,39,4020,40.8,6.61,138,3.43,0.54,7486925,Stable,2026-03-21,People Also Ask,Transactional,Organic,-1,27.58,3,1,2,3
3904,python pandas training,42,51,98,51.4,2.74,4,4.08,0.26,6664604,Declining,2026-07-19,Sitelinks,Informational,Organic,9,16.95,1,1,3,1
3905,tableau dashboard,70,77,430,18.8,1.82,6,1.4,0.75,5562059,Stable,2026-07-01,None,Informational,Organic,7,25.96,1,1,2,7
3906,data analyst dashboard,85,73,13740,84,5.05,194,1.41,0.6,3903571,Declining,2026-06-09,Image Pack,Informational,Organic,-12,32.87,1,1,3,5
3907,reporting best practices,38,33,1063,89.1,1.73,49,4.61,0.73,4913414,Declining,2026-03-04,Image Pack,Transactional,Organic,-5,7.84,3,1,3,5
3908,machine learning guide,39,33,12141,22.9,1.34,678,5.58,0.86,538286,Stable,2026-05-11,Video,Transactional,Organic,-6,50.24,3,1,2,4
3909,data visualization dashboard,12,18,10000,18.8,7.86,1954,19.54,0.18,5368138,Rising,2026-05-15,Reviews,Informational,Organic,6,54.64,1,1,1,6
3910,excel online,4,1,1392,84.8,11.72,430,30.89,0.62,3106067,Rising,2026-09-02,People Also Ask,Transactional,Organic,-3,23.77,3,1,1,3
3911,seo analytics interview questions,48,63,2450,69.5,4.82,61,2.49,0.79,3860534,Rising,2026-01-22,Reviews,Informational,People Also Ask,15,15.35,1,3,1,6
3912,excel jobs,47,32,2500,24.8,8.85,81,3.24,0.26,6885232,Stable,2026-03-03,None,Informational,Featured Snippet,-15,29.25,1,2,2,7
3913,reporting interview questions,80,86,1137,73.5,11.95,14,1.23,0.22,2258894,Rising,2026-01-17,People Also Ask,Informational,Organic,6,10.87,1,1,1,3
3914,data visualization training,98,94,5955,83.8,11.86,73,1.23,0.96,6248843,Stable,2026-03-28,Image Pack,Informational,Organic,-4,17.35,1,1,2,5
3915,power bi jobs,47,52,10042,32.7,6.81,256,2.55,0.32,1430424,Rising,2026-05-31,Reviews,Navigational,Featured Snippet,5,41.51,4,2,1,6
3916,mysql jobs,74,62,560,62.5,10.59,7,1.25,0.28,3055287,Declining,2026-05-01,Video,Informational,Organic,-12,13.03,1,1,3,4
3917,business intelligence salary,27,13,113,45.2,7.38,8,7.08,0.98,7027328,Stable,2026-08-09,Featured Snippet,Informational,Video,-14,20.43,1,4,2,2
3918,excel guide,53,42,262,65.3,7.7,6,2.29,0.57,3136213,Stable,2026-09-09,Sitelinks,Informational,Organic,-11,12.15,1,1,2,1
3919,tableau guide,32,47,4996,66.5,1.7,299,5.98,0.16,3759758,Declining,2026-05-13,Sitelinks,Informational,Image,15,23.17,1,5,3,1
3920,sql for beginners,81,83,1864,36.1,2.4,20,1.07,0.74,3679719,Stable,2026-08-02,Sitelinks,Informational,People Also Ask,2,23.45,1,3,2,1
3921,sql course,98,94,6798,54.6,9.69,68,1,0.4,3918950,Stable,2026-05-18,Reviews,Transactional,Organic,-4,27.67,3,1,2,6
3922,digital marketing skills,2,14,112,14,3.35,27,24.11,0.8,5598813,Stable,2026-02-06,Reviews,Informational,Organic,12,38.85,1,1,2,6
3923,seo analytics best practices,14,2,1938,36.3,4.15,256,13.21,0.08,1272261,Stable,2026-04-05,Sitelinks,Informational,Organic,-12,29.99,1,1,2,1
3924,excel training,4,17,6910,81.5,7.22,1309,18.94,0.46,5039972,Stable,2026-03-05,People Also Ask,Transactional,Organic,13,29.37,3,1,2,3
3925,business intelligence examples,42,52,128,54,5.19,6,4.69,0.79,7252465,Declining,2026-09-07,None,Navigational,Organic,10,16.55,4,1,3,7
3926,mysql course,85,97,6562,40.7,0.32,31,0.47,0.87,5749970,Rising,2026-07-01,Sitelinks,Informational,Organic,12,31.09,1,1,1,1
3927,customer analytics examples,3,14,21991,62.8,8.76,6106,27.77,0.31,7315433,Declining,2026-04-09,People Also Ask,Informational,Organic,11,69.66,1,1,3,3
3928,python pandas project,56,44,1997,38.7,2.03,35,1.75,0.28,2231975,Rising,2026-02-23,Featured Snippet,Informational,Organic,-12,23.29,1,1,1,2
3929,python pandas guide,48,50,15361,85.7,2.26,337,2.19,0.96,5270133,Stable,2026-09-14,Image Pack,Informational,Organic,2,36,1,1,2,5
3930,tableau templates,35,30,2115,77.8,5.38,145,6.86,0.88,5032171,Stable,2026-08-08,People Also Ask,Commercial,Organic,-5,14.52,2,1,2,3
3931,machine learning templates,96,89,1273,88.4,9.34,14,1.1,0.05,5286965,Stable,2026-06-18,Video,Transactional,Organic,-7,6.6,3,1,2,4
3932,digital marketing templates,84,92,121,23.5,9.05,0,0,0.5,7051920,Stable,2026-07-17,None,Informational,Organic,8,23.19,1,1,2,7
3933,python pandas for beginners,55,40,279,50.6,5.45,9,3.23,0.08,767120,Declining,2026-02-19,Reviews,Commercial,Organic,-15,17.09,2,1,3,6
3934,marketing analytics tutorial,15,3,89,10.3,7.92,13,14.61,0.29,2664216,Declining,2026-03-10,People Also Ask,Informational,Organic,-12,34.86,1,1,3,3
3935,sql advanced,88,98,1129,80.5,0.29,9,0.8,0.69,1228479,Stable,2026-09-26,Reviews,Navigational,Organic,10,8.52,4,1,2,6
3936,keyword research software,12,6,1641,80.2,0.33,265,16.15,0.53,6039691,Stable,2026-08-30,Reviews,Commercial,Featured Snippet,-6,17.8,2,2,2,6
3937,excel project,31,30,2447,24.3,4.55,160,6.54,0.59,5855031,Rising,2026-05-23,Image Pack,Informational,Organic,-1,31.06,1,1,1,5
3938,customer analytics tools,93,79,24334,26.1,5.67,415,1.71,0.85,4808753,Declining,2026-01-21,Featured Snippet,Commercial,Organic,-14,71.46,2,1,3,2
3939,machine learning tools,13,1,636,35.5,9.77,128,20.13,0.35,7320668,Rising,2026-06-19,Image Pack,Informational,Organic,-12,31.33,1,1,1,5
3940,content marketing tools,81,75,7134,63.1,6.04,110,1.54,0.85,1247919,Stable,2026-09-25,Image Pack,Navigational,Organic,-6,26.07,4,1,2,5
3941,marketing analytics salary,13,22,22058,45.1,10.29,2605,11.81,0.68,6180919,Declining,2026-06-12,Image Pack,Commercial,Organic,9,66.61,2,1,3,5
3942,mysql tutorial,33,22,1284,45,5.73,95,7.4,0.5,2146687,Declining,2026-05-19,Image Pack,Informational,Organic,-11,22.99,1,1,3,5
3943,data science course,23,25,12344,86.2,9.59,1009,8.17,0.08,3754676,Declining,2026-03-01,Video,Transactional,Featured Snippet,2,33.03,3,2,3,4
3944,tableau jobs,78,75,15934,51.8,9.27,109,0.68,0.21,4597458,Rising,2026-05-16,Featured Snippet,Informational,Organic,-3,46.5,1,1,1,2
3945,seo analytics project,51,62,114,60.4,11.47,2,1.75,0.59,7511876,Declining,2026-05-03,Featured Snippet,Informational,Organic,11,13.04,1,1,3,2
3946,machine learning dashboard,94,80,908,17.6,7.34,12,1.32,0.7,6275764,Stable,2026-06-29,Reviews,Informational,Organic,-14,27.23,1,1,2,6
3947,data visualization examples,4,16,1179,70.6,7.86,235,19.93,0.93,915529,Stable,2026-07-17,None,Transactional,People Also Ask,12,21.77,3,3,2,7
3948,data science tutorial,7,1,682,56.9,3.24,144,21.11,0.8,1110772,Stable,2026-01-21,Video,Transactional,Organic,-6,25.52,3,1,2,4
3949,data analyst software,87,96,3591,76.5,9.25,41,1.14,0.76,5850456,Stable,2026-02-19,Reviews,Commercial,Organic,9,14.8,2,1,2,6
3950,marketing analytics online,2,1,446,86.1,5.83,155,34.75,0.58,5601381,Declining,2026-03-16,Featured Snippet,Informational,Organic,-1,23.55,1,1,3,2
3951,google analytics interview questions,29,22,7364,78.9,8.42,676,9.18,0.13,2732995,Rising,2026-09-28,People Also Ask,Transactional,Organic,-7,25.86,3,1,1,3
3952,digital marketing advanced,9,16,1182,38,5.35,271,22.93,0.21,1061780,Stable,2026-06-13,Featured Snippet,Informational,Organic,7,33.15,1,1,2,2
3953,marketing analytics best practices,61,47,13314,50.4,10.33,322,2.42,0.18,411364,Rising,2026-08-12,People Also Ask,Commercial,People Also Ask,-14,42.64,2,3,1,3
3954,digital marketing interview questions,11,3,635,36.1,1.28,105,16.54,0.29,7074418,Rising,2026-01-19,People Also Ask,Commercial,Image,-8,29.24,2,5,1,3
3955,google analytics salary,48,53,2193,63.5,3.1,79,3.6,0.86,2068644,Stable,2026-02-11,Image Pack,Commercial,Organic,5,17.23,2,1,2,5
3956,seo analytics course,36,50,1929,12.2,0.95,104,5.39,0.93,707640,Stable,2026-09-17,None,Informational,Organic,14,33.04,1,1,2,7
3957,marketing analytics templates,26,33,550,53.4,4.03,60,10.91,0.78,2531726,Rising,2026-02-09,Image Pack,Informational,Organic,7,20.88,1,1,1,5
3958,content marketing tutorial,30,41,2731,67.1,4.74,152,5.57,0.32,6111507,Stable,2026-07-18,Sitelinks,Navigational,Video,11,18.26,4,4,2,1
3959,reporting tools,17,11,185,67.1,0.99,24,12.97,0.64,2073039,Declining,2026-08-21,Featured Snippet,Informational,Organic,-6,17.14,1,1,3,2
3960,power bi training,84,74,5562,58.2,11.58,48,0.86,0.49,7760917,Stable,2026-06-01,Reviews,Informational,Organic,-10,24.06,1,1,2,6
3961,seo analytics software,18,4,2365,71.8,7.39,202,8.54,0.52,2245077,Rising,2026-02-10,Featured Snippet,Navigational,Video,-14,17.71,4,4,1,2
3962,dashboard online,33,41,1429,67.1,1.79,70,4.9,0.86,5710311,Declining,2026-03-28,Image Pack,Informational,People Also Ask,8,15.32,1,3,3,5
3963,sql examples,12,25,981,68.9,1.95,168,17.13,0.46,1046655,Rising,2026-04-08,Reviews,Informational,Organic,13,20.4,1,1,1,6
3964,excel training,14,1,233,66,6.01,39,16.74,0.87,3479375,Stable,2026-01-28,Image Pack,Informational,Image,-13,19.57,1,5,2,5
3965,business intelligence software,93,98,609,22.1,9.8,2,0.33,0.08,4664697,Rising,2026-01-26,Image Pack,Commercial,Organic,5,24.76,2,1,1,5
3966,machine learning dashboard,6,10,15313,25.1,9.7,3738,24.41,0.62,7543641,Declining,2026-01-11,Featured Snippet,Informational,Featured Snippet,4,65.91,1,2,3,2
3967,marketing analytics salary,72,75,2319,63.1,6.18,16,0.69,0.27,6162541,Declining,2026-09-23,Video,Informational,Organic,3,16.05,1,1,3,4
3968,content marketing online,92,94,95,53.4,11.89,0,0,0.82,3597969,Rising,2026-07-28,Image Pack,Commercial,Organic,2,14.17,2,1,1,5
3969,digital marketing project,54,47,810,26,4.26,21,2.59,0.65,3176356,Stable,2026-01-15,Reviews,Transactional,Featured Snippet,-7,25.19,3,2,2,6
3970,data visualization free,4,17,551,74.6,10.91,110,19.96,0.83,1393017,Declining,2026-05-15,Image Pack,Commercial,Organic,13,19.34,2,1,3,5
3971,seo analytics interview questions,50,52,8680,78,2.64,243,2.8,0.62,1040562,Declining,2026-07-20,People Also Ask,Transactional,Organic,2,25.35,3,1,3,3
3972,marketing analytics certification,35,21,1027,53.1,3.18,45,4.38,0.28,3746479,Declining,2026-04-07,Reviews,Transactional,Video,-14,18.44,3,4,3,6
3973,business intelligence dashboard,34,30,12137,50.5,1.03,665,5.48,0.83,4826478,Stable,2026-02-14,Reviews,Informational,Organic,-4,41.9,1,1,2,6
3974,google analytics software,67,73,1354,14.7,8.39,28,2.07,0.49,583263,Rising,2026-03-01,Sitelinks,Informational,Organic,6,29.38,1,1,1,1
3975,data visualization jobs,85,76,11250,77.1,7.15,66,0.59,0.54,6861422,Rising,2026-07-05,Sitelinks,Commercial,Organic,-9,29.55,2,1,1,1
3976,business intelligence best practices,3,13,16018,51.1,11.81,4741,29.6,0.69,5815248,Rising,2026-02-25,Video,Informational,Organic,10,62.27,1,1,1,4
3977,keyword research interview questions,52,53,501,27.1,5.32,10,2,0.08,4156220,Stable,2026-04-30,Reviews,Transactional,Organic,1,23.93,3,1,2,6
3978,content marketing templates,90,100,102,32,5.36,1,0.98,0.33,250604,Stable,2026-08-22,Sitelinks,Informational,Organic,10,21.12,1,1,2,1
3979,data analyst certification,89,95,675,75.2,11.34,6,0.89,0.26,896004,Stable,2026-03-10,Reviews,Commercial,Organic,6,9.26,2,1,2,6
3980,tableau training,13,14,4746,69.6,0.44,881,18.56,0.83,578975,Stable,2026-09-24,None,Informational,People Also Ask,1,28.43,1,3,2,7
3981,google analytics dashboard,22,13,146,66.2,9.53,16,10.96,0.37,3895219,Stable,2026-05-25,Video,Informational,Organic,-9,16.26,1,1,2,4
3982,seo analytics salary,3,11,13705,51.5,4.83,3581,26.13,0.43,5996232,Rising,2026-09-18,Image Pack,Informational,Organic,8,55.7,1,1,1,5
3983,mysql examples,14,16,255,65.1,1.69,33,12.94,0.9,6036096,Rising,2026-04-10,None,Informational,Organic,2,17.86,1,1,1,7
3984,data visualization for beginners,72,81,513,65.9,3.39,7,1.36,0.27,3684216,Rising,2026-09-28,Video,Commercial,Featured Snippet,9,11.97,2,2,1,4
3985,keyword research examples,61,76,1029,32.8,5.64,18,1.75,0.79,1643407,Rising,2026-08-22,Image Pack,Navigational,Organic,15,23.14,4,1,1,5
3986,reporting for beginners,4,3,157,25.2,5.43,31,19.75,0.15,2965805,Declining,2026-03-23,None,Informational,Organic,-1,33.26,1,1,3,7
3987,dashboard interview questions,58,64,24439,31.7,1.42,534,2.19,0.95,4360234,Stable,2026-04-21,Video,Informational,Organic,6,70.24,1,1,2,4
3988,content marketing advanced,97,100,97,20.2,6.17,0,0,0.94,5813479,Stable,2026-01-20,None,Informational,Organic,3,24.13,1,1,2,7
3989,data analyst templates,74,74,9497,51.4,5.62,110,1.16,0.59,5788844,Declining,2026-07-19,Reviews,Commercial,Organic,0,34.08,2,1,3,6
3990,dashboard advanced,95,85,4039,63.9,2.5,32,0.79,0.78,6844545,Stable,2026-09-23,Image Pack,Informational,People Also Ask,-10,19.28,1,3,2,5
3991,data science for beginners,77,82,634,50,10.88,10,1.58,0.94,5656502,Stable,2026-01-07,Sitelinks,Navigational,Organic,5,17.1,4,1,2,1
3992,python pandas examples,1,2,15005,58.8,9.52,5509,36.71,0.41,6247895,Stable,2026-05-10,People Also Ask,Informational,Video,1,61.73,1,4,2,3
3993,data visualization salary,83,97,16744,39.2,7.85,176,1.05,0.54,5352512,Stable,2026-01-06,None,Transactional,Organic,14,52.09,3,1,2,7
3994,keyword research examples,62,56,352,20.2,11.94,6,1.7,0.8,1922857,Stable,2026-02-18,People Also Ask,Transactional,People Also Ask,-6,25.54,3,3,2,3
3995,seo analytics dashboard,87,88,12715,73.1,3.1,195,1.53,0.22,2325858,Rising,2026-06-01,None,Informational,Featured Snippet,1,34.16,1,2,1,7
3996,dashboard guide,78,87,1843,27.8,8.31,19,1.03,0.35,7529555,Rising,2026-03-19,Sitelinks,Commercial,Organic,9,25.87,2,1,1,1
3997,keyword research advanced,87,89,16218,36.4,0.26,196,1.21,0.52,476606,Rising,2026-02-13,Featured Snippet,Transactional,Featured Snippet,2,51.97,3,2,1,2
3998,business intelligence interview questions,69,82,74,53,0.32,1,1.35,0.99,4664312,Rising,2026-07-05,People Also Ask,Informational,Organic,13,14.97,1,1,1,3
3999,dashboard dashboard,23,32,72,66.6,6.46,8,11.11,0.33,5514994,Stable,2026-03-04,Featured Snippet,Informational,Organic,9,16.08,1,1,2,2
4000,excel course,66,62,1739,48.9,3.5,27,1.55,0.05,6075023,Stable,2026-02-20,People Also Ask,Transactional,Image,-4,19.61,3,5,2,3
4001,excel online,18,8,450,27.9,8.6,59,13.11,0.4,807719,Rising,2026-04-02,Featured Snippet,Transactional,Organic,-10,29.5,3,1,1,2
4002,excel dashboard,73,76,14127,84.1,6.57,304,2.15,0.89,2408350,Rising,2026-04-30,People Also Ask,Informational,Organic,3,34,1,1,1,3
4003,digital marketing templates,11,8,147,70.8,7.28,23,15.65,0.69,7718527,Rising,2026-09-03,Image Pack,Commercial,Image,-3,17.38,2,5,1,5
4004,data visualization for beginners,12,22,1352,79.2,7.7,255,18.86,0.63,2576399,Stable,2026-08-28,Image Pack,Transactional,People Also Ask,10,18.97,3,3,2,5
4005,data science best practices,31,16,9291,75.2,9.02,484,5.21,0.38,6454462,Rising,2026-02-28,None,Commercial,Organic,-15,28.68,2,1,1,7
4006,power bi tools,86,80,272,10.1,11.11,2,0.74,0.81,4270180,Declining,2026-07-28,People Also Ask,Commercial,Organic,-6,27.9,2,1,3,3
4007,python pandas course,81,66,8663,60.6,8.53,75,0.87,0.19,5578857,Stable,2026-04-15,Image Pack,Commercial,Organic,-15,29.51,2,1,2,5
4008,python pandas tutorial,96,100,1447,43,8.82,11,0.76,0.77,3668481,Declining,2026-03-14,Video,Transactional,Image,4,20.38,3,5,3,4
4009,reporting project,35,42,76,11.7,11.73,3,3.95,0.24,5259232,Rising,2026-08-21,None,Informational,Organic,7,28.74,1,1,1,7
4010,data analyst guide,72,70,5283,87.1,10.11,95,1.8,0.94,6638090,Stable,2026-03-11,None,Commercial,Organic,-2,15.33,2,1,2,7
4011,content marketing project,6,1,79,70,5.26,22,27.85,0.67,2693610,Rising,2026-06-13,None,Commercial,Organic,-5,23.98,2,1,1,7
4012,data visualization skills,70,63,3902,70.5,5.01,53,1.36,0.75,4438693,Stable,2026-02-03,People Also Ask,Navigational,Image,-7,17.33,4,5,2,3
4013,keyword research best practices,39,43,3522,77.5,1.92,129,3.66,0.53,2646211,Rising,2026-05-19,People Also Ask,Informational,Organic,4,15.7,1,1,1,3
4014,business intelligence course,79,84,496,46.3,6.22,3,0.6,0.97,1575148,Stable,2026-01-26,Image Pack,Informational,Organic,5,17.42,1,1,2,5
4015,content marketing guide,34,29,8532,88.6,3.25,429,5.03,0.39,2980371,Stable,2026-07-06,Sitelinks,Commercial,Organic,-5,23.06,2,1,2,1
4016,digital marketing training,100,100,2040,30.1,10.53,30,1.47,0.65,2546167,Declining,2026-03-13,None,Commercial,Organic,0,25.81,2,1,3,7
4017,digital marketing skills,47,40,6086,70.4,2.69,245,4.03,0.89,4648542,Rising,2026-05-31,People Also Ask,Navigational,Organic,-7,23.12,4,1,1,3
4018,marketing analytics training,19,23,13215,63.4,10.7,1410,10.67,0.46,7701516,Declining,2026-07-30,Reviews,Informational,People Also Ask,4,42.93,1,3,3,6
4019,reporting skills,83,78,109,73.3,3.79,1,0.92,0.41,2423456,Declining,2026-04-11,Image Pack,Commercial,Organic,-5,8.72,2,1,3,5
4020,sql course,93,88,23140,70.7,4.3,101,0.44,0.91,4810355,Declining,2026-07-15,Featured Snippet,Informational,Organic,-5,55.03,1,1,3,2
4021,sql best practices,49,45,1459,81.3,5.23,27,1.85,0.69,6599595,Declining,2026-04-14,People Also Ask,Commercial,People Also Ask,-4,9.5,2,3,3,3
4022,sql software,51,62,708,63.3,7.63,24,3.39,0.73,4622194,Declining,2026-05-16,Video,Navigational,Video,11,14.22,4,4,3,4
4023,business intelligence skills,80,95,591,25.6,8.22,8,1.35,0.4,3901606,Stable,2026-02-21,Reviews,Informational,People Also Ask,15,24.21,1,3,2,6
4024,tableau software,54,60,2451,82.2,4.94,36,1.47,0.41,2854411,Stable,2026-08-18,Sitelinks,Informational,Organic,6,11,1,1,2,1
4025,tableau interview questions,74,71,6862,80.8,2.37,129,1.88,0.92,1967467,Rising,2026-08-05,Image Pack,Navigational,Organic,-3,20.4,4,1,1,5
4026,keyword research tools,45,43,599,26.5,6.06,21,3.51,0.64,739801,Stable,2026-04-25,Reviews,Informational,Featured Snippet,-2,25.11,1,2,2,6
4027,power bi certification,7,22,4092,85.4,5.84,666,16.28,0.25,6022786,Stable,2026-04-15,People Also Ask,Navigational,People Also Ask,15,21.18,4,3,2,3
4028,excel best practices,87,95,13973,83.6,7.41,220,1.57,0.65,5095764,Stable,2026-09-19,None,Informational,Organic,8,33.54,1,1,2,7
4029,data science guide,1,16,5839,39.7,5.53,1651,28.28,0.84,1788960,Stable,2026-04-14,Reviews,Informational,Organic,15,44.75,1,1,2,6
4030,customer analytics best practices,52,42,524,83.3,11.62,10,1.91,0.44,6032712,Stable,2026-08-11,Video,Commercial,Image,-10,7.07,2,5,2,4
4031,power bi guide,88,97,135,82.3,6.07,1,0.74,0.79,1723100,Stable,2026-08-17,Video,Informational,Organic,9,5.97,1,1,2,4
4032,tableau best practices,46,53,25071,47.6,1.59,888,3.54,0.2,1058181,Stable,2026-03-07,None,Informational,People Also Ask,7,67.45,1,3,2,7
4033,dashboard examples,44,52,2466,65.1,7.22,70,2.84,0.56,7285427,Stable,2026-06-04,None,Commercial,Organic,8,16.88,2,1,2,7
4034,dashboard templates,44,58,12417,74.5,11.57,398,3.21,0.77,4030635,Rising,2026-05-03,Reviews,Informational,Organic,14,34.05,1,1,1,6
4035,tableau free,2,1,1021,61.8,10.05,324,31.73,0.13,4377385,Stable,2026-07-17,Sitelinks,Informational,Organic,-1,30.38,1,1,2,1
4036,data visualization project,80,82,7638,69.3,1.22,38,0.5,0.94,6684732,Stable,2026-07-03,Image Pack,Informational,Organic,2,24.66,1,1,2,5
4037,data analyst examples,8,18,1238,17.8,4.79,269,21.73,0.98,962034,Stable,2026-07-23,Featured Snippet,Informational,Organic,10,38.69,1,1,2,2
4038,business intelligence advanced,54,41,15195,72.6,11.21,318,2.09,0.07,4582867,Rising,2026-09-02,People Also Ask,Navigational,Organic,-13,39.54,4,1,1,3
4039,marketing analytics free,47,48,25131,72.6,10.23,769,3.06,0.28,3786446,Declining,2026-03-14,Video,Commercial,Organic,1,59.81,2,1,3,4
4040,seo analytics examples,88,81,1876,53.3,9.03,18,0.96,0.86,3613692,Declining,2026-02-01,Sitelinks,Commercial,Organic,-7,18.25,2,1,3,1
4041,python pandas guide,10,19,1190,73.5,5.45,258,21.68,0.4,5192918,Stable,2026-08-11,Featured Snippet,Informational,Organic,9,21.85,1,1,2,2
4042,marketing analytics tools,53,44,3396,44.8,10.57,86,2.53,0.76,1749553,Declining,2026-06-30,Video,Commercial,Organic,-9,24.66,2,1,3,4
4043,dashboard skills,58,44,21783,82,9.56,293,1.35,0.71,2309661,Rising,2026-08-08,Featured Snippet,Commercial,Organic,-14,49.43,2,1,1,2
4044,keyword research guide,24,12,706,25.5,4.56,71,10.06,0.21,7138295,Stable,2026-06-08,Image Pack,Informational,Organic,-12,29.11,1,1,2,5
4045,customer analytics best practices,1,1,4154,58.9,9.24,1355,32.62,0.47,1307770,Rising,2026-07-25,People Also Ask,Transactional,Organic,0,37.95,3,1,1,3
4046,machine learning certification,87,98,102,61.1,8.48,0,0,0.95,4701781,Rising,2026-08-12,Video,Informational,Organic,11,11.87,1,1,1,4
4047,keyword research advanced,99,91,954,62.4,6.02,4,0.42,0.16,6913202,Declining,2026-08-06,Featured Snippet,Informational,Organic,-8,13.4,1,1,3,2
4048,sql course,97,100,9061,29.4,2.13,30,0.33,0.26,3312803,Rising,2026-09-15,People Also Ask,Commercial,Image,3,39.37,2,5,1,3
4049,power bi for beginners,12,10,11080,25.8,0.54,1621,14.63,0.17,3322726,Stable,2026-06-25,Reviews,Commercial,Organic,-2,52.07,2,1,2,6
4050,python pandas project,71,66,227,62.7,6.4,2,0.88,0.2,6543898,Declining,2026-05-07,Reviews,Informational,Organic,-5,12.11,1,1,3,6
4051,marketing analytics interview questions,30,21,21185,31.2,4.67,1490,7.03,0.93,3313977,Rising,2026-04-17,Sitelinks,Navigational,Featured Snippet,-9,66.5,4,2,1,1
4052,business intelligence free,2,1,6850,73.6,3.63,2415,35.26,0.27,5376680,Rising,2026-09-23,None,Informational,Organic,-1,40.3,1,1,1,7
4053,data analyst project,35,48,22132,72.5,3.19,1080,4.88,0.53,7611985,Stable,2026-03-30,Sitelinks,Informational,Organic,13,54.85,1,1,2,1
4054,customer analytics tutorial,45,54,1180,46.4,9.65,35,2.97,0.53,4186171,Rising,2026-03-03,Image Pack,Transactional,Organic,9,20.01,3,1,1,5
4055,power bi for beginners,4,13,18506,73.3,11.29,4051,21.89,0.71,4801529,Declining,2026-07-12,Video,Transactional,Image,9,56.45,3,5,3,4
4056,data analyst course,97,100,826,13.2,6.27,8,0.97,0.97,2475152,Declining,2026-09-27,Reviews,Commercial,Video,3,28.2,2,4,3,6
4057,business intelligence dashboard,98,99,16725,83.2,4.53,223,1.33,0.29,6362762,Stable,2026-07-18,Video,Commercial,Organic,1,39,2,1,2,4
4058,mysql for beginners,8,4,14155,66.2,3.15,3069,21.68,0.4,1653800,Rising,2026-02-25,People Also Ask,Commercial,Organic,-4,49.82,2,1,1,3
4059,digital marketing skills,74,64,231,55.8,1.35,3,1.3,0.89,3232999,Stable,2026-05-12,None,Informational,Organic,-10,14.41,1,1,2,7
4060,digital marketing tools,50,45,18876,30.8,8.01,658,3.49,0.77,7725799,Stable,2026-03-02,Sitelinks,Informational,Organic,-5,60.15,1,1,2,1
4061,python pandas best practices,23,35,996,84.6,0.58,89,8.94,0.76,5529399,Declining,2026-08-01,People Also Ask,Transactional,Organic,12,11.36,3,1,3,3
4062,customer analytics guide,54,51,3993,44.1,9.39,64,1.6,0.14,5179351,Stable,2026-05-22,People Also Ask,Commercial,Organic,-3,25.56,2,1,2,3
4063,digital marketing free,79,82,6501,33.9,3.33,93,1.43,0.38,4864729,Stable,2026-04-15,Reviews,Informational,Featured Snippet,3,33.52,1,2,2,6
4064,python pandas for beginners,76,81,105,83.3,5.92,0,0,0.06,1482360,Rising,2026-09-18,Sitelinks,Informational,Organic,5,5.22,1,1,1,1
4065,machine learning salary,63,73,395,25.2,10.94,6,1.52,0.56,5763403,Rising,2026-08-07,Featured Snippet,Informational,Organic,10,24.03,1,1,1,2
4066,reporting interview questions,9,10,1124,31.5,10.9,212,18.86,0.16,1779967,Stable,2026-04-12,Image Pack,Informational,Featured Snippet,1,32.82,1,2,2,5
4067,python pandas interview questions,66,75,2632,18.9,6.32,45,1.71,0.58,5553064,Rising,2026-05-18,Sitelinks,Transactional,Organic,9,30.47,3,1,1,1
4068,power bi online,29,24,13063,68.6,9.01,968,7.41,0.25,5235422,Rising,2026-09-18,None,Informational,Video,-5,39.33,1,4,1,7
4069,seo analytics jobs,1,1,9863,60.3,11.1,2871,29.11,0.92,5423909,Stable,2026-06-11,Featured Snippet,Transactional,Organic,0,47.01,3,1,2,2
4070,customer analytics online,10,4,2099,27,7.18,335,15.96,0.13,6921857,Stable,2026-04-14,Video,Informational,People Also Ask,-6,34.57,1,3,2,4
4071,google analytics project,7,8,224,33.9,3.58,36,16.07,0.96,386393,Rising,2026-08-28,Featured Snippet,Informational,Organic,1,28.83,1,1,1,2
4072,dashboard salary,12,7,4177,50.5,9.84,592,14.17,0.55,6061321,Stable,2026-08-10,Sitelinks,Transactional,Organic,-5,30.7,3,1,2,1
4073,keyword research salary,87,100,5065,12.8,6.98,56,1.11,0.45,6072139,Rising,2026-02-03,Reviews,Commercial,Organic,13,36.82,2,1,1,6
4074,python pandas software,52,41,903,46.9,9.64,32,3.54,0.73,7359449,Stable,2026-06-29,People Also Ask,Informational,Organic,-11,19.61,1,1,2,3
4075,tableau free,7,21,806,13.8,0.75,182,22.58,0.91,7613808,Stable,2026-07-06,Video,Transactional,Organic,14,39.48,3,1,2,4
4076,marketing analytics online,93,82,1863,46.2,3.21,8,0.43,0.15,5246855,Rising,2026-06-29,None,Navigational,Organic,-11,20.07,4,1,1,7
4077,reporting certification,89,76,21664,77.4,6.65,213,0.98,0.36,6415151,Stable,2026-07-04,Image Pack,Commercial,Organic,-13,50.37,2,1,2,5
4078,tableau salary,31,35,821,31.4,6.14,53,6.46,0.5,2888578,Stable,2026-04-01,None,Informational,Image,4,25.65,1,5,2,7
4079,data analyst examples,63,70,250,70.4,0.73,5,2,0.53,6467316,Rising,2026-01-29,Featured Snippet,Navigational,Video,7,10.44,4,4,1,2
4080,customer analytics best practices,9,23,996,26.4,1.17,225,22.59,0.65,1552054,Stable,2026-09-17,Featured Snippet,Commercial,Organic,14,36.08,2,1,2,2
4081,python pandas training,15,23,1030,90,11.66,105,10.19,0.4,3373790,Stable,2026-03-22,Image Pack,Informational,Organic,8,10.47,1,1,2,5
4082,data visualization training,50,39,138,89.3,2.94,2,1.45,0.72,6589742,Stable,2026-01-16,Featured Snippet,Transactional,Organic,-11,4.26,3,1,2,2
4083,python pandas online,15,2,3562,19.6,4.81,455,12.77,0.39,738243,Stable,2026-09-16,Featured Snippet,Commercial,Organic,-13,38,2,1,2,2
4084,seo analytics interview questions,68,82,6515,52.4,1.87,89,1.37,0.17,4261604,Stable,2026-04-21,Featured Snippet,Commercial,Featured Snippet,14,27.96,2,2,2,2
4085,python pandas dashboard,98,87,5315,61.4,2.86,31,0.58,0.48,2588268,Stable,2026-09-29,Video,Informational,Video,-11,22.46,1,4,2,4
4086,seo analytics project,4,14,1773,48.9,4.35,557,31.42,0.92,3483923,Declining,2026-01-21,None,Commercial,Featured Snippet,10,35.58,2,2,3,7
4087,data visualization project,75,79,178,18.4,8.34,2,1.12,0.57,4210848,Stable,2026-07-02,Reviews,Informational,Organic,4,25.43,1,1,2,6
4088,data analyst course,36,47,1838,34.3,6.08,86,4.68,0.4,3835086,Stable,2026-03-27,Video,Transactional,Organic,11,25.85,3,1,2,4
4089,content marketing dashboard,58,47,918,55.6,5.82,18,1.96,0.2,7281178,Rising,2026-02-07,People Also Ask,Commercial,Organic,-11,16.19,2,1,1,3
4090,machine learning best practices,77,67,74,17.7,1.9,0,0,0.4,6936324,Stable,2026-01-27,Featured Snippet,Commercial,Video,-10,24.84,2,4,2,2
4091,marketing analytics advanced,46,38,6983,66.5,5.77,282,4.04,0.08,1801509,Declining,2026-05-18,Image Pack,Commercial,People Also Ask,-8,26.08,2,3,3,5
4092,customer analytics salary,55,66,1066,40.4,1.69,16,1.5,0.73,4657450,Stable,2026-05-05,Sitelinks,Commercial,Organic,11,20.8,2,1,2,1
4093,seo analytics free,78,72,92,73.8,11.87,0,0,0.6,4919483,Stable,2026-02-01,Featured Snippet,Navigational,Organic,-6,8.04,4,1,2,2
4094,data visualization interview questions,2,15,1505,62.5,0.67,454,30.17,0.51,1018197,Declining,2026-07-06,Featured Snippet,Commercial,Organic,13,30.3,2,1,3,2
4095,excel interview questions,62,70,704,59.2,6.39,11,1.56,0.67,784266,Stable,2026-03-02,People Also Ask,Transactional,Organic,8,14.47,3,1,2,3
4096,sql best practices,39,30,15673,61.3,6.44,581,3.71,0.84,6713293,Declining,2026-01-21,Image Pack,Commercial,People Also Ask,-9,44.74,2,3,3,5
4097,customer analytics for beginners,54,56,619,65,8.58,19,3.07,0.51,948703,Stable,2026-08-24,None,Informational,Featured Snippet,2,13.36,1,2,2,7
4098,business intelligence tutorial,88,87,1778,37.8,5.79,22,1.24,0.14,2669819,Stable,2026-02-21,Reviews,Transactional,People Also Ask,-1,22.85,3,3,2,6
4099,power bi templates,27,41,407,42.6,4.94,31,7.62,0.51,5005527,Stable,2026-08-02,None,Informational,Organic,14,22.08,1,1,2,7
4100,sql course,24,36,5955,65.8,2.3,587,9.86,0.53,235609,Stable,2026-03-20,None,Transactional,Organic,12,27.35,3,1,2,7
4101,machine learning tools,45,33,15877,23.6,5.28,562,3.54,0.71,3644958,Rising,2026-04-05,People Also Ask,Commercial,Organic,-12,56.37,2,1,1,3
4102,machine learning best practices,68,56,427,36,2.8,6,1.41,0.1,734114,Rising,2026-02-24,Featured Snippet,Navigational,Organic,-12,20.8,4,1,1,2
4103,data analyst free,28,29,6784,84.6,7.96,404,5.96,0.18,880988,Rising,2026-04-12,Reviews,Transactional,Organic,1,21.28,3,1,1,6
4104,tableau software,17,32,148,12.5,9.67,15,10.14,0.86,5858232,Stable,2026-01-18,Image Pack,Navigational,Organic,15,31.94,4,1,2,5
4105,reporting interview questions,15,10,3598,74.3,7.61,542,15.06,0.84,6847356,Declining,2026-01-12,Reviews,Transactional,Organic,-5,22.88,3,1,3,6
4106,data visualization skills,8,19,155,23.3,6.14,39,25.16,0.11,4266106,Stable,2026-01-22,Featured Snippet,Commercial,Organic,11,36.71,2,1,2,2
4107,machine learning for beginners,2,1,8900,32.7,11.46,3038,34.13,0.15,927324,Rising,2026-02-26,People Also Ask,Informational,Organic,-1,56.05,1,1,1,3
4108,customer analytics online,16,26,2767,42.8,0.7,310,11.2,0.96,4407687,Rising,2026-02-03,None,Informational,Organic,10,28.62,1,1,1,7
4109,machine learning best practices,96,86,1346,47.8,11.77,14,1.04,0.77,5525786,Declining,2026-06-07,Video,Informational,People Also Ask,-10,18.89,1,3,3,4
4110,dashboard tools,62,64,759,43.7,11.04,14,1.84,0.84,7887324,Declining,2026-07-08,Image Pack,Navigational,Organic,2,19.38,4,1,3,5
4111,sql certification,70,66,1522,16.8,11.78,19,1.25,0.49,7976543,Stable,2026-03-09,Video,Informational,People Also Ask,-4,28.65,1,3,2,4
4112,google analytics certification,5,1,622,12.6,0.45,162,26.05,0.38,4582353,Stable,2026-09-14,Sitelinks,Informational,People Also Ask,-4,41.32,1,3,2,1
4113,mysql for beginners,3,1,18483,79,10.26,3844,20.8,0.88,4918514,Rising,2026-09-24,People Also Ask,Informational,Organic,-2,54.12,1,1,1,3
4114,keyword research skills,8,16,2724,52,3.25,485,17.8,0.61,2389520,Stable,2026-03-28,Video,Informational,Organic,8,29.29,1,1,2,4
4115,business intelligence templates,45,33,11001,51.8,8.63,400,3.64,0.27,2378530,Stable,2026-06-05,Sitelinks,Informational,Organic,-12,38.27,1,1,2,1
4116,data visualization advanced,95,100,6491,46.9,11.92,47,0.72,0.55,4917267,Declining,2026-07-30,Sitelinks,Navigational,Organic,5,29.22,4,1,3,1
4117,power bi tools,27,15,173,87.4,10.96,13,7.51,0.47,6446380,Stable,2026-08-25,Reviews,Transactional,Organic,-12,8.12,3,1,2,6
4118,dashboard jobs,74,86,592,14.6,9.39,8,1.35,0.35,2530633,Declining,2026-01-27,Image Pack,Commercial,People Also Ask,12,27.52,2,3,3,5
4119,data visualization skills,4,7,985,40.7,4.86,302,30.66,0.05,4231822,Rising,2026-04-04,None,Informational,Organic,3,36.07,1,1,1,7
4120,data visualization online,67,76,8148,46.8,6.79,86,1.06,0.3,1097331,Rising,2026-05-18,None,Informational,Image,9,32.72,1,5,1,7
4121,excel free,58,47,1089,55.6,5.4,19,1.74,0.06,7224919,Declining,2026-04-10,None,Informational,Organic,-11,16.41,1,1,3,7
4122,data visualization skills,16,28,6939,32.6,0.43,1055,15.2,0.35,1530463,Rising,2026-08-19,None,Transactional,Organic,12,42.11,3,1,1,7
4123,digital marketing free,16,28,2008,38.7,2.78,241,12,0.74,7279106,Rising,2026-05-12,Image Pack,Commercial,Video,12,28.77,2,4,1,5
4124,python pandas best practices,69,58,75,12.8,8.67,1,1.33,0.35,1317589,Declining,2026-03-30,Sitelinks,Commercial,Video,-11,27.02,2,4,3,1
4125,tableau free,74,70,22813,35,5.66,355,1.56,0.88,6324925,Stable,2026-07-08,Sitelinks,Transactional,Organic,-4,65.69,3,1,2,1
4126,reporting interview questions,32,30,2035,51.2,9.67,131,6.44,0.6,1354476,Declining,2026-04-18,Sitelinks,Commercial,Organic,-2,22.11,2,1,3,1
4127,data analyst for beginners,11,21,3176,16.3,2.89,430,13.54,0.63,4809963,Rising,2026-07-29,Video,Transactional,Organic,10,38.63,3,1,1,4
4128,tableau software,65,66,213,50.8,9.61,2,0.94,0.41,367612,Rising,2026-08-19,Sitelinks,Informational,Organic,1,15.68,1,1,1,1
4129,power bi interview questions,45,47,1101,58.8,9.67,37,3.36,0.84,7159482,Rising,2026-01-30,None,Commercial,Organic,2,16.34,2,1,1,7
4130,digital marketing project,27,20,82,51.4,4.15,6,7.32,0.61,862248,Stable,2026-08-20,Sitelinks,Commercial,People Also Ask,-7,18.64,2,3,2,1
4131,google analytics training,41,41,5605,25.6,8.94,185,3.3,0.54,1459860,Rising,2026-04-15,Image Pack,Transactional,Organic,0,35.22,3,1,1,5
4132,seo analytics training,57,42,157,87.1,9.79,3,1.91,0.48,1263889,Rising,2026-08-16,Video,Informational,Organic,-15,5.2,1,1,1,4
4133,machine learning project,69,69,3451,40.5,1.34,37,1.07,0.55,3536330,Rising,2026-04-12,Sitelinks,Navigational,Video,0,25.28,4,4,1,1
4134,data science certification,70,85,620,36.8,2.33,9,1.45,0.43,2227166,Stable,2026-08-12,People Also Ask,Transactional,Organic,15,20.96,3,1,2,3
4135,digital marketing tutorial,37,27,14396,84.9,1.19,718,4.99,0.3,7542628,Rising,2026-06-03,People Also Ask,Informational,Image,-10,35.81,1,5,1,3
4136,data visualization tools,90,80,1125,68.3,5.46,11,0.98,0.35,3898731,Declining,2026-03-11,Sitelinks,Commercial,Image,-10,12.27,2,5,3,1
4137,sql templates,11,3,11099,52,3.05,2157,19.43,0.09,6342485,Stable,2026-08-20,Video,Commercial,Organic,-8,46.81,2,1,2,4
4138,data analyst free,11,20,9044,85.7,0.53,1346,14.88,0.43,4250946,Declining,2026-05-28,None,Commercial,Organic,9,30.19,2,1,3,7
4139,data science for beginners,27,25,3110,33.7,2.41,230,7.4,0.16,7439245,Declining,2026-07-07,People Also Ask,Commercial,Video,-2,30.01,2,4,3,3
4140,customer analytics examples,61,51,3542,13.4,1.01,90,2.54,0.14,4099303,Stable,2026-07-17,Image Pack,Commercial,People Also Ask,-10,34.37,2,3,2,5
4141,seo analytics examples,40,30,16342,25.1,4.67,622,3.81,0.51,7243434,Rising,2026-07-10,People Also Ask,Navigational,Featured Snippet,-10,56.99,4,2,1,3
4142,digital marketing free,15,5,72,28.6,11.55,7,9.72,0.09,6376534,Rising,2026-03-14,Featured Snippet,Commercial,Organic,-10,26.74,2,1,1,2
4143,mysql guide,89,89,1257,85.2,6.9,13,1.03,0.57,5669797,Stable,2026-01-27,People Also Ask,Commercial,Organic,0,7.49,2,1,2,3
4144,excel advanced,98,100,16503,24.7,5.13,134,0.81,0.77,720569,Stable,2026-01-03,None,Informational,Organic,2,55.83,1,1,2,7
4145,mysql tutorial,90,75,1549,43.8,2.73,20,1.29,0.53,428658,Stable,2026-05-06,Video,Transactional,Video,-15,20.63,3,4,2,4
4146,mysql jobs,10,12,1088,20.2,4.84,176,16.18,0.37,3240020,Stable,2026-06-17,Image Pack,Informational,Organic,2,34.71,1,1,2,5
4147,content marketing jobs,40,26,24992,15.8,4.52,940,3.76,0.27,3709175,Rising,2026-02-17,Featured Snippet,Navigational,Video,-14,76.95,4,4,1,2
4148,data analyst tools,94,90,668,80.3,6.04,10,1.5,0.27,4772620,Stable,2026-03-20,None,Informational,Organic,-4,8.04,1,1,2,7
4149,sql for beginners,63,56,15084,14.4,6.05,168,1.11,0.2,7236176,Stable,2026-04-19,Featured Snippet,Navigational,Organic,-7,56.26,4,1,2,2
4150,google analytics tutorial,94,99,738,47.9,1.84,6,0.81,0.32,3953601,Declining,2026-03-22,Video,Informational,Organic,5,17.53,1,1,3,4
4151,marketing analytics training,83,75,730,28.9,7.67,4,0.55,0.7,1891406,Rising,2026-08-17,People Also Ask,Informational,Organic,-8,23.07,1,1,1,3
4152,content marketing online,28,22,10685,82.6,9.87,794,7.43,0.81,6453903,Stable,2026-09-21,None,Informational,Featured Snippet,-6,30.42,1,2,2,7
4153,python pandas project,94,100,9595,18.8,10.23,128,1.33,0.38,4899466,Stable,2026-03-12,Image Pack,Commercial,Organic,6,44.14,2,1,2,5
4154,data analyst templates,29,32,3713,59.4,0.63,275,7.41,0.22,1997946,Stable,2026-07-08,None,Informational,Video,3,23.51,1,4,2,7
4155,keyword research examples,99,100,7345,31.9,3.81,95,1.29,0.66,7387042,Stable,2026-08-08,Image Pack,Informational,Featured Snippet,1,35.72,1,2,2,5
4156,business intelligence examples,69,60,831,38.2,11.87,12,1.44,0.82,1907301,Stable,2026-02-17,Featured Snippet,Navigational,Organic,-9,20.96,4,1,2,2
4157,sql certification,50,45,623,78.8,5.16,14,2.25,0.75,3149868,Declining,2026-08-15,Sitelinks,Informational,Organic,-5,8.8,1,1,3,1
4158,data science tools,47,51,9129,53.2,10.92,263,2.88,0.39,1501786,Stable,2026-07-10,People Also Ask,Informational,Organic,4,33.72,1,1,2,3
4159,customer analytics project,15,24,119,29.4,3.27,13,10.92,0.23,5362655,Rising,2026-03-07,Featured Snippet,Informational,Image,9,27.23,1,5,1,2
4160,mysql training,70,60,570,72,0.66,10,1.75,0.64,6995661,Stable,2026-07-31,Video,Informational,Featured Snippet,-10,10.46,1,2,2,4
4161,data analyst templates,80,78,1080,53.2,9.67,20,1.85,0.53,3733449,Declining,2026-02-20,Image Pack,Informational,Organic,-2,17.17,1,1,3,5
4162,keyword research advanced,11,1,79,84.9,3.8,14,17.72,0.23,310921,Stable,2026-03-16,Video,Informational,Organic,-10,14.12,1,1,2,4
4163,google analytics templates,38,50,6105,25.3,8.31,277,4.54,0.13,2091563,Declining,2026-01-07,None,Informational,Organic,12,36.96,1,1,3,7
4164,business intelligence dashboard,22,14,9470,41.4,10.09,1114,11.76,0.67,3142636,Rising,2026-02-26,Sitelinks,Informational,Image,-8,42.67,1,5,1,1
4165,google analytics project,90,99,15305,83.9,9.6,135,0.88,0.63,6260430,Declining,2026-08-30,Image Pack,Informational,Organic,9,35.73,1,1,3,5
4166,power bi online,2,1,1018,25.9,2.09,204,20.04,0.55,6223449,Stable,2026-04-08,Image Pack,Informational,Organic,-1,34.92,1,1,2,5
4167,digital marketing templates,59,51,263,76.1,11.61,4,1.52,0.66,4883565,Rising,2026-03-24,Image Pack,Transactional,Organic,-8,8.5,3,1,1,5
4168,digital marketing jobs,65,78,433,43.7,5.29,6,1.39,0.96,7271062,Rising,2026-04-16,Reviews,Commercial,Organic,13,18.49,2,1,1,6
4169,excel tutorial,13,28,1844,10.5,5.1,316,17.14,0.51,4214992,Stable,2026-01-14,People Also Ask,Navigational,Organic,15,39.64,4,1,2,3
4170,power bi advanced,57,63,3850,42.4,10.92,75,1.95,0.96,593424,Declining,2026-06-21,Featured Snippet,Informational,Featured Snippet,6,25.97,1,2,3,2
4171,digital marketing salary,18,32,774,69.5,3.01,80,10.34,0.86,6249407,Rising,2026-06-27,Sitelinks,Commercial,Organic,14,16.19,2,1,1,1
4172,python pandas dashboard,30,41,691,46.7,11.59,45,6.51,0.9,6579490,Declining,2026-09-21,Featured Snippet,Informational,Video,11,20.83,1,4,3,2
4173,seo analytics advanced,28,26,125,15.9,1.16,9,7.2,0.75,6636170,Stable,2026-01-16,Video,Informational,Organic,-2,29.31,1,1,2,4
4174,keyword research free,48,50,1071,42.2,7.28,22,2.05,0.82,6344164,Stable,2026-02-22,Sitelinks,Informational,Organic,2,20.56,1,1,2,1
4175,mysql for beginners,67,56,696,26.7,11.78,14,2.01,0.85,7924460,Stable,2026-03-11,Featured Snippet,Informational,People Also Ask,-11,24.44,1,3,2,2
4176,python pandas training,38,52,400,34.2,0.4,14,3.5,0.8,1699963,Rising,2026-07-15,None,Informational,Organic,14,22.4,1,1,1,7
4177,mysql interview questions,54,39,22238,18.6,7.73,379,1.7,0.29,2553989,Rising,2026-06-09,Featured Snippet,Navigational,Organic,-15,69.54,4,1,1,2
4178,marketing analytics advanced,26,33,5749,66.4,5.34,428,7.44,0.94,281121,Declining,2026-07-20,Reviews,Transactional,Organic,7,25.47,3,1,3,6
4179,seo analytics for beginners,45,33,13663,45.6,10.62,612,4.48,0.71,1093344,Rising,2026-07-12,Reviews,Navigational,Organic,-12,45.87,4,1,1,6
4180,dashboard interview questions,49,47,1249,55.1,11.05,36,2.88,0.65,513090,Stable,2026-03-23,Video,Transactional,Organic,-2,17.49,3,1,2,4
4181,seo analytics best practices,79,88,1395,53.6,4.12,11,0.79,0.41,2496634,Declining,2026-03-29,Sitelinks,Informational,Organic,9,17.11,1,1,3,1
4182,google analytics online,32,28,689,69.3,6.36,31,4.5,0.3,7042104,Rising,2026-05-28,Video,Transactional,Organic,-4,12.97,3,1,1,4
4183,keyword research jobs,9,14,3436,88.4,9.76,539,15.69,0.8,3745504,Stable,2026-01-23,None,Transactional,Organic,5,18.66,3,1,2,7
4184,power bi dashboard,5,1,672,83.6,5.93,117,17.41,0.08,918124,Declining,2026-07-04,Featured Snippet,Informational,Organic,-4,15.52,1,1,3,2
4185,seo analytics tutorial,73,77,1439,10.8,9.66,24,1.67,0.57,596187,Rising,2026-07-07,People Also Ask,Informational,Organic,4,30.51,1,1,1,3
4186,tableau guide,58,71,17405,66.5,5.31,441,2.53,0.96,5388849,Declining,2026-08-04,People Also Ask,Informational,Organic,13,46,1,1,3,3
4187,python pandas guide,41,53,1339,77.3,5.89,57,4.26,0.11,2566227,Stable,2026-05-01,Image Pack,Commercial,Video,12,11.74,2,4,2,5
4188,marketing analytics free,8,17,70,52.4,3.4,13,18.57,0.61,6484228,Stable,2026-07-24,Featured Snippet,Commercial,Organic,9,24.3,2,1,2,2
4189,excel jobs,25,38,1922,85.7,11.38,187,9.73,0.45,7717418,Rising,2026-04-16,Video,Navigational,Organic,13,13.29,4,1,1,4
4190,power bi free,5,4,823,82,5.15,168,20.41,0.46,4949682,Stable,2026-01-09,Video,Transactional,Organic,-1,17.9,3,1,2,4
4191,google analytics best practices,3,1,1401,70.7,8.93,327,23.34,0.97,7837347,Rising,2026-02-04,Reviews,Commercial,Organic,-2,24,2,1,1,6
4192,reporting tutorial,24,34,5035,65.9,10.6,362,7.19,0.94,2823328,Stable,2026-06-05,None,Informational,Video,10,24.07,1,4,2,7
4193,content marketing tutorial,67,72,5813,40.7,2.94,51,0.88,0.66,5734373,Stable,2026-02-10,Video,Commercial,Organic,5,29.82,2,1,2,4
4194,business intelligence training,49,40,926,73.7,6.5,19,2.05,0.22,6125766,Rising,2026-05-17,None,Informational,Organic,-9,10.82,1,1,1,7
4195,google analytics project,75,68,2674,73.3,10.53,35,1.31,0.16,7815672,Stable,2026-07-05,Video,Commercial,Organic,-7,14.02,2,1,2,4
4196,data analyst free,89,100,7012,17.6,7.92,128,1.83,0.08,328043,Stable,2026-02-20,Featured Snippet,Informational,People Also Ask,11,39.63,1,3,2,2
4197,google analytics course,20,27,8573,23.3,1.95,1021,11.91,0.71,722046,Stable,2026-07-29,Video,Informational,Organic,7,46.39,1,1,2,4
4198,keyword research tutorial,3,12,13932,24.6,1.54,3610,25.91,0.47,6220091,Stable,2026-06-05,None,Commercial,Organic,9,64.11,2,1,2,7
4199,seo analytics for beginners,53,59,75,37.3,1.02,1,1.33,0.36,7981211,Stable,2026-03-14,None,Informational,Organic,6,19.67,1,1,2,7
4200,python pandas online,93,98,82,82.6,9.48,0,0,0.91,6541536,Declining,2026-05-30,Video,Informational,Organic,5,5.38,1,1,3,4
4201,marketing analytics software,16,7,2744,15.9,3.43,276,10.06,0.31,5923751,Rising,2026-06-22,Reviews,Commercial,Organic,-9,36.04,2,1,1,6
4202,power bi salary,58,73,563,45.7,3.35,6,1.07,0.22,517247,Declining,2026-09-25,Image Pack,Navigational,Organic,15,17.98,4,1,3,5
4203,sql advanced,26,41,2286,67.7,2.19,215,9.41,0.25,6236258,Declining,2026-06-04,Image Pack,Informational,Organic,15,19.24,1,1,3,5
4204,marketing analytics tools,93,94,568,85.5,11.17,2,0.35,0.27,7649040,Rising,2026-03-27,Image Pack,Informational,Image,1,5.67,1,5,1,5
4205,seo analytics jobs,29,16,190,88.6,5.9,15,7.89,0.64,6995016,Rising,2026-09-19,Reviews,Navigational,Organic,-13,8,4,1,1,6
4206,data visualization course,49,55,91,28.4,4.24,2,2.2,0.72,7255532,Rising,2026-02-09,Featured Snippet,Transactional,Organic,6,22.83,3,1,1,2
4207,dashboard dashboard,69,68,19175,50.8,2.58,147,0.77,0.89,2249534,Declining,2026-08-19,Video,Transactional,Organic,-1,53.29,3,1,3,4
4208,business intelligence course,1,4,368,70.2,6.49,83,22.55,0.78,5168763,Stable,2026-04-11,Featured Snippet,Transactional,Organic,3,21.67,3,1,2,2
4209,digital marketing tutorial,11,1,1641,50.8,0.44,297,18.1,0.08,7075309,Rising,2026-03-29,Image Pack,Informational,Organic,-10,27.66,1,1,1,5
4210,content marketing tutorial,59,59,375,84.8,6.77,9,2.4,0.9,2931613,Rising,2026-06-21,Video,Informational,Organic,0,6.58,1,1,1,4
4211,digital marketing course,7,17,502,81.2,1.17,83,16.53,0.48,2676584,Stable,2026-06-19,People Also Ask,Transactional,Organic,10,15.44,3,1,2,3
4212,tableau certification,10,12,2226,18.9,3.49,338,15.18,0.87,4154959,Stable,2026-05-04,Sitelinks,Navigational,People Also Ask,2,36.83,4,3,2,1
4213,digital marketing templates,19,9,7092,73.8,6.71,868,12.24,0.43,3406605,Rising,2026-07-10,Video,Informational,Organic,-10,28.47,1,1,1,4
4214,data analyst advanced,21,7,2584,54.1,8.44,243,9.4,0.9,3892099,Rising,2026-06-22,People Also Ask,Commercial,Organic,-14,23.91,2,1,1,3
4215,business intelligence examples,9,14,865,75,1.05,165,19.08,0.69,6930518,Declining,2026-04-28,Reviews,Commercial,Featured Snippet,5,19.37,2,2,3,6
4216,data visualization software,76,86,12958,85.4,4.26,149,1.15,0.78,5643207,Rising,2026-01-24,Sitelinks,Commercial,Image,10,30.75,2,5,1,1
4217,excel jobs,80,92,8551,88.7,9.81,124,1.45,0.14,5535930,Rising,2026-04-08,People Also Ask,Navigational,Organic,12,21.16,4,1,1,3
4218,mysql tools,8,21,6116,14.6,8.29,1500,24.53,0.6,4188796,Stable,2026-07-12,Featured Snippet,Commercial,Organic,13,50.83,2,1,2,2
4219,machine learning skills,93,86,2165,19.1,5.12,10,0.46,0.82,5497807,Rising,2026-08-16,Featured Snippet,Informational,Organic,-7,28.82,1,1,1,2
4220,content marketing free,97,100,106,36.5,8.4,1,0.94,0.93,6352614,Stable,2026-04-26,Featured Snippet,Transactional,Organic,3,19.76,3,1,2,2
4221,tableau tools,38,45,16415,31.1,9.35,661,4.03,0.38,1932830,Rising,2026-01-23,Featured Snippet,Navigational,People Also Ask,7,55.45,4,3,1,2
4222,customer analytics templates,91,90,1293,24.6,3.97,16,1.24,0.61,689583,Declining,2026-06-29,Featured Snippet,Commercial,Organic,-1,25.85,2,1,3,2
4223,content marketing dashboard,78,89,3291,32,3.17,27,0.82,0.88,4500269,Stable,2026-08-02,Image Pack,Transactional,Organic,11,27.38,3,1,2,5
4224,dashboard jobs,57,67,476,36.5,9.37,9,1.89,0.81,6931724,Rising,2026-01-15,None,Transactional,Organic,10,21,3,1,1,7
4225,marketing analytics advanced,93,80,406,87.5,7.05,2,0.49,0.96,7946425,Declining,2026-02-24,Sitelinks,Informational,Video,-13,4.82,1,4,3,1
4226,machine learning advanced,39,27,1164,63.8,7.15,46,3.95,0.09,3646377,Stable,2026-05-14,Image Pack,Commercial,Organic,-12,15.28,2,1,2,5
4227,data visualization online,26,15,1096,75.5,1.52,85,7.76,0.71,5744053,Rising,2026-04-01,People Also Ask,Commercial,Organic,-11,13.66,2,1,1,3
4228,tableau advanced,78,70,1205,61.5,9.26,11,0.91,0.95,2328988,Declining,2026-08-14,Image Pack,Informational,Organic,-8,14.43,1,1,3,5
4229,mysql salary,16,30,23892,77.5,2.27,3600,15.07,0.94,3973332,Stable,2026-01-29,Video,Transactional,Organic,14,62.27,3,1,2,4
4230,google analytics project,23,25,4094,34.1,8,334,8.16,0.97,4200787,Stable,2026-04-09,Sitelinks,Informational,People Also Ask,2,32.25,1,3,2,1
4231,content marketing project,94,98,459,40.6,3.43,4,0.87,0.32,7997805,Rising,2026-03-25,Image Pack,Informational,Featured Snippet,4,19.2,1,2,1,5
4232,google analytics tools,26,24,4149,80.3,11.74,368,8.87,0.08,2476157,Stable,2026-09-22,People Also Ask,Informational,Video,-2,18.88,1,4,2,3
4233,mysql project,5,5,450,72.1,11.17,124,27.56,0.15,3926182,Stable,2026-09-05,Sitelinks,Transactional,Organic,0,23.93,3,1,2,1
4234,reporting course,70,80,1089,35.5,8.45,10,0.92,0.15,2999776,Declining,2026-09-10,People Also Ask,Transactional,Organic,10,22,3,1,3,3
4235,business intelligence best practices,11,23,664,34.3,9.64,140,21.08,0.78,6749069,Rising,2026-03-30,Reviews,Commercial,Organic,12,32.25,2,1,1,6
4236,dashboard interview questions,73,77,251,73.1,2.7,4,1.59,0.41,6424954,Stable,2026-07-27,Video,Transactional,Organic,4,9.42,3,1,2,4
4237,dashboard best practices,77,76,3735,23.9,4.68,23,0.62,0.46,4456330,Stable,2026-07-06,Image Pack,Commercial,Organic,-1,30.59,2,1,2,5
4238,business intelligence jobs,15,25,508,63.4,11.08,63,12.4,0.78,6443328,Declining,2026-01-10,Image Pack,Transactional,Featured Snippet,10,18.59,3,2,3,5
4239,mysql training,14,24,2064,76.5,11.57,318,15.41,0.29,3564352,Stable,2026-02-17,None,Commercial,People Also Ask,10,19.35,2,3,2,7
4240,data analyst skills,39,41,2021,62,1.71,67,3.32,0.4,6571295,Declining,2026-08-29,Sitelinks,Informational,Organic,2,17.18,1,1,3,1
4241,marketing analytics interview questions,62,50,21300,52.1,10.33,480,2.25,0.76,7299851,Declining,2026-02-20,Reviews,Informational,Organic,-12,57.92,1,1,3,6
4242,marketing analytics training,28,35,9435,16.1,6,743,7.87,0.44,3480457,Declining,2026-03-23,Sitelinks,Informational,Organic,7,48.12,1,1,3,1
4243,python pandas guide,9,1,9699,67.9,6.42,1820,18.76,0.4,7310044,Rising,2026-04-19,Video,Commercial,Organic,-8,38.9,2,1,1,4
4244,mysql training,21,19,1396,23,7.99,144,10.32,0.08,2244486,Rising,2026-04-14,People Also Ask,Commercial,Organic,-2,31.37,2,1,1,3
4245,reporting examples,31,25,139,46.6,8.46,8,5.76,0.77,3985049,Stable,2026-09-04,Image Pack,Transactional,Organic,-6,19.36,3,1,2,5
4246,marketing analytics best practices,4,9,1453,89.2,1.59,263,18.1,0.43,7310324,Rising,2026-03-20,Image Pack,Transactional,Organic,5,15.76,3,1,1,5
4247,reporting project,43,31,1109,38.4,5.05,31,2.8,0.67,6407178,Rising,2026-02-06,Sitelinks,Transactional,Organic,-12,22.18,3,1,1,1
4248,dashboard software,88,73,919,77,8.25,4,0.44,0.26,2714523,Stable,2026-05-31,Featured Snippet,Informational,Organic,-15,8.96,1,1,2,2
4249,tableau course,21,21,4459,41.1,8.48,533,11.95,0.4,5568413,Rising,2026-08-20,None,Informational,Featured Snippet,0,32.89,1,2,1,7
4250,digital marketing software,68,68,13285,21.5,9.07,224,1.69,0.09,2760661,Rising,2026-01-12,Video,Commercial,Organic,0,50.86,2,1,1,4
4251,content marketing online,50,50,7381,20.5,8.76,210,2.85,0.31,976704,Stable,2026-07-09,Sitelinks,Commercial,Organic,0,40.04,2,1,2,1
4252,tableau examples,40,43,2276,79.2,6.95,85,3.73,0.16,3275266,Rising,2026-05-22,Reviews,Transactional,People Also Ask,3,12.75,3,3,1,6
4253,business intelligence guide,47,41,16673,57.3,1.08,571,3.42,0.1,1581154,Rising,2026-08-07,Reviews,Navigational,Organic,-6,47.78,4,1,1,6
4254,tableau free,77,81,496,20.8,2.91,5,1.01,0.75,7142068,Stable,2026-02-03,None,Informational,Organic,4,25.28,1,1,2,7
4255,power bi for beginners,79,86,1904,68.3,11.14,17,0.89,0.63,5324285,Declining,2026-03-01,Reviews,Informational,Organic,7,13.77,1,1,3,6
4256,google analytics for beginners,60,69,1552,88.9,2.21,23,1.48,0.45,292331,Rising,2026-06-07,Video,Transactional,Organic,9,7.2,3,1,1,4
4257,dashboard project,85,72,1061,14.1,0.63,6,0.57,0.18,5910975,Stable,2026-04-29,People Also Ask,Transactional,Organic,-13,28.18,3,1,2,3
4258,data science certification,37,27,2166,27.4,1.19,75,3.46,0.71,1374720,Stable,2026-06-21,Featured Snippet,Navigational,Organic,-10,27.93,4,1,2,2
4259,python pandas project,16,6,1980,65.7,11.48,263,13.28,0.36,3416840,Stable,2026-01-23,None,Transactional,Organic,-10,21.29,3,1,2,7
4260,python pandas online,71,66,748,76.7,8.64,8,1.07,0.39,1406703,Stable,2026-02-16,None,Transactional,Organic,-5,9.05,3,1,2,7
4261,digital marketing salary,60,74,18219,81,7.82,188,1.03,0.91,1263881,Stable,2026-08-30,Video,Informational,Organic,14,42.47,1,1,2,4
4262,marketing analytics course,80,65,21199,84.3,8.38,115,0.54,0.71,1052376,Stable,2026-09-14,People Also Ask,Transactional,Featured Snippet,-15,47.14,3,2,2,3
4263,google analytics examples,13,25,832,75.2,6.8,103,12.38,0.12,2244633,Stable,2026-04-28,Video,Commercial,Organic,12,15.68,2,1,2,4
4264,reporting skills,48,41,4702,89.2,6.85,202,4.3,0.64,4851816,Stable,2026-04-05,None,Informational,People Also Ask,-7,14.88,1,3,2,7
4265,data science tutorial,8,4,1595,66,3.55,403,25.27,0.8,5049437,Rising,2026-02-15,Reviews,Informational,Organic,-4,26.82,1,1,1,6
4266,reporting best practices,23,27,10467,67.9,8.79,1104,10.55,0.14,3180501,Stable,2026-02-22,Sitelinks,Navigational,Organic,4,36.05,4,1,2,1
4267,data science examples,81,86,9441,19.9,1.97,49,0.52,0.63,4198134,Stable,2026-01-26,Reviews,Transactional,Organic,5,43.08,3,1,2,6
4268,keyword research interview questions,12,8,1875,36.4,1.83,326,17.39,0.32,3445152,Declining,2026-02-02,Reviews,Informational,Organic,-4,32.06,1,1,3,6
4269,marketing analytics software,80,91,23561,63.1,0.28,235,1,0.57,6773522,Stable,2026-02-01,People Also Ask,Informational,People Also Ask,11,58.45,1,3,2,3
4270,python pandas guide,52,61,604,37.2,1.35,12,1.99,0.28,4171633,Declining,2026-05-03,Featured Snippet,Informational,Video,9,21.1,1,4,3,2
4271,digital marketing best practices,62,76,2979,59.9,5.16,71,2.38,0.47,241333,Declining,2026-02-15,Sitelinks,Commercial,Image,14,19.22,2,5,3,1
4272,reporting tools,1,1,9710,55.1,8.86,2353,24.23,0.77,4312053,Stable,2026-06-24,None,Commercial,Organic,0,45.67,2,1,2,7
4273,business intelligence examples,26,20,6119,74.6,1.11,391,6.39,0.64,2873354,Stable,2026-01-21,People Also Ask,Transactional,Organic,-6,23.19,3,1,2,3
4274,machine learning project,76,69,910,32.7,4.62,9,0.99,0.57,2829825,Stable,2026-04-05,Image Pack,Informational,Organic,-7,22.53,1,1,2,5
4275,dashboard training,33,39,275,74.6,1.82,17,6.18,0.66,2959243,Rising,2026-06-01,Featured Snippet,Transactional,People Also Ask,6,11.46,3,3,1,2
4276,data analyst software,38,24,17691,44.1,1.38,752,4.25,0.87,1576276,Rising,2026-07-28,None,Navigational,People Also Ask,-14,54.2,4,3,1,7
4277,reporting training,5,1,10121,21.8,8.25,2754,27.21,0.14,3894829,Stable,2026-04-09,Video,Navigational,Organic,-4,58.06,4,1,2,4
4278,data science project,21,31,154,20.6,9.24,17,11.04,0.64,6590478,Stable,2026-05-02,Video,Informational,Organic,10,30,1,1,2,4
4279,power bi free,25,37,9072,39.1,2.94,613,6.76,0.85,4400689,Stable,2026-09-24,None,Commercial,Organic,12,39.9,2,1,2,7
4280,seo analytics certification,19,11,117,47.8,4.4,12,10.26,0.28,7597608,Stable,2026-07-22,People Also Ask,Navigational,Organic,-8,21.35,4,1,2,3
4281,tableau dashboard,66,75,1121,12.3,2.54,15,1.34,0.99,2539273,Rising,2026-04-09,Image Pack,Navigational,Organic,9,29.25,4,1,1,5
4282,digital marketing tutorial,32,21,3600,18.2,3.21,166,4.61,0.4,1286385,Rising,2026-02-07,Image Pack,Informational,Organic,-11,34.15,1,1,1,5
4283,data science project,36,23,9286,63.9,4.74,517,5.57,0.51,6724835,Declining,2026-09-16,People Also Ask,Informational,Organic,-13,32.26,1,1,3,3
4284,data visualization advanced,95,83,12045,74.6,10.33,170,1.41,0.87,6482959,Rising,2026-04-26,Reviews,Commercial,Featured Snippet,-12,32.32,2,2,1,6
4285,power bi tools,61,50,273,65.5,6.49,4,1.47,0.9,3835751,Stable,2026-05-13,None,Informational,Organic,-11,11.68,1,1,2,7
4286,digital marketing training,83,70,9758,23.1,9.95,104,1.07,0.26,3649593,Rising,2026-06-07,None,Commercial,Organic,-13,43.04,2,1,1,7
4287,power bi training,65,68,730,44,3.5,11,1.51,0.72,1663066,Declining,2026-04-13,Reviews,Commercial,Organic,3,19.05,2,1,3,6
4288,data visualization jobs,82,80,2232,33,3.22,24,1.08,0.39,2435135,Stable,2026-03-10,Video,Informational,Organic,-2,25.11,1,1,2,4
4289,marketing analytics software,46,42,5250,88.8,7.16,216,4.11,0.55,6115024,Rising,2026-05-18,Video,Commercial,Video,-4,15.99,2,4,1,4
4290,digital marketing templates,74,70,4670,66.3,9.15,61,1.31,0.86,6730590,Rising,2026-01-28,None,Commercial,Organic,-4,20.09,2,1,1,7
4291,sql jobs,14,26,1541,83.5,9.18,288,18.69,0.44,2980398,Rising,2026-08-22,Featured Snippet,Transactional,Organic,12,17.96,3,1,1,2
4292,data analyst salary,82,88,8496,75.2,2.78,51,0.6,0.93,1302040,Stable,2026-01-01,Sitelinks,Navigational,Organic,6,24.65,4,1,2,1
4293,reporting for beginners,71,77,12922,16,0.31,124,0.96,0.31,2118358,Declining,2026-01-28,Sitelinks,Commercial,Organic,6,51.4,2,1,3,1
4294,tableau skills,67,82,9049,77.9,7.54,173,1.91,0.19,7031953,Stable,2026-04-18,Video,Informational,Organic,15,25.64,1,1,2,4
4295,content marketing examples,73,79,1001,38.8,11.2,16,1.6,0.06,2544632,Stable,2026-07-05,Sitelinks,Commercial,Organic,6,21.2,2,1,2,1
4296,content marketing interview questions,77,64,1658,61.5,8.25,33,1.99,0.21,4926915,Stable,2026-04-18,Featured Snippet,Informational,Organic,-13,15.91,1,1,2,2
4297,google analytics best practices,19,18,469,12.7,0.33,38,8.1,0.85,2417198,Stable,2026-09-23,Image Pack,Informational,Organic,-1,31.43,1,1,2,5
4298,python pandas project,66,61,9055,80.6,6.04,182,2.01,0.52,5359949,Stable,2026-05-20,Sitelinks,Navigational,Organic,-5,24.89,4,1,2,1
4299,google analytics free,89,86,3056,11,2.42,31,1.01,0.23,4612170,Stable,2026-09-01,None,Informational,People Also Ask,-3,33.31,1,3,2,7
4300,business intelligence best practices,57,70,239,56,7.01,4,1.67,0.4,457577,Rising,2026-06-22,Video,Commercial,Image,13,14.56,2,5,1,4
4301,business intelligence templates,35,48,9741,84.8,11.11,355,3.64,0.19,1298009,Stable,2026-04-29,Video,Informational,Organic,13,25.86,1,1,2,4
4302,customer analytics free,63,62,10863,55.6,6.88,141,1.3,0.41,6108416,Rising,2026-09-27,Image Pack,Navigational,Featured Snippet,-1,35.61,4,2,1,5
4303,dashboard dashboard,22,7,3356,32.8,8.75,258,7.69,0.83,7616921,Stable,2026-03-08,None,Informational,Organic,-15,30.92,1,1,2,7
4304,reporting tools,81,71,1387,83.2,0.53,9,0.65,0.1,4691258,Stable,2026-04-13,Reviews,Commercial,Organic,-10,8.14,2,1,2,6
4305,data visualization free,67,67,136,86.9,3.15,2,1.47,0.66,7024212,Stable,2026-04-18,Reviews,Informational,Organic,0,4.98,1,1,2,6
4306,reporting salary,66,77,1601,79.2,5.69,26,1.62,0.41,2477490,Stable,2026-09-29,Image Pack,Informational,Organic,11,10.29,1,1,2,5
4307,customer analytics certification,57,65,1056,84.9,0.67,25,2.37,0.49,7616281,Stable,2026-09-19,Image Pack,Informational,Organic,8,7.89,1,1,2,5
4308,reporting software,10,22,607,19.7,9.28,103,16.97,0.99,6273305,Stable,2026-07-20,None,Transactional,Featured Snippet,12,34.33,3,2,2,7
4309,business intelligence for beginners,49,43,2572,14.9,11.65,78,3.03,0.14,3721467,Declining,2026-05-12,Image Pack,Informational,Organic,-6,32.26,1,1,3,5
4310,keyword research online,79,81,3956,81.3,0.97,55,1.39,0.33,985952,Declining,2026-03-02,Image Pack,Navigational,People Also Ask,2,14.21,4,3,3,5
4311,tableau salary,31,23,857,81.9,2.99,43,5.02,0.09,2030142,Rising,2026-06-07,Reviews,Commercial,Organic,-8,9.81,2,1,1,6
4312,dashboard examples,16,24,11104,87.9,2.51,1342,12.09,0.19,4875257,Stable,2026-04-12,People Also Ask,Commercial,Organic,8,32.14,2,1,2,3
4313,data analyst software,62,67,129,25.7,8.25,2,1.55,0.28,5864318,Declining,2026-04-16,Sitelinks,Commercial,People Also Ask,5,23.37,2,3,3,1
4314,machine learning free,9,20,11839,30.8,8.78,2543,21.48,0.14,5119764,Stable,2026-09-08,Image Pack,Transactional,Organic,11,55.73,3,1,2,5
4315,excel jobs,25,16,235,88.3,9.95,20,8.51,0.61,5495577,Stable,2026-07-26,Featured Snippet,Transactional,Organic,-9,8.51,3,1,2,2
4316,sql project,3,15,604,38,11.92,191,31.62,0.81,631401,Stable,2026-07-31,Sitelinks,Commercial,Organic,12,36.63,2,1,2,1
4317,excel jobs,89,100,5562,29.6,2.79,72,1.29,0.67,6113005,Rising,2026-02-13,Reviews,Commercial,Organic,11,32.86,2,1,1,6
4318,excel guide,23,33,242,86.3,5.81,21,8.68,0.46,367969,Stable,2026-02-04,Reviews,Informational,Organic,10,9.21,1,1,2,6
4319,business intelligence skills,8,14,372,25,10.9,59,15.86,0.85,7029560,Declining,2026-07-19,People Also Ask,Informational,Video,6,31.68,1,4,3,3
4320,data visualization course,4,10,7026,15.1,1.7,1613,22.96,0.4,7900507,Rising,2026-07-28,People Also Ask,Informational,Organic,6,51.66,1,1,1,3
4321,reporting salary,28,36,5839,58.6,6.32,508,8.7,0.64,1522193,Stable,2026-05-05,Reviews,Informational,Organic,8,28.66,1,1,2,6
4322,data analyst templates,71,74,1263,33.9,1.93,15,1.19,0.11,1698771,Stable,2026-09-14,Image Pack,Transactional,Organic,3,22.97,3,1,2,5
4323,excel software,48,62,2096,31.1,7,40,1.91,0.76,3885741,Rising,2026-02-22,Video,Informational,Organic,14,25.85,1,1,1,4
4324,data analyst project,99,100,154,89.9,10.67,0,0,0.17,4803969,Stable,2026-01-03,Video,Commercial,Organic,1,3.34,2,1,2,4
4325,python pandas advanced,100,100,2060,85.2,10.35,19,0.92,0.07,2416607,Stable,2026-02-23,Video,Transactional,Featured Snippet,0,9.03,3,2,2,4
4326,business intelligence project,70,62,1431,35,0.55,15,1.05,0.88,850345,Stable,2026-06-13,People Also Ask,Informational,Organic,-8,22.9,1,1,2,3
4327,google analytics examples,31,20,599,72.3,7.13,42,7.01,0.93,985338,Declining,2026-08-04,Sitelinks,Commercial,Organic,-11,13.23,2,1,3,1
4328,data visualization guide,26,19,589,22,2.06,49,8.32,0.29,1069131,Declining,2026-03-16,Sitelinks,Commercial,Organic,-7,29,2,1,3,1
4329,excel tutorial,9,15,6370,88,3.01,1292,20.28,0.32,3922485,Stable,2026-03-25,People Also Ask,Commercial,Video,6,27.06,2,4,2,3
4330,dashboard templates,78,85,17621,48,9.96,191,1.08,0.76,4637911,Stable,2026-09-24,Sitelinks,Navigational,Featured Snippet,7,51.21,4,2,2,1
4331,marketing analytics software,83,95,4376,46.6,9.56,28,0.64,0.07,7463305,Stable,2026-07-01,Reviews,Commercial,Organic,12,25.06,2,1,2,6
4332,google analytics templates,97,100,6575,44.8,5.64,87,1.32,0.5,926070,Stable,2026-05-27,Featured Snippet,Transactional,Organic,3,30.33,3,1,2,2
4333,data science tutorial,80,95,23387,39.9,5.57,361,1.54,0.08,6891449,Rising,2026-06-14,Reviews,Informational,Featured Snippet,15,65.35,1,2,1,6
4334,marketing analytics templates,7,9,8019,27.7,10.97,1499,18.69,0.56,448054,Stable,2026-09-08,Video,Commercial,Organic,2,47.58,2,1,2,4
4335,dashboard examples,84,77,13570,15.5,2.8,69,0.51,0.19,4050601,Rising,2026-08-16,Featured Snippet,Transactional,Organic,-7,52.6,3,1,1,2
4336,power bi best practices,83,93,523,30.7,10.7,3,0.57,0.58,7648453,Declining,2026-08-29,People Also Ask,Informational,Organic,10,22.13,1,1,3,3
4337,tableau salary,30,33,662,38.5,5.33,49,7.4,0.36,5132730,Declining,2026-08-16,Video,Transactional,Organic,3,23.7,3,1,3,4
4338,excel jobs,1,1,1490,35.7,3.94,335,22.48,0.67,359180,Stable,2026-05-23,Featured Snippet,Commercial,Organic,0,34.22,2,1,2,2
4339,marketing analytics interview questions,21,34,12174,10.8,7.91,1390,11.42,0.26,5029869,Declining,2026-05-27,Featured Snippet,Informational,Organic,13,57.04,1,1,3,2
4340,customer analytics salary,32,39,540,11,8.98,27,5,0.51,7534121,Stable,2026-03-04,Image Pack,Commercial,People Also Ask,7,30.43,2,3,2,5
4341,machine learning for beginners,28,31,14314,84.4,4.25,878,6.13,0.36,6224627,Stable,2026-02-09,Featured Snippet,Transactional,Organic,3,36.4,3,1,2,2
4342,business intelligence online,34,43,130,54.2,6.45,6,4.62,0.63,7697323,Rising,2026-04-12,None,Informational,Organic,9,16.46,1,1,1,7
4343,machine learning salary,30,38,742,55.4,4.08,62,8.36,0.23,2121944,Rising,2026-07-06,None,Transactional,Organic,8,19.3,3,1,1,7
4344,machine learning for beginners,94,98,4320,87.4,2.68,49,1.13,0.68,1992119,Stable,2026-01-31,People Also Ask,Transactional,Organic,4,12.97,3,1,2,3
4345,reporting advanced,68,72,16878,69.8,1,347,2.06,0.35,4997360,Rising,2026-06-25,Video,Commercial,Organic,4,43.71,2,1,1,4
4346,python pandas jobs,60,51,72,29.2,3.66,1,1.39,0.5,2491082,Rising,2026-01-23,People Also Ask,Navigational,Organic,-9,22.12,4,1,1,3
4347,reporting certification,78,67,7232,60.4,5.43,65,0.9,0.48,6222355,Stable,2026-05-03,Image Pack,Informational,Organic,-11,26.74,1,1,2,5
4348,mysql tutorial,15,7,83,46.3,10.36,12,14.46,0.6,965123,Stable,2026-08-28,Sitelinks,Transactional,Organic,-8,23.97,3,1,2,1
4349,mysql dashboard,13,1,3682,23.9,8.97,746,20.26,0.21,6949878,Declining,2026-07-08,Video,Commercial,Organic,-12,40.93,2,1,3,4
4350,dashboard course,32,21,396,19.4,9.93,22,5.56,0.65,6018117,Stable,2026-08-10,None,Informational,Organic,-11,27.93,1,1,2,7
4351,reporting project,11,18,7402,88.9,2.08,1563,21.12,0.57,5987434,Declining,2026-05-12,People Also Ask,Commercial,Organic,7,29.29,2,1,3,3
4352,google analytics advanced,66,72,227,87.7,4.32,3,1.32,0.39,2492438,Declining,2026-04-04,None,Commercial,People Also Ask,6,4.84,2,3,3,7
4353,business intelligence tutorial,88,90,247,47.7,7.54,4,1.62,0.3,3367871,Rising,2026-04-25,Image Pack,Commercial,People Also Ask,2,17.04,2,3,1,5
4354,data visualization guide,59,70,1297,77.1,10.18,30,2.31,0.17,5873774,Stable,2026-02-10,Video,Transactional,People Also Ask,11,10.68,3,3,2,4
4355,data visualization free,13,8,655,46.2,5.88,85,12.98,0.18,3426093,Declining,2026-09-28,Video,Informational,Image,-5,24.35,1,5,3,4
4356,excel guide,72,59,983,53.9,2.44,15,1.53,0.53,427549,Stable,2026-06-02,Reviews,Navigational,Organic,-13,16.6,4,1,2,6
4357,keyword research interview questions,83,85,765,24.2,9.06,14,1.83,0.88,5282646,Stable,2026-08-31,Image Pack,Transactional,Organic,2,25.23,3,1,2,5
4358,digital marketing project,3,1,1530,55.5,7.33,309,20.2,0.37,1469023,Stable,2026-02-13,Sitelinks,Informational,Organic,-2,27.14,1,1,2,1
4359,tableau software,44,58,98,71.1,2.99,3,3.06,0.06,3503555,Stable,2026-06-27,Reviews,Informational,Organic,14,10.49,1,1,2,6
4360,seo analytics salary,3,8,811,80.9,5.69,189,23.3,0.54,7853831,Rising,2026-06-11,Sitelinks,Navigational,Organic,5,19.74,4,1,1,1
4361,data science salary,38,33,109,29,8.72,5,4.59,0.89,5576601,Stable,2026-08-15,People Also Ask,Informational,Video,-5,23.96,1,4,2,3
4362,machine learning jobs,50,54,893,40,2.79,20,2.24,0.74,7426412,Rising,2026-09-08,Video,Commercial,Video,4,20.97,2,4,1,4
4363,business intelligence software,64,52,14296,87.1,5.75,231,1.62,0.06,5975945,Rising,2026-09-11,Image Pack,Informational,Organic,-12,33.15,1,1,1,5
4364,data visualization advanced,33,34,104,21.3,6.13,5,4.81,0.11,3835514,Stable,2026-08-20,None,Informational,Organic,1,26.38,1,1,2,7
4365,sql best practices,81,91,23241,51.2,4.42,169,0.73,0.73,5421654,Stable,2026-08-02,Image Pack,Informational,Organic,10,61.24,1,1,2,5
4366,data analyst dashboard,73,58,5778,19.8,7.23,100,1.73,0.47,2841801,Stable,2026-06-01,None,Navigational,Video,-15,36.47,4,4,2,7
4367,customer analytics for beginners,72,73,1977,25.8,5.99,19,0.96,0.24,2594973,Rising,2026-01-09,Image Pack,Commercial,Organic,1,26.7,2,1,1,5
4368,dashboard best practices,3,10,16191,22.5,9.78,3668,22.65,0.57,1920305,Rising,2026-07-07,None,Informational,Featured Snippet,7,67.49,1,2,1,7
4369,seo analytics dashboard,78,91,18725,78,1.88,222,1.19,0.53,2874966,Rising,2026-06-07,Featured Snippet,Transactional,Featured Snippet,13,44.46,3,2,1,2
4370,reporting templates,46,61,1897,38.3,3.01,57,3,0.08,7299424,Stable,2026-05-10,Sitelinks,Informational,Organic,15,23.88,1,1,2,1
4371,data analyst free,82,93,1310,29.9,6.94,17,1.3,0.05,7172180,Declining,2026-04-06,Sitelinks,Transactional,Organic,11,24.33,3,1,3,1
4372,mysql course,85,77,572,62,1.83,6,1.05,0.73,6404218,Stable,2026-08-11,Sitelinks,Informational,Organic,-8,13.1,1,1,2,1
4373,power bi best practices,98,86,122,51.9,1.49,0,0,0.77,7296453,Stable,2026-08-31,Reviews,Commercial,Organic,-12,14.67,2,1,2,6
4374,python pandas training,71,68,932,48.7,2.63,10,1.07,0.16,4462095,Stable,2026-08-30,Featured Snippet,Transactional,Organic,-3,17.81,3,1,2,2
4375,data analyst examples,91,98,781,17.2,11.6,6,0.77,0.74,4523971,Rising,2026-08-12,Image Pack,Transactional,Organic,7,26.8,3,1,1,5
4376,sql online,7,10,3863,48,3.97,938,24.28,0.78,5176978,Stable,2026-01-05,Sitelinks,Informational,Organic,3,36.2,1,1,2,1
4377,power bi jobs,95,86,1033,71.8,6.83,5,0.48,0.42,4910764,Stable,2026-01-26,Featured Snippet,Navigational,Organic,-9,10.77,4,1,2,2
4378,sql training,90,96,2318,56.6,9.7,18,0.78,0.12,4315994,Stable,2026-03-17,Image Pack,Commercial,Organic,6,18.04,2,1,2,5
4379,data analyst tools,5,19,215,86.8,3.4,50,23.26,0.29,4224925,Declining,2026-04-23,Image Pack,Informational,Video,14,16.77,1,4,3,5
4380,excel free,35,35,1120,82.7,9.59,65,5.8,0.28,4302096,Rising,2026-09-05,Featured Snippet,Informational,Organic,0,10.5,1,1,1,2
4381,keyword research interview questions,52,41,13232,77.7,2.17,466,3.52,0.62,1152907,Stable,2026-07-07,None,Commercial,Organic,-11,34.87,2,1,2,7
4382,excel online,56,45,1282,38.6,4.8,36,2.81,0.56,2399223,Rising,2026-04-15,Reviews,Informational,Organic,-11,22.46,1,1,1,6
4383,business intelligence examples,19,16,9940,42.7,10.54,992,9.98,0.25,2158938,Declining,2026-07-09,People Also Ask,Informational,People Also Ask,-3,42.26,1,3,3,3
4384,marketing analytics templates,50,35,223,61,5.99,7,3.14,0.98,2672315,Stable,2026-07-26,Reviews,Commercial,Organic,-15,13.81,2,1,2,6
4385,data science dashboard,40,35,21274,82.8,10.02,594,2.79,0.53,3384373,Stable,2026-01-20,Featured Snippet,Commercial,Organic,-5,48.94,2,1,2,2
4386,python pandas dashboard,10,3,2353,73.2,0.74,405,17.21,0.39,4001672,Stable,2026-07-22,None,Commercial,Organic,-7,21.88,2,1,2,7
4387,business intelligence project,30,39,1185,47.1,10.31,77,6.5,0.21,3294530,Stable,2026-07-17,Video,Commercial,Organic,9,21.69,2,1,2,4
4388,tableau certification,24,39,128,86.7,11.82,13,10.16,0.5,5827441,Declining,2026-05-10,Sitelinks,Informational,Organic,15,9.65,1,1,3,1
4389,data analyst guide,83,87,472,16.8,11.32,9,1.91,0.13,5350227,Stable,2026-04-01,Image Pack,Transactional,Organic,4,26.91,3,1,2,5
4390,customer analytics certification,81,72,1601,64.5,0.33,20,1.25,0.49,4947028,Declining,2026-05-02,Image Pack,Informational,Featured Snippet,-9,14.5,1,2,3,5
4391,python pandas interview questions,72,69,16408,64,4.75,345,2.1,0.3,900292,Rising,2026-01-18,Featured Snippet,Commercial,Organic,-3,44.54,2,1,1,2
4392,marketing analytics skills,11,5,164,77.4,0.99,21,12.8,0.51,3994341,Declining,2026-06-13,Featured Snippet,Commercial,Organic,-6,13.92,2,1,3,2
4393,seo analytics interview questions,54,42,186,52.5,3.54,6,3.23,0.77,4156576,Rising,2026-01-02,Image Pack,Informational,People Also Ask,-12,16.34,1,3,1,5
4394,content marketing salary,12,2,714,81.6,5.19,118,16.53,0.71,991093,Stable,2026-07-15,People Also Ask,Informational,Organic,-10,15.74,1,1,2,3
4395,business intelligence interview questions,30,21,146,45.1,7.63,8,5.48,0.98,872608,Stable,2026-08-23,Featured Snippet,Commercial,Organic,-9,19.68,2,1,2,2
4396,dashboard best practices,34,21,1332,17.2,5.87,75,5.63,0.83,4379995,Rising,2026-08-23,None,Informational,Organic,-13,30.48,1,1,1,7
4397,business intelligence skills,21,34,1125,10.1,7.49,137,12.18,0.37,7479232,Stable,2026-01-29,Sitelinks,Informational,Organic,13,35.69,1,1,2,1
4398,customer analytics interview questions,6,17,279,73,6.32,63,22.58,0.23,978019,Declining,2026-03-03,Video,Informational,Organic,11,20.67,1,1,3,4
4399,power bi tools,2,3,590,39.7,4.25,180,30.51,0.86,3701742,Stable,2026-01-24,None,Transactional,Organic,1,35.5,3,1,2,7
4400,power bi online,69,67,1000,86.2,9.65,12,1.2,0.18,4446851,Declining,2026-05-14,People Also Ask,Commercial,Organic,-2,6.77,2,1,3,3
4401,data analyst software,64,67,437,63,0.94,7,1.6,0.5,5693471,Declining,2026-06-26,Featured Snippet,Commercial,Organic,3,12.82,2,1,3,2
4402,keyword research guide,17,24,778,37.7,5.7,95,12.21,0.14,5272699,Declining,2026-08-26,Image Pack,Informational,Featured Snippet,7,26.73,1,2,3,5
4403,content marketing best practices,66,66,23416,40.7,8.39,415,1.77,0.61,6728344,Stable,2026-09-24,None,Informational,Video,0,65.29,1,4,2,7
4404,keyword research templates,85,83,1888,19.5,4.69,36,1.91,0.65,2572091,Stable,2026-07-13,Reviews,Informational,People Also Ask,-2,28.92,1,3,2,6
4405,marketing analytics course,16,2,2023,62,6.17,222,10.97,0.75,3126160,Rising,2026-01-03,Featured Snippet,Informational,Video,-14,21.26,1,4,1,2
4406,content marketing for beginners,31,26,10296,35.8,5.82,480,4.66,0.55,2902054,Stable,2026-03-30,Reviews,Navigational,Organic,-5,42.21,4,1,2,6
4407,customer analytics jobs,57,54,100,65.6,0.63,2,2,0.92,828024,Stable,2026-03-27,None,Informational,Organic,-3,11.58,1,1,2,7
4408,reporting for beginners,91,100,112,36.1,5.36,0,0,0.59,2052503,Rising,2026-03-12,Reviews,Informational,Organic,9,19.39,1,1,1,6
4409,machine learning guide,90,85,10546,86.2,0.76,171,1.62,0.5,1130708,Rising,2026-03-29,Sitelinks,Transactional,Organic,-5,25.97,3,1,1,1
4410,mysql jobs,23,11,1738,15.4,3.69,128,7.36,0.61,1936933,Stable,2026-03-07,Reviews,Commercial,Organic,-12,32.75,2,1,2,6
4411,digital marketing course,78,85,1615,29.6,3.63,17,1.05,0.18,6291081,Declining,2026-03-13,People Also Ask,Informational,Featured Snippet,7,24.89,1,2,3,3
4412,tableau guide,29,32,130,45.9,1.75,7,5.38,0.52,5097802,Rising,2026-03-17,Image Pack,Transactional,Organic,3,19.35,3,1,1,5
4413,data visualization training,83,83,114,76.2,8.21,1,0.88,0.81,7877818,Stable,2026-04-11,Sitelinks,Informational,Organic,0,7.83,1,1,2,1
4414,machine learning training,50,38,431,27.4,6.66,10,2.32,0.99,2381537,Stable,2026-08-15,People Also Ask,Transactional,Organic,-12,23.87,3,1,2,3
4415,keyword research jobs,31,40,5884,54.9,5.38,452,7.68,0.78,3183887,Stable,2026-04-26,Featured Snippet,Informational,Organic,9,29.32,1,1,2,2
4416,machine learning interview questions,91,99,110,80.7,1.43,0,0,0.32,1974008,Rising,2026-02-12,People Also Ask,Commercial,Organic,8,6.01,2,1,1,3
4417,dashboard skills,72,64,947,75.1,5.2,8,0.84,0.16,7997270,Rising,2026-06-07,Reviews,Transactional,Organic,-8,9.8,3,1,1,6
4418,google analytics project,43,47,87,78.1,0.82,2,2.3,0.91,6294390,Stable,2026-04-14,People Also Ask,Informational,Featured Snippet,4,7.97,1,2,2,3
4419,google analytics course,50,46,1490,19,10.94,45,3.02,0.99,3983072,Rising,2026-01-20,Video,Commercial,Video,-4,28.87,2,4,1,4
4420,mysql free,20,20,2017,61.2,6.67,228,11.3,0.51,631484,Stable,2026-06-03,Reviews,Navigational,Organic,0,21.66,4,1,2,6
4421,data analyst online,79,85,620,83.7,7.34,5,0.81,0.79,5820967,Stable,2026-07-10,Featured Snippet,Navigational,Organic,6,6.55,4,1,2,2
4422,data analyst skills,53,50,3580,46.5,10.97,81,2.26,0.47,7697380,Stable,2026-04-01,Image Pack,Navigational,People Also Ask,-3,24.37,4,3,2,5
4423,customer analytics course,48,40,16608,13.1,2.5,485,2.92,0.89,5089886,Declining,2026-01-11,None,Transactional,Organic,-8,60.64,3,1,3,7
4424,data analyst certification,73,80,7512,13.7,9.69,102,1.36,0.42,7001178,Rising,2026-02-22,Video,Navigational,Organic,7,41.55,4,1,1,4
4425,python pandas course,47,50,1076,89.9,10.09,26,2.42,0.4,4079250,Rising,2026-09-11,People Also Ask,Informational,Featured Snippet,3,6.46,1,2,1,3
4426,seo analytics salary,84,79,5558,59.9,7.06,57,1.03,0.51,2613001,Declining,2026-02-15,Image Pack,Commercial,Organic,-5,23.63,2,1,3,5
4427,content marketing guide,28,42,13987,41.7,9.56,1000,7.15,0.57,4795474,Rising,2026-09-05,Image Pack,Transactional,Organic,14,49.1,3,1,1,5
4428,excel free,17,15,947,38.5,6.33,142,14.99,0.06,5547198,Rising,2026-04-20,Sitelinks,Informational,Image,-2,28.31,1,5,1,1
4429,power bi salary,45,34,70,20.1,11.46,3,4.29,0.64,2461078,Stable,2026-01-24,Image Pack,Commercial,Organic,-11,26.39,2,1,2,5
4430,keyword research training,34,31,3479,56.9,11.47,205,5.89,0.36,488436,Stable,2026-07-16,Sitelinks,Informational,Organic,-3,22.98,1,1,2,1
4431,excel interview questions,68,70,14468,52.8,6.34,194,1.34,0.66,3260130,Declining,2026-09-18,Video,Informational,Video,2,43.64,1,4,3,4
4432,data visualization training,30,44,6736,87.9,3.79,327,4.85,0.48,5892210,Declining,2026-06-04,Image Pack,Transactional,Video,14,19.6,3,4,3,5
4433,mysql tools,88,100,201,10.8,7.47,1,0.5,0.66,754618,Declining,2026-07-17,Sitelinks,Informational,People Also Ask,12,27.43,1,3,3,1
4434,customer analytics dashboard,10,24,644,77,6.41,139,21.58,0.81,2553465,Stable,2026-07-04,Video,Transactional,Organic,14,19.67,3,1,2,4
4435,power bi free,17,15,102,40.5,8.25,12,11.76,0.94,7967434,Declining,2026-01-30,Reviews,Transactional,Organic,-2,24.31,3,1,3,6
4436,power bi skills,71,80,24832,33,3.67,264,1.06,0.52,1536436,Stable,2026-03-13,Image Pack,Informational,Organic,9,70.03,1,1,2,5
4437,customer analytics templates,70,57,258,85.2,5.3,5,1.94,0.61,1465838,Rising,2026-05-07,None,Informational,Featured Snippet,-13,5.99,1,2,1,7
4438,keyword research free,39,46,4780,18.7,11.58,235,4.92,0.38,4713096,Rising,2026-05-11,People Also Ask,Transactional,Organic,7,36.51,3,1,1,3
4439,business intelligence for beginners,69,56,5210,41.8,3.18,103,1.98,0.46,7115457,Stable,2026-03-11,None,Commercial,People Also Ask,-13,28.87,2,3,2,7
4440,seo analytics interview questions,53,54,103,36.4,8.02,2,1.94,0.12,925188,Stable,2026-08-03,Featured Snippet,Commercial,Organic,1,20.32,2,1,2,2
4441,python pandas certification,28,34,2543,44.7,7.47,204,8.02,0.93,3827738,Declining,2026-09-13,Featured Snippet,Informational,Organic,6,25.91,1,1,3,2
4442,data science guide,77,80,8591,82.9,3.89,56,0.65,0.61,2146817,Rising,2026-04-24,Video,Transactional,People Also Ask,3,22.56,3,3,1,4
4443,reporting advanced,56,41,183,31.7,1.54,5,2.73,0.59,3775532,Stable,2026-02-08,Image Pack,Informational,Organic,-15,22.31,1,1,2,5
4444,keyword research templates,47,54,7798,31.1,10.55,267,3.42,0.82,856983,Stable,2026-02-22,None,Transactional,Video,7,37.99,3,4,2,7
4445,digital marketing course,42,54,1099,20.8,7.26,36,3.28,0.48,4778547,Stable,2026-01-31,People Also Ask,Transactional,Organic,12,27.69,3,1,2,3
4446,marketing analytics best practices,36,31,10258,62.6,1.29,380,3.7,0.97,2209911,Stable,2026-05-23,People Also Ask,Commercial,Organic,-5,33.58,2,1,2,3
4447,dashboard certification,67,77,94,72.9,10.33,1,1.06,0.44,7863303,Stable,2026-09-28,Video,Navigational,People Also Ask,10,8.88,4,3,2,4
4448,data analyst salary,73,71,9485,75.3,8.89,120,1.27,0.42,2220306,Stable,2026-08-20,Video,Informational,Organic,-2,26.94,1,1,2,4
4449,data visualization interview questions,11,25,9737,73.4,6.69,2057,21.13,0.44,1157439,Stable,2026-07-27,None,Commercial,Video,14,38.58,2,4,2,7
4450,content marketing project,6,5,3716,30.2,11.2,968,26.05,0.84,7696465,Declining,2026-08-01,None,Commercial,Video,-1,42.19,2,4,3,7
4451,digital marketing dashboard,21,32,3820,89.9,5.93,368,9.63,0.49,5495602,Declining,2026-03-28,Reviews,Commercial,Organic,11,15.75,2,1,3,6
4452,digital marketing dashboard,62,64,13091,22.8,1.84,241,1.84,0.31,5609849,Stable,2026-01-30,Reviews,Informational,Organic,2,50.17,1,1,2,6
4453,dashboard software,28,16,2638,45.3,4.61,177,6.71,0.79,6918856,Stable,2026-04-08,Reviews,Informational,Organic,-12,25.23,1,1,2,6
4454,business intelligence jobs,69,74,941,76,6.24,11,1.17,0.84,4292166,Stable,2026-09-03,Sitelinks,Transactional,Image,5,9.69,3,5,2,1
4455,customer analytics jobs,19,33,3919,31.4,2.73,486,12.4,0.48,7895013,Stable,2026-05-07,Featured Snippet,Informational,Featured Snippet,14,34.97,1,2,2,2
4456,machine learning software,66,68,938,56.5,8.14,14,1.49,0.54,1833987,Stable,2026-03-14,None,Informational,Organic,2,15.71,1,1,2,7
4457,excel templates,53,63,18896,66.9,8.12,486,2.57,0.75,7949108,Declining,2026-07-02,Video,Informational,Organic,10,48.87,1,1,3,4
4458,data visualization online,22,12,2118,41.9,8.21,259,12.23,0.52,3988632,Rising,2026-06-09,Featured Snippet,Commercial,Organic,-10,28.15,2,1,1,2
4459,power bi interview questions,57,43,9575,44.6,1.25,163,1.7,0.87,6317599,Stable,2026-05-06,Featured Snippet,Transactional,Organic,-14,36.56,3,1,2,2
4460,content marketing project,49,36,375,68.5,10.19,13,3.47,0.65,4385172,Stable,2026-08-01,Reviews,Commercial,Organic,-13,12.04,2,1,2,6
4461,dashboard examples,94,82,13900,79.8,9.81,221,1.59,0.92,5452915,Stable,2026-03-02,Image Pack,Informational,Video,-12,34.54,1,4,2,5
4462,marketing analytics tutorial,23,8,577,17.4,7.64,42,7.28,0.71,5224953,Rising,2026-07-30,Sitelinks,Informational,Video,-15,29.8,1,4,1,1
4463,python pandas tutorial,15,17,22840,33.8,2.93,3455,15.13,0.79,293752,Stable,2026-01-28,Video,Informational,Organic,2,73.32,1,1,2,4
4464,business intelligence online,7,1,2376,54.2,10.24,418,17.59,0.29,2899254,Stable,2026-07-04,Featured Snippet,Commercial,Organic,-6,27.83,2,1,2,2
4465,tableau online,13,22,1323,10.7,7.3,198,14.97,0.2,3711870,Stable,2026-08-12,Featured Snippet,Navigational,Organic,9,37.39,4,1,2,2
4466,machine learning project,96,100,2072,53.1,3.41,8,0.39,0.18,2521522,Rising,2026-08-16,Video,Transactional,Organic,4,18.4,3,1,1,4
4467,google analytics interview questions,84,77,8444,11,7.69,124,1.47,0.49,5415464,Stable,2026-07-17,Image Pack,Commercial,Featured Snippet,-7,44.27,2,2,2,5
4468,business intelligence software,74,71,101,17,3.43,2,1.98,0.57,2159999,Stable,2026-07-03,Reviews,Informational,Organic,-3,26.15,1,1,2,6
4469,content marketing guide,23,13,10901,46.3,6.48,1054,9.67,0.79,4317216,Rising,2026-05-29,Reviews,Transactional,Organic,-10,42.93,3,1,1,6
4470,power bi project,92,100,1724,25,0.91,10,0.58,0.94,5875827,Rising,2026-08-24,Reviews,Transactional,Organic,8,26.24,3,1,1,6
4471,python pandas jobs,10,9,3531,42.8,5.44,639,18.1,0.53,7840778,Rising,2026-02-04,Video,Informational,Organic,-1,33.81,1,1,1,4
4472,tableau online,35,24,2631,89.4,11.14,138,5.25,0.6,7801974,Rising,2026-08-11,People Also Ask,Commercial,Organic,-11,11.2,2,1,1,3
4473,customer analytics free,71,59,14488,73.2,3.22,119,0.82,0.49,1642238,Stable,2026-05-02,Image Pack,Informational,Organic,-12,37.28,1,1,2,5
4474,data science tutorial,77,71,1497,44.1,8.2,12,0.8,0.88,2371961,Stable,2026-05-15,Video,Informational,Video,-6,20.17,1,4,2,4
4475,dashboard advanced,12,1,9301,27.8,10.76,1256,13.5,0.08,5950179,Rising,2026-08-18,Image Pack,Transactional,Organic,-11,47.34,3,1,1,5
4476,sql dashboard,98,92,2416,76.1,11.28,24,0.99,0.56,7404446,Stable,2026-06-26,Sitelinks,Commercial,Organic,-6,12.5,2,1,2,1
4477,mysql guide,59,44,1048,79.4,11.07,21,2,0.61,2515922,Declining,2026-05-02,Image Pack,Navigational,Organic,-15,9.33,4,1,3,5
4478,data analyst skills,29,14,6734,25.4,9.95,589,8.75,0.08,1002479,Stable,2026-09-08,Sitelinks,Informational,Organic,-15,40.42,1,1,2,1
4479,customer analytics for beginners,67,69,14918,49,3.04,220,1.47,0.73,4974310,Rising,2026-01-20,People Also Ask,Transactional,Organic,2,45.74,3,1,1,3
4480,content marketing software,58,63,2010,89.9,8.76,37,1.84,0.55,4654094,Rising,2026-06-19,Image Pack,Transactional,Organic,5,8.01,3,1,1,5
4481,marketing analytics jobs,63,62,1672,82.3,5.53,18,1.08,0.68,6453521,Rising,2026-03-19,People Also Ask,Commercial,Organic,-1,9.21,2,1,1,3
4482,reporting skills,62,73,9132,26.4,5.8,265,2.9,0.12,1766585,Rising,2026-08-26,Sitelinks,Navigational,Organic,11,41.78,4,1,1,1
4483,excel best practices,41,27,6322,18.8,0.78,347,5.49,0.42,1892189,Rising,2026-03-20,Image Pack,Navigational,Organic,-14,39.85,4,1,1,5
4484,digital marketing skills,31,41,21540,30.7,4.25,1364,6.33,0.66,1241515,Rising,2026-08-13,People Also Ask,Transactional,Featured Snippet,10,66.98,3,2,1,3
4485,customer analytics interview questions,81,86,9455,20.6,0.6,103,1.09,0.19,7193144,Rising,2026-09-05,Image Pack,Navigational,Featured Snippet,5,43.2,4,2,1,5
4486,content marketing advanced,94,100,13444,52.7,11.66,91,0.68,0.07,6871681,Rising,2026-06-26,People Also Ask,Commercial,Video,6,41.28,2,4,1,3
4487,content marketing certification,11,7,86,39.1,6.72,15,17.44,0.1,7672974,Stable,2026-01-27,Video,Informational,Organic,-4,27.72,1,1,2,4
4488,tableau free,62,68,573,25,5.35,8,1.4,0.74,6882068,Stable,2026-01-13,Reviews,Commercial,Organic,6,24.38,2,1,2,6
4489,reporting templates,30,30,3982,85.7,3.08,333,8.36,0.06,5498372,Stable,2026-09-13,Reviews,Commercial,Organic,0,16.66,2,1,2,6
4490,sql advanced,13,23,1677,10.5,7.99,207,12.34,0.36,3468134,Rising,2026-05-19,None,Commercial,Organic,10,36.75,2,1,1,7
4491,business intelligence skills,61,74,8667,59,4.1,117,1.35,0.9,7218025,Rising,2026-06-29,People Also Ask,Navigational,Organic,13,30.25,4,1,1,3
4492,excel for beginners,58,73,5526,82.6,0.87,82,1.48,0.62,2255375,Rising,2026-07-01,People Also Ask,Commercial,People Also Ask,15,16.99,2,3,1,3
4493,business intelligence dashboard,33,37,590,26.9,7.81,25,4.24,0.33,6403641,Rising,2026-09-21,Reviews,Commercial,Organic,4,25.36,2,1,1,6
4494,data analyst dashboard,52,57,173,21.2,6,4,2.31,0.89,6613156,Stable,2026-09-05,Reviews,Informational,Organic,5,25.21,1,1,2,6
4495,machine learning course,78,83,19070,19.7,0.56,342,1.79,0.73,304024,Stable,2026-09-07,Video,Transactional,Organic,5,62.96,3,1,2,4
4496,seo analytics skills,27,41,722,62.1,8.8,62,8.59,0.53,1909012,Rising,2026-02-05,Reviews,Informational,Featured Snippet,14,17.38,1,2,1,6
4497,power bi dashboard,26,34,2614,26.4,2.71,195,7.46,0.45,2640304,Rising,2026-07-11,Sitelinks,Transactional,Featured Snippet,8,31.25,3,2,1,1
4498,excel guide,31,41,20919,48.3,9.1,1773,8.48,0.38,7372154,Stable,2026-05-01,Video,Transactional,Organic,10,61.61,3,1,2,4
4499,machine learning course,32,25,13861,74.6,9.46,726,5.24,0.27,7413202,Stable,2026-03-08,Video,Informational,Organic,-7,37.97,1,1,2,4
4500,data analyst salary,24,28,1221,11.3,8.65,126,10.32,0.12,6275651,Stable,2026-05-16,Sitelinks,Commercial,Featured Snippet,4,34.53,2,2,2,1
4501,tableau software,54,53,5488,38.7,4.68,140,2.55,0.96,7564430,Stable,2026-08-15,Sitelinks,Informational,Video,-1,30.66,1,4,2,1
4502,machine learning jobs,76,65,4521,23.9,2.17,35,0.77,0.24,1196798,Stable,2026-04-28,None,Informational,Organic,-11,32.23,1,1,2,7
4503,power bi project,94,100,567,40,2.44,7,1.23,0.69,4734440,Declining,2026-09-09,Reviews,Informational,Organic,6,19.78,1,1,3,6
4504,mysql software,20,6,128,23.8,4.41,10,7.81,0.98,255039,Stable,2026-04-25,None,Commercial,Organic,-14,27.27,2,1,2,7
4505,machine learning online,62,56,861,78.1,0.28,11,1.28,0.44,7561673,Stable,2026-01-08,Sitelinks,Transactional,Image,-6,8.96,3,5,2,1
4506,data science guide,98,90,9966,21,7.95,125,1.25,0.51,6209231,Stable,2026-02-15,Featured Snippet,Navigational,Organic,-8,44.18,4,1,2,2
4507,python pandas course,30,30,1864,59.3,3.86,111,5.95,0.84,426355,Rising,2026-09-28,Image Pack,Commercial,Organic,0,19.08,2,1,1,5
4508,data visualization templates,48,40,22440,67.6,5.65,694,3.09,0.88,6072513,Stable,2026-05-25,Sitelinks,Transactional,Organic,-8,55.98,3,1,2,1
4509,customer analytics online,47,45,10262,10.6,7.97,279,2.72,0.19,598395,Declining,2026-02-16,Video,Informational,Organic,-2,48.67,1,1,3,4
4510,content marketing tools,48,44,10395,30.9,11.03,285,2.74,0.84,7464357,Stable,2026-01-08,Featured Snippet,Commercial,Featured Snippet,-4,42.86,2,2,2,2
4511,customer analytics for beginners,71,72,815,28.5,10.25,8,0.98,0.74,738996,Stable,2026-01-24,Video,Commercial,Organic,1,23.59,2,1,2,4
4512,google analytics dashboard,88,95,2604,21.4,8.28,19,0.73,0.45,3037583,Rising,2026-09-09,Reviews,Commercial,People Also Ask,7,29.15,2,3,1,6
4513,machine learning skills,85,81,276,20.6,3.51,3,1.09,0.92,5520569,Stable,2026-06-30,Image Pack,Commercial,Video,-4,24.95,2,4,2,5
4514,digital marketing guide,13,12,736,42.1,5.14,143,19.43,0.52,5511160,Stable,2026-09-08,People Also Ask,Informational,Featured Snippet,-1,29.17,1,2,2,3
4515,data visualization guide,4,1,12660,83.3,0.84,3959,31.27,0.76,1039426,Stable,2026-06-01,Image Pack,Informational,Featured Snippet,-3,46.82,1,2,2,5
4516,business intelligence salary,46,52,4889,59.7,7.6,114,2.33,0.78,4376969,Declining,2026-02-20,People Also Ask,Commercial,Organic,6,23.05,2,1,3,3
4517,reporting project,50,56,1325,66,2.33,35,2.64,0.19,3407129,Declining,2026-08-06,None,Commercial,Organic,6,14.24,2,1,3,7
4518,customer analytics jobs,94,82,3595,69.3,7.57,52,1.45,0.57,3558532,Stable,2026-03-15,Featured Snippet,Transactional,Organic,-12,17.13,3,1,2,2
4519,tableau free,42,40,18321,66.7,7.1,756,4.13,0.26,4544766,Declining,2026-09-29,People Also Ask,Informational,Featured Snippet,-2,48.61,1,2,3,3
4520,excel tools,99,100,10671,65.6,3.53,76,0.71,0.74,341042,Stable,2026-04-22,Video,Commercial,People Also Ask,1,31.91,2,3,2,4
4521,digital marketing interview questions,20,27,2474,45.4,2.7,317,12.81,0.15,3452050,Stable,2026-04-24,Video,Informational,Organic,7,28.12,1,1,2,4
4522,google analytics salary,6,13,15328,85.8,6.56,3970,25.9,0.5,5107477,Stable,2026-06-14,Reviews,Commercial,Organic,7,48.52,2,1,2,6
4523,digital marketing tools,83,75,447,58,8.85,5,1.12,0.82,2427387,Stable,2026-05-19,Featured Snippet,Informational,Organic,-8,14.08,1,1,2,2
4524,python pandas skills,33,48,1822,64.8,1.58,82,4.5,0.93,2893437,Rising,2026-07-15,Reviews,Commercial,Featured Snippet,15,16.58,2,2,1,6
4525,python pandas tutorial,45,32,83,65.5,1.08,3,3.61,0.63,6349091,Stable,2026-04-07,People Also Ask,Commercial,Organic,-13,12.44,2,1,2,3
4526,machine learning software,18,17,99,45.7,7.83,10,10.1,0.83,3289454,Rising,2026-07-22,Image Pack,Informational,Video,-1,21.86,1,4,1,5
4527,power bi training,100,100,459,24.6,3.53,8,1.74,0.48,7740717,Declining,2026-03-19,None,Commercial,Organic,0,24.46,2,1,3,7
4528,excel interview questions,8,1,1220,35.1,7.54,177,14.51,0.2,3880802,Rising,2026-03-29,None,Informational,Organic,-7,29.62,1,1,1,7
4529,seo analytics course,21,20,115,56,2.52,9,7.83,0.14,6391355,Declining,2026-09-08,Sitelinks,Commercial,Organic,-1,17.6,2,1,3,1
4530,tableau jobs,45,58,16565,65.6,1.27,510,3.08,0.56,3309112,Declining,2026-07-17,Reviews,Commercial,Organic,13,44.89,2,1,3,6
4531,seo analytics skills,49,52,1407,69.8,11.18,31,2.2,0.41,6583010,Stable,2026-09-07,None,Informational,Organic,3,13.03,1,1,2,7
4532,sql online,61,76,253,15.9,8.4,5,1.98,0.38,2453562,Declining,2026-04-30,Featured Snippet,Navigational,Organic,15,26.79,4,1,3,2
4533,python pandas free,96,82,2409,32.9,3.85,33,1.37,0.92,7196737,Stable,2026-01-11,People Also Ask,Transactional,Organic,-14,25.65,3,1,2,3
4534,sql course,31,17,15242,76.3,7.14,678,4.45,0.53,5785420,Rising,2026-08-25,Video,Commercial,Featured Snippet,-14,39.78,2,2,1,4
4535,digital marketing project,1,5,985,66.2,3.98,345,35.03,0.66,2469723,Rising,2026-03-20,Video,Informational,Organic,4,30.74,1,1,1,4
4536,python pandas for beginners,54,45,2088,32.5,9.84,53,2.54,0.15,2596309,Rising,2026-02-08,Featured Snippet,Navigational,Organic,-9,25.75,4,1,1,2
4537,customer analytics salary,41,43,9920,29.6,8,351,3.54,0.48,2113541,Stable,2026-07-16,None,Informational,Organic,2,42.73,1,1,2,7
4538,reporting online,73,59,1295,26.7,8.38,16,1.24,0.25,220813,Declining,2026-06-30,Sitelinks,Commercial,Organic,-14,25.22,2,1,3,1
4539,digital marketing course,86,79,5001,47.4,10.37,36,0.72,0.93,2083133,Declining,2026-03-16,None,Informational,Organic,-7,26.11,1,1,3,7
4540,power bi tutorial,80,68,179,67.7,7.3,1,0.56,0.38,377066,Declining,2026-09-19,None,Commercial,Organic,-12,10.34,2,1,3,7
4541,business intelligence templates,67,78,10245,40.8,11.67,216,2.11,0.64,3487683,Rising,2026-08-07,Sitelinks,Informational,Organic,11,39.25,1,1,1,1
4542,python pandas salary,88,100,869,66.6,2.36,7,0.81,0.36,4075059,Rising,2026-01-20,People Also Ask,Commercial,Featured Snippet,12,12.18,2,2,1,3
4543,keyword research course,84,71,6486,60.4,6.52,40,0.62,0.43,6950742,Declining,2026-08-14,Video,Informational,Video,-13,25.11,1,4,3,4
4544,mysql for beginners,65,65,166,10.8,7.59,3,1.81,0.62,1222330,Declining,2026-07-20,Reviews,Commercial,Organic,0,28.05,2,1,3,6
4545,keyword research best practices,66,69,6984,38.3,3.86,152,2.18,0.78,2090665,Stable,2026-01-10,Video,Transactional,Organic,3,33.56,3,1,2,4
4546,data science software,2,1,853,74.9,10.6,208,24.38,0.87,4418858,Rising,2026-04-15,Sitelinks,Informational,Video,-1,22.2,1,4,1,1
4547,data analyst software,89,91,767,25.2,8.31,7,0.91,0.33,1634799,Stable,2026-02-05,People Also Ask,Navigational,Video,2,24.45,4,4,2,3
4548,mysql online,39,30,2918,17.8,6.36,117,4.01,0.39,5498372,Stable,2026-03-02,Reviews,Informational,Organic,-9,32.6,1,1,2,6
4549,machine learning software,20,13,14499,70.8,7.2,1557,10.74,0.29,5784364,Stable,2026-01-11,People Also Ask,Transactional,Organic,-7,43.3,3,1,2,3
4550,data analyst tools,79,93,1075,73.6,8.78,13,1.21,0.71,4169782,Rising,2026-04-06,People Also Ask,Transactional,Organic,14,10.7,3,1,1,3
4551,content marketing free,92,86,734,24.6,7.17,6,0.82,0.2,3342834,Stable,2026-03-14,Image Pack,Transactional,Organic,-6,24.52,3,1,2,5
4552,marketing analytics jobs,14,1,1615,40.5,9.55,256,15.85,0.09,3765525,Stable,2026-01-17,Sitelinks,Informational,Featured Snippet,-13,29.5,1,2,2,1
4553,content marketing interview questions,3,8,900,78.4,9.58,192,21.33,0.76,6402353,Rising,2026-06-23,Image Pack,Informational,Organic,5,19.62,1,1,1,5
4554,content marketing skills,57,48,10339,58.4,3.36,219,2.12,0.56,2968516,Rising,2026-07-21,Featured Snippet,Transactional,Organic,-9,34.16,3,1,1,2
4555,dashboard templates,15,8,16473,76.4,10.14,2655,16.12,0.82,7587298,Declining,2026-07-28,Image Pack,Transactional,Organic,-7,48.41,3,1,3,5
4556,data visualization course,61,47,803,48.9,6.78,18,2.24,0.24,1711518,Rising,2026-01-25,Sitelinks,Informational,Organic,-14,18.12,1,1,1,1
4557,data science free,26,25,1202,73.4,1.3,85,7.07,0.51,4722638,Rising,2026-03-18,Image Pack,Informational,People Also Ask,-1,14.13,1,3,1,5
4558,seo analytics tutorial,73,58,129,23.4,9.7,2,1.55,0.19,6963192,Rising,2026-02-26,Featured Snippet,Informational,Organic,-15,24.06,1,1,1,2
4559,data analyst training,58,67,1081,37.7,0.7,27,2.5,0.24,5511328,Stable,2026-01-01,None,Navigational,Organic,9,22.17,4,1,2,7
4560,mysql for beginners,94,90,8910,66.8,11.23,108,1.21,0.24,738693,Stable,2026-06-30,Image Pack,Navigational,Organic,-4,28.32,4,1,2,5
4561,python pandas tools,94,88,1851,53,1.44,26,1.4,0.21,6515624,Declining,2026-01-12,None,Transactional,Video,-6,18.53,3,4,3,7
4562,sql software,22,28,1952,16.4,9.77,201,10.3,0.53,3649862,Rising,2026-06-03,Video,Commercial,Organic,6,34.44,2,1,1,4
4563,google analytics jobs,18,13,75,46.1,6.02,8,10.67,0.31,4462016,Stable,2026-04-02,Featured Snippet,Transactional,Featured Snippet,-5,22,3,2,2,2
4564,machine learning best practices,3,10,1148,48.8,5.68,330,28.75,0.44,599179,Stable,2026-07-14,People Also Ask,Informational,Organic,7,32.94,1,1,2,3
4565,customer analytics training,10,18,162,77.7,7.19,24,14.81,0.82,4220141,Stable,2026-08-18,None,Informational,Organic,8,14.89,1,1,2,7
4566,python pandas project,88,81,940,41.7,11.32,4,0.43,0.28,430813,Stable,2026-05-25,Image Pack,Commercial,Organic,-7,19.59,2,1,2,5
4567,excel skills,92,78,691,60,7.71,3,0.43,0.62,7047027,Declining,2026-02-21,Reviews,Transactional,Organic,-14,13.6,3,1,3,6
4568,keyword research advanced,36,50,3583,20.8,7.02,135,3.77,0.76,4984281,Stable,2026-07-22,Sitelinks,Commercial,Organic,14,32.89,2,1,2,1
4569,reporting dashboard,25,30,14382,73.1,0.45,1088,7.57,0.56,6424630,Rising,2026-04-20,None,Transactional,Organic,5,40.69,3,1,1,7
4570,keyword research jobs,72,60,700,47.5,3.94,14,2,0.86,6753100,Declining,2026-03-16,Video,Informational,Image,-12,18.21,1,5,3,4
4571,business intelligence for beginners,20,8,213,23.9,9.22,17,7.98,0.17,6386265,Rising,2026-05-05,Sitelinks,Transactional,Featured Snippet,-12,27.5,3,2,1,1
4572,dashboard templates,51,62,563,24.4,9.51,15,2.66,0.63,6156455,Rising,2026-01-11,Featured Snippet,Informational,Organic,11,25.21,1,1,1,2
4573,sql software,46,41,519,30.5,11.49,14,2.7,0.15,7074929,Stable,2026-07-01,None,Commercial,People Also Ask,-5,23.32,2,3,2,7
4574,excel advanced,94,79,925,77.6,0.78,7,0.76,0.52,5994277,Rising,2026-03-17,People Also Ask,Informational,Organic,-15,8.96,1,1,1,3
4575,marketing analytics guide,55,52,269,62.8,10.42,6,2.23,0.1,304127,Rising,2026-01-07,Sitelinks,Informational,Organic,-3,12.88,1,1,1,1
4576,python pandas tutorial,25,13,1438,82,5.65,104,7.23,0.98,3404920,Stable,2026-03-22,Reviews,Informational,Organic,-12,12.11,1,1,2,6
4577,content marketing course,58,56,1371,52.2,10.77,33,2.41,0.8,5063285,Stable,2026-08-27,Video,Navigational,Video,-2,18.35,4,4,2,4
4578,excel project,18,13,18901,49.8,3.69,1791,9.48,0.78,7917638,Stable,2026-04-20,None,Informational,Organic,-5,57.68,1,1,2,7
4579,seo analytics skills,24,38,659,20.5,7.56,48,7.28,0.9,2259901,Rising,2026-04-19,Reviews,Commercial,Organic,14,29.03,2,1,1,6
4580,seo analytics dashboard,2,15,2248,50.8,5.04,454,20.2,0.72,1058693,Rising,2026-01-27,Reviews,Informational,Video,13,29.98,1,4,1,6
4581,excel training,73,64,2435,82.6,4.4,35,1.44,0.1,3715308,Rising,2026-07-04,None,Commercial,Organic,-9,10.83,2,1,1,7
4582,data science best practices,88,78,841,44.2,6.48,9,1.07,0.79,5719686,Declining,2026-09-15,Sitelinks,Informational,Image,-10,18.98,1,5,3,1
4583,business intelligence online,57,67,9864,32,4.89,198,2.01,0.74,2499880,Stable,2026-07-10,Sitelinks,Informational,Featured Snippet,10,41.08,1,2,2,1
4584,google analytics templates,67,59,415,75.8,1.05,9,2.17,0.2,7032382,Rising,2026-02-04,None,Navigational,Image,-8,9.24,4,5,1,7
4585,mysql free,90,75,220,65,2.41,2,0.91,0.79,3761103,Stable,2026-09-12,Image Pack,Informational,Organic,-15,11.42,1,1,2,5
4586,mysql guide,56,44,378,46,8.63,11,2.91,0.29,1045219,Declining,2026-07-04,Video,Informational,Video,-12,18.5,1,4,3,4
4587,data science skills,77,78,452,52.6,2.74,8,1.77,0.16,7714815,Stable,2026-04-03,Image Pack,Commercial,Organic,1,16.06,2,1,2,5
4588,digital marketing examples,41,40,741,41.2,0.61,32,4.32,0.95,6834927,Declining,2026-02-12,Featured Snippet,Informational,Organic,-1,21.41,1,1,3,2
4589,content marketing salary,64,58,138,31,5.3,2,1.45,0.11,1586876,Rising,2026-09-28,None,Informational,Organic,-6,21.75,1,1,1,7
4590,python pandas advanced,33,32,550,20.5,9.3,21,3.82,0.67,7451815,Stable,2026-03-04,Sitelinks,Informational,Organic,-1,26.98,1,1,2,1
4591,sql jobs,19,8,3611,89.2,1.37,480,13.29,0.38,858182,Declining,2026-08-31,Reviews,Informational,Organic,-11,17.49,1,1,3,6
4592,machine learning certification,72,67,4255,17,8.44,46,1.08,0.38,404736,Rising,2026-01-15,Image Pack,Commercial,Organic,-5,33.93,2,1,1,5
4593,customer analytics tools,35,46,4793,28.3,4.94,248,5.17,0.66,4260110,Declining,2026-02-24,Image Pack,Commercial,Organic,11,33.79,2,1,3,5
4594,customer analytics skills,18,21,3007,23,11.11,425,14.13,0.42,2674128,Stable,2026-07-26,Sitelinks,Commercial,Video,3,36.6,2,4,2,1
4595,content marketing for beginners,52,63,6432,66.1,3.54,129,2.01,0.66,1951067,Declining,2026-07-20,Sitelinks,Informational,Organic,11,24.03,1,1,3,1
4596,excel certification,13,13,91,33.2,10.76,15,16.48,0.8,1995342,Rising,2026-01-26,People Also Ask,Informational,Featured Snippet,0,28.99,1,2,1,3
4597,mysql course,17,3,4025,55.2,5.9,570,14.16,0.44,1974408,Rising,2026-03-08,Image Pack,Informational,Video,-14,28.98,1,4,1,5
4598,power bi interview questions,62,50,7815,83.4,5.32,214,2.74,0.11,3338777,Declining,2026-01-27,Video,Informational,Organic,-12,21.98,1,1,3,4
4599,customer analytics online,70,75,1250,74.1,3.34,11,0.88,0.9,5919099,Stable,2026-09-19,Video,Informational,Organic,5,10.72,1,1,2,4
4600,marketing analytics best practices,72,80,921,23.8,4.09,10,1.09,0.45,7713749,Declining,2026-05-02,Sitelinks,Informational,Organic,8,25.27,1,1,3,1
4601,digital marketing tools,89,88,6973,82.8,1.25,51,0.73,0.95,4511802,Stable,2026-01-13,None,Navigational,Organic,-1,19.41,4,1,2,7
4602,keyword research online,87,82,2445,57.2,11.04,10,0.41,0.66,3137201,Declining,2026-04-04,Video,Navigational,Organic,-5,17.92,4,1,3,4
4603,data visualization project,24,15,1697,52.4,6.34,184,10.84,0.36,2924017,Stable,2026-07-21,Featured Snippet,Commercial,Image,-9,23.42,2,5,2,2
4604,data visualization skills,69,84,1564,24.7,0.97,20,1.28,0.31,7560158,Stable,2026-05-13,Featured Snippet,Informational,Organic,15,26.38,1,1,2,2
4605,seo analytics interview questions,15,25,374,68.3,11.28,51,13.64,0.23,7238078,Rising,2026-01-17,Sitelinks,Informational,Organic,10,17.51,1,1,1,1
4606,reporting training,56,58,7534,22.4,8.4,218,2.89,0.97,6276116,Rising,2026-04-10,Featured Snippet,Commercial,Organic,2,39.8,2,1,1,2
4607,machine learning skills,67,72,1177,57.8,2.98,23,1.95,0.67,2602534,Rising,2026-05-28,Image Pack,Navigational,Organic,5,16.04,4,1,1,5
4608,reporting online,16,11,1389,18.2,9.54,205,14.76,0.8,2624589,Stable,2026-03-01,None,Commercial,Organic,-5,35.16,2,1,2,7
4609,digital marketing salary,42,57,4409,39.9,11.38,142,3.22,0.79,2842790,Rising,2026-08-10,Image Pack,Transactional,Organic,15,28.51,3,1,1,5
4610,marketing analytics examples,76,80,715,68.8,3.39,10,1.4,0.49,7522030,Rising,2026-01-13,Image Pack,Transactional,Organic,4,11.53,3,1,1,5
4611,mysql tools,39,24,136,64.7,9.57,4,2.94,0.52,4426417,Declining,2026-05-01,Video,Informational,Image,-15,12.43,1,5,3,4
4612,marketing analytics skills,58,66,1206,80.9,2.1,16,1.33,0.2,469488,Declining,2026-02-17,Sitelinks,Transactional,Organic,8,8.84,3,1,3,1
4613,data visualization templates,42,35,13120,61.9,1.78,655,4.99,0.66,1077505,Declining,2026-07-06,Image Pack,Transactional,Featured Snippet,-7,40.17,3,2,3,5
4614,machine learning dashboard,32,34,245,69.6,11.63,13,5.31,0.46,3476964,Stable,2026-01-24,Sitelinks,Commercial,Organic,2,12.43,2,1,2,1
4615,google analytics templates,83,69,22663,85,10.91,260,1.15,0.61,2042461,Rising,2026-09-25,None,Transactional,Organic,-14,50.17,3,1,1,7
4616,keyword research tools,34,39,788,44.4,6.91,46,5.84,0.37,5800925,Rising,2026-01-21,None,Commercial,Organic,5,21.35,2,1,1,7
4617,excel jobs,41,43,707,74,5.09,30,4.24,0.28,5946206,Stable,2026-06-18,People Also Ask,Commercial,Organic,2,11.46,2,1,2,3
4618,data science advanced,59,66,741,78.8,5.76,17,2.29,0.76,2304244,Declining,2026-03-19,People Also Ask,Transactional,Image,7,9.05,3,5,3,3
4619,machine learning training,33,35,4833,35.5,5,199,4.12,0.94,5389660,Stable,2026-05-21,Video,Informational,Organic,2,31.15,1,1,2,4
4620,data science software,89,100,7492,43.5,8.3,74,0.99,0.83,2007591,Declining,2026-03-04,None,Informational,Organic,11,32.37,1,1,3,7
4621,seo analytics training,82,94,2149,46.9,2.41,38,1.77,0.53,3924946,Rising,2026-02-03,Video,Commercial,Organic,12,21.14,2,1,1,4
4622,reporting examples,49,51,6891,20.2,4.82,176,2.55,0.95,5056172,Rising,2026-02-23,None,Informational,Organic,2,39,1,1,1,7
4623,python pandas skills,16,6,1554,51.5,10.36,175,11.26,0.46,604475,Stable,2026-04-27,Image Pack,Commercial,Organic,-10,23.63,2,1,2,5
4624,data analyst online,43,39,820,71.9,0.23,34,4.15,0.62,5077111,Stable,2026-01-29,Reviews,Commercial,Organic,-4,12.27,2,1,2,6
4625,digital marketing advanced,99,100,749,87.6,4.93,9,1.2,0.93,7190785,Rising,2026-08-22,People Also Ask,Informational,Organic,1,5.85,1,1,1,3
4626,customer analytics best practices,44,43,7945,87.6,1.53,190,2.39,0.2,223429,Stable,2026-03-24,Image Pack,Informational,Organic,-1,20.79,1,1,2,5
4627,keyword research project,27,42,159,60.7,5.96,8,5.03,0.63,250199,Rising,2026-08-18,Image Pack,Informational,Organic,15,14.78,1,1,1,5
4628,excel advanced,48,49,3607,77.2,5.15,108,2.99,0.71,7857892,Rising,2026-07-10,None,Navigational,Organic,1,15.6,4,1,1,7
4629,business intelligence tutorial,6,2,2490,55.2,2.63,582,23.37,0.53,1968767,Declining,2026-07-29,Video,Informational,Image,-4,30.83,1,5,3,4
4630,reporting advanced,54,69,24015,54,7.98,567,2.36,0.96,2440061,Declining,2026-05-07,Featured Snippet,Informational,Video,15,62.8,1,4,3,2
4631,python pandas certification,41,38,79,63.7,11.9,3,3.8,0.85,6568138,Stable,2026-07-22,Image Pack,Navigational,Organic,-3,13.07,4,1,2,5
4632,dashboard salary,64,51,4725,68.9,2.91,60,1.27,0.72,5944469,Stable,2026-08-23,None,Transactional,Image,-13,19.4,3,5,2,7
4633,data analyst for beginners,64,65,15780,18,6.24,301,1.91,0.63,6304310,Stable,2026-04-21,Video,Commercial,Organic,1,56.99,2,1,2,4
4634,reporting advanced,85,80,2488,20.5,2.63,16,0.64,0.33,7701063,Rising,2026-05-13,Video,Commercial,Organic,-5,29.14,2,1,1,4
4635,customer analytics advanced,93,85,601,51.9,2.55,11,1.83,0.59,1878481,Stable,2026-03-10,Reviews,Informational,Organic,-8,16.6,1,1,2,6
4636,excel tutorial,36,24,2935,74.5,6.76,155,5.28,0.94,1020558,Rising,2026-01-04,None,Transactional,Organic,-12,16.3,3,1,1,7
4637,digital marketing tutorial,95,88,85,59.1,5.72,1,1.18,0.16,4320681,Stable,2026-08-12,Image Pack,Informational,Organic,-7,13.07,1,1,2,5
4638,marketing analytics advanced,11,1,1152,21.8,7.38,157,13.63,0.05,1343816,Declining,2026-05-28,Sitelinks,Commercial,Featured Snippet,-10,33,2,2,3,1
4639,sql best practices,100,98,16274,63.5,4.21,248,1.52,0.4,4056949,Declining,2026-06-19,Video,Commercial,Organic,-2,44.11,2,1,3,4
4640,machine learning examples,29,16,1284,24.7,2.82,86,6.7,0.62,7178064,Stable,2026-03-21,None,Informational,Organic,-13,28.71,1,1,2,7
4641,reporting guide,32,25,18626,87,9.32,1243,6.67,0.84,1012412,Stable,2026-04-30,Image Pack,Informational,Organic,-7,44.48,1,1,2,5
4642,data visualization interview questions,87,100,3900,84.4,0.26,30,0.77,0.29,279147,Stable,2026-09-26,None,Navigational,Organic,13,12.84,4,1,2,7
4643,data visualization software,85,79,100,31.5,10.5,1,1,0.41,7410754,Stable,2026-02-03,Video,Informational,Featured Snippet,-6,21.28,1,2,2,4
4644,keyword research training,21,24,278,26.3,4.72,28,10.07,0.29,2231311,Rising,2026-01-16,Sitelinks,Transactional,Organic,3,28.02,3,1,1,1
4645,data analyst dashboard,72,62,1364,29,7.09,13,0.95,0.26,2612946,Stable,2026-06-03,People Also Ask,Informational,Organic,-10,24.52,1,1,2,3
4646,dashboard tutorial,49,47,7351,14.2,9.04,201,2.73,0.92,7709666,Declining,2026-06-04,People Also Ask,Informational,Organic,-2,41.81,1,1,3,3
4647,keyword research interview questions,13,13,13252,65.6,11.79,1595,12.04,0.52,7531724,Rising,2026-03-06,Image Pack,Informational,Organic,0,43.07,1,1,1,5
4648,keyword research tutorial,61,55,15241,75.4,8.2,219,1.44,0.23,4005392,Stable,2026-05-21,People Also Ask,Informational,Organic,-6,38.45,1,1,2,3
4649,sql course,43,41,6971,56.2,5.91,220,3.16,0.95,3571476,Rising,2026-07-12,People Also Ask,Informational,Image,-2,28.68,1,5,1,3
4650,python pandas certification,52,55,2562,51.9,9.59,67,2.62,0.51,6516605,Declining,2026-04-30,None,Informational,People Also Ask,3,20.92,1,3,3,7
4651,keyword research templates,56,71,1037,47.9,1.72,22,2.12,0.13,1187980,Declining,2026-07-26,Sitelinks,Informational,Image,15,18.82,1,5,3,1
4652,dashboard project,71,58,1530,52.4,11.94,14,0.92,0.34,3783735,Rising,2026-05-14,People Also Ask,Commercial,Organic,-13,17.81,2,1,1,3
4653,dashboard for beginners,35,36,119,21.7,0.25,5,4.2,0.97,4054578,Stable,2026-01-27,Video,Navigational,Featured Snippet,1,25.96,4,2,2,4
4654,google analytics tools,62,63,23615,28.8,1.97,417,1.77,0.68,4865872,Rising,2026-07-08,Reviews,Transactional,Organic,1,69.25,3,1,1,6
4655,data visualization jobs,19,9,953,42.1,0.64,100,10.49,0.19,5060522,Stable,2026-09-29,Image Pack,Transactional,Organic,-10,24.85,3,1,2,5
4656,power bi templates,74,85,9072,31.8,2.66,132,1.46,0.66,6673985,Stable,2026-02-10,Reviews,Commercial,Featured Snippet,11,39.27,2,2,2,6
4657,google analytics free,19,18,4725,25.8,1.78,474,10.03,0.75,6651426,Stable,2026-09-03,Reviews,Commercial,Organic,-1,36.99,2,1,2,6
4658,data science training,27,32,9666,13.9,2.02,688,7.12,0.16,1856534,Rising,2026-05-15,Sitelinks,Navigational,People Also Ask,5,48.84,4,3,1,1
4659,excel best practices,76,70,15652,48.2,3.36,151,0.96,0.15,6138852,Stable,2026-08-17,Reviews,Commercial,Organic,-6,47.17,2,1,2,6
4660,content marketing tools,48,61,79,50.9,11.36,2,2.53,0.18,4686041,Rising,2026-02-13,Video,Informational,Image,13,16.23,1,5,1,4
4661,marketing analytics best practices,12,14,13525,53.9,3.75,2506,18.53,0.88,1718802,Declining,2026-04-24,People Also Ask,Informational,Organic,2,50.58,1,1,3,3
4662,content marketing dashboard,77,76,353,80.7,8.54,5,1.42,0.06,5160190,Stable,2026-05-31,None,Informational,Organic,-1,7.25,1,1,2,7
4663,python pandas software,73,73,906,43.2,9.67,13,1.43,0.9,533037,Stable,2026-01-12,Sitelinks,Transactional,Organic,0,19.6,3,1,2,1
4664,machine learning course,29,18,423,63.3,3.15,25,5.91,0.7,5821868,Rising,2026-04-17,None,Commercial,People Also Ask,-11,15,2,3,1,7
4665,google analytics tutorial,18,15,3580,80.6,10.28,390,10.89,0.96,1489286,Rising,2026-07-15,Featured Snippet,Informational,Image,-3,18.73,1,5,1,2
4666,reporting free,19,12,24530,75.3,2.77,3158,12.87,0.73,4858820,Stable,2026-01-28,None,Commercial,Organic,-7,63.03,2,1,2,7
4667,sql course,45,60,189,12.5,5.62,4,2.12,0.96,6656783,Stable,2026-07-09,Featured Snippet,Commercial,Organic,15,27.75,2,1,2,2
4668,customer analytics software,94,100,248,61.5,2.57,2,0.81,0.63,4555704,Stable,2026-05-02,People Also Ask,Informational,Organic,6,12.47,1,1,2,3
4669,reporting skills,2,9,184,87.3,8.66,65,35.33,0.1,6535813,Rising,2026-09-27,Video,Informational,Organic,7,22.98,1,1,1,4
4670,mysql interview questions,76,79,1066,64.1,3.36,17,1.59,0.7,4919697,Rising,2026-09-25,Image Pack,Commercial,Featured Snippet,3,13.74,2,2,1,5
4671,reporting advanced,74,72,3537,24.8,5.17,51,1.44,0.83,464695,Rising,2026-07-26,People Also Ask,Navigational,Featured Snippet,-2,30.36,4,2,1,3
4672,seo analytics templates,35,29,609,24.3,6.57,42,6.9,0.2,3035378,Declining,2026-07-12,Video,Transactional,Featured Snippet,-6,27.59,3,2,3,4
4673,reporting tools,62,67,4136,45.1,7.35,71,1.72,0.46,5587465,Stable,2026-08-08,Sitelinks,Informational,Organic,5,25.61,1,1,2,1
4674,google analytics training,10,8,1937,19.4,2.33,321,16.57,0.67,6046504,Rising,2026-02-19,Video,Informational,Organic,-2,36.85,1,1,1,4
4675,reporting free,15,6,3102,77.4,2.76,318,10.25,0.49,438931,Declining,2026-03-19,Sitelinks,Commercial,Video,-9,18.4,2,4,3,1
4676,tableau guide,93,87,3660,43.5,4.49,33,0.9,0.06,5632244,Stable,2026-03-08,Video,Commercial,Organic,-6,24.71,2,1,2,4
4677,machine learning skills,33,44,628,47.7,11.13,40,6.37,0.76,5043055,Declining,2026-03-17,Sitelinks,Transactional,People Also Ask,11,20.33,3,3,3,1
4678,content marketing templates,29,19,446,66.5,10.66,39,8.74,0.33,328145,Stable,2026-05-31,Image Pack,Informational,Organic,-10,15.59,1,1,2,5
4679,sql best practices,18,31,1034,21.6,7.83,120,11.61,0.34,7136152,Rising,2026-02-27,Featured Snippet,Informational,Organic,13,31.75,1,1,1,2
4680,tableau course,27,30,628,55,11.85,59,9.39,0.52,495018,Rising,2026-04-20,Reviews,Commercial,Featured Snippet,3,19.75,2,2,1,6
4681,sql salary,79,82,4984,66.2,10.29,43,0.86,0.53,2108837,Declining,2026-08-20,Video,Commercial,Featured Snippet,3,20.51,2,2,3,4
4682,seo analytics guide,26,37,1074,47.9,11.51,96,8.94,0.37,5045746,Declining,2026-08-24,People Also Ask,Informational,Organic,11,22.52,1,1,3,3
4683,digital marketing tutorial,73,88,2095,62.3,7.92,46,2.2,0.91,5230740,Stable,2026-05-07,Featured Snippet,Transactional,Organic,15,16.65,3,1,2,2
4684,data analyst guide,74,83,6206,79.1,3.07,102,1.64,0.2,7234840,Stable,2026-02-15,Reviews,Navigational,Organic,9,19.48,4,1,2,6
4685,customer analytics course,51,48,1227,54.2,11.88,45,3.67,0.79,5579441,Stable,2026-03-29,Video,Transactional,Organic,-3,18.13,3,1,2,4
4686,keyword research certification,19,19,121,18.3,8.65,12,9.92,0.94,1965751,Declining,2026-09-12,Sitelinks,Transactional,Organic,0,30.03,3,1,3,1
4687,keyword research skills,40,36,2395,18.3,3.42,76,3.17,0.92,5647139,Stable,2026-02-08,People Also Ask,Informational,Organic,-4,30.96,1,1,2,3
4688,excel training,82,87,4095,74.1,9.31,26,0.63,0.13,271611,Rising,2026-03-04,Image Pack,Informational,Organic,5,16.25,1,1,1,5
4689,seo analytics project,94,84,12959,43.6,11.45,137,1.06,0.08,6031604,Rising,2026-07-23,Reviews,Informational,Organic,-10,43.25,1,1,1,6
4690,excel advanced,63,73,489,33.3,3.42,6,1.23,0.57,2464783,Stable,2026-03-11,Reviews,Transactional,Organic,10,21.64,3,1,2,6
4691,customer analytics examples,46,49,2379,13.8,0.71,75,3.15,0.07,1291724,Stable,2026-08-12,Video,Commercial,Organic,3,32.27,2,1,2,4
4692,excel advanced,23,9,552,47.3,3.12,46,8.33,0.39,6272774,Stable,2026-06-02,Reviews,Informational,Organic,-14,21.34,1,1,2,6
4693,reporting dashboard,50,47,3947,17.3,2.14,91,2.31,0.18,4932317,Rising,2026-07-23,Featured Snippet,Transactional,Organic,-3,33.89,3,1,1,2
4694,sql for beginners,61,66,6725,62.7,7.77,135,2.01,0.78,7889396,Stable,2026-03-09,Video,Informational,Organic,5,25.63,1,1,2,4
4695,sql skills,67,75,1599,11.9,1.05,19,1.19,0.91,3912636,Stable,2026-06-22,People Also Ask,Commercial,Organic,8,30.24,2,1,2,3
4696,dashboard examples,45,37,6788,16.8,2.38,192,2.83,0.82,5606237,Stable,2026-06-15,Sitelinks,Informational,Organic,-8,39.96,1,1,2,1
4697,python pandas course,51,66,1022,10.4,4.22,24,2.35,0.35,1167649,Declining,2026-07-29,Sitelinks,Informational,Organic,15,30.16,1,1,3,1
4698,power bi examples,62,63,3503,83.2,1.76,69,1.97,0.57,5719354,Stable,2026-07-25,None,Transactional,Organic,1,13.05,3,1,2,7
4699,digital marketing salary,80,78,1272,72.9,10.29,12,0.94,0.34,3877322,Stable,2026-08-13,None,Informational,Featured Snippet,-2,11.16,1,2,2,7
4700,tableau online,55,55,1182,52,7.51,26,2.2,0.37,1004195,Stable,2026-01-08,Sitelinks,Commercial,Organic,0,17.92,2,1,2,1
4701,business intelligence software,95,97,1043,67.6,9.18,3,0.29,0.84,460629,Declining,2026-08-17,Reviews,Commercial,Organic,2,11.95,2,1,3,6
4702,digital marketing software,29,14,115,65.9,7.71,7,6.09,0.5,6104036,Rising,2026-02-13,Featured Snippet,Commercial,Organic,-15,13.7,2,1,1,2
4703,power bi templates,38,30,3691,70.4,10.42,168,4.55,0.71,6211303,Stable,2026-06-02,Sitelinks,Transactional,Organic,-8,18.64,3,1,2,1
4704,tableau course,4,18,689,43.9,10.51,157,22.79,0.76,3210397,Declining,2026-05-12,Featured Snippet,Transactional,Organic,14,30.33,3,1,3,2
4705,seo analytics for beginners,69,68,3954,63.4,0.56,43,1.09,0.38,1720660,Stable,2026-06-28,None,Informational,Organic,-1,19.42,1,1,2,7
4706,keyword research dashboard,69,63,3717,10.7,11.45,35,0.94,0.16,6660279,Stable,2026-06-23,Reviews,Informational,Organic,-6,34.68,1,1,2,6
4707,business intelligence templates,2,11,15799,86.6,1.45,3270,20.7,0.12,6084555,Rising,2026-04-13,None,Commercial,Organic,9,46.45,2,1,1,7
4708,digital marketing best practices,32,28,1398,42,6.52,95,6.8,0.57,6206508,Declining,2026-08-23,Video,Informational,Organic,-4,23.8,1,1,3,4
4709,dashboard training,91,96,1245,80.2,11.23,5,0.4,0.69,1046978,Stable,2026-07-20,None,Informational,People Also Ask,5,8.63,1,3,2,7
4710,business intelligence salary,54,48,24162,48.5,9.64,436,1.8,0.33,4517185,Declining,2026-06-18,Sitelinks,Informational,Organic,-6,64.45,1,1,3,1
4711,dashboard advanced,2,6,141,18.7,2.21,49,34.75,0.69,301536,Declining,2026-02-22,Image Pack,Commercial,Organic,4,43.16,2,1,3,5
4712,machine learning advanced,35,37,4364,10,2.71,223,5.11,0.48,3904719,Declining,2026-02-03,Image Pack,Navigational,Organic,2,38.4,4,1,3,5
4713,reporting free,7,1,920,64.1,6.63,215,23.37,0.74,5388896,Rising,2026-05-10,Video,Commercial,Organic,-6,25.04,2,1,1,4
4714,business intelligence templates,81,90,2710,21.9,5.99,37,1.37,0.26,2612697,Stable,2026-02-23,People Also Ask,Informational,Organic,9,29.55,1,1,2,3
4715,business intelligence training,22,9,962,12.9,10.16,105,10.91,0.89,5164813,Stable,2026-03-11,Video,Commercial,Organic,-13,33.85,2,1,2,4
4716,keyword research best practices,13,1,10492,25.4,1.36,1483,14.13,0.18,3691180,Stable,2026-05-07,People Also Ask,Informational,Image,-12,50.76,1,5,2,3
4717,sql for beginners,83,90,10559,79.9,8.53,75,0.71,0.53,1766493,Stable,2026-05-26,Video,Informational,Video,7,27.4,1,4,2,4
4718,customer analytics online,8,1,3061,14.6,6.63,653,21.33,0.39,509445,Stable,2026-01-14,Sitelinks,Informational,Organic,-7,43.06,1,1,2,1
4719,seo analytics tools,39,48,102,18.8,3.18,4,3.92,0.07,2598315,Stable,2026-02-13,Featured Snippet,Commercial,Organic,9,26.65,2,1,2,2
4720,digital marketing advanced,81,81,19925,21.9,2.01,145,0.73,0.56,531307,Stable,2026-07-10,Reviews,Commercial,Featured Snippet,0,63.43,2,2,2,6
4721,keyword research templates,81,85,234,23.9,7.15,2,0.85,0.86,3582218,Declining,2026-08-08,None,Informational,Image,4,23.75,1,5,3,7
4722,customer analytics training,34,34,5006,42.8,5.18,234,4.67,0.36,5250048,Rising,2026-07-30,Sitelinks,Informational,Organic,0,29.6,1,1,1,1
4723,power bi templates,2,17,12590,72,1.01,3972,31.55,0.85,369029,Stable,2026-08-20,Sitelinks,Informational,Image,15,50.22,1,5,2,1
4724,mysql course,5,6,488,25.3,11.33,136,27.87,0.4,1258951,Declining,2026-01-23,Reviews,Commercial,Organic,1,38.21,2,1,3,6
4725,data visualization tools,73,75,9729,85.4,6.61,105,1.08,0.59,305566,Stable,2026-05-11,Image Pack,Commercial,Organic,2,24.3,2,1,2,5
4726,dashboard advanced,17,13,2786,18.3,1.11,384,13.78,0.87,2426487,Stable,2026-08-22,People Also Ask,Transactional,Organic,-4,37.38,3,1,2,3
4727,business intelligence certification,94,82,78,40.7,0.23,1,1.28,0.14,1235815,Stable,2026-06-26,People Also Ask,Informational,Organic,-12,18.63,1,1,2,3
4728,content marketing guide,78,90,140,57.2,2.58,1,0.71,0.28,2634474,Stable,2026-04-07,Sitelinks,Commercial,Organic,12,13.5,2,1,2,1
4729,python pandas salary,12,10,2072,50.1,1.2,401,19.35,0.78,6093435,Stable,2026-04-12,Video,Transactional,Organic,-2,29.39,3,1,2,4
4730,marketing analytics templates,44,36,3374,88.7,0.9,141,4.18,0.41,4453451,Rising,2026-02-08,Video,Transactional,Organic,-8,12.32,3,1,1,4
4731,data visualization templates,64,52,597,64.4,8.97,10,1.68,0.56,6432113,Rising,2026-04-05,Sitelinks,Transactional,Organic,-12,12.76,3,1,1,1
4732,data visualization certification,89,91,14905,52,9.45,141,0.95,0.34,6660300,Rising,2026-06-13,People Also Ask,Navigational,Organic,2,44.54,4,1,1,3
4733,sql salary,42,45,17116,74.9,3.66,638,3.73,0.32,1879011,Stable,2026-03-31,Sitelinks,Navigational,Organic,3,43.54,4,1,2,1
4734,excel course,43,51,128,56.7,8.38,4,3.12,0.74,6004795,Stable,2026-02-12,Video,Commercial,Organic,8,14.9,2,1,2,4
4735,machine learning dashboard,52,55,768,69,0.72,15,1.95,0.35,7917614,Rising,2026-04-19,People Also Ask,Commercial,Video,3,11.86,2,4,1,3
4736,dashboard project,10,6,1325,10.5,7.46,234,17.66,0.4,3397256,Stable,2026-01-20,Sitelinks,Commercial,Image,-4,38.88,2,5,2,1
4737,keyword research tools,30,40,70,25.1,0.62,5,7.14,0.21,5234671,Stable,2026-03-26,Video,Transactional,Organic,10,26.41,3,1,2,4
4738,machine learning guide,15,17,191,57.5,5.43,34,17.8,0.24,4338176,Stable,2026-01-19,Video,Navigational,Organic,2,22.6,4,1,2,4
4739,seo analytics interview questions,48,44,418,72.6,9.42,15,3.59,0.34,7060769,Rising,2026-04-27,Featured Snippet,Commercial,People Also Ask,-4,10.96,2,3,1,2
4740,excel certification,91,81,1130,32.4,7.63,9,0.8,0.91,1378538,Rising,2026-03-27,None,Informational,Image,-10,22.95,1,5,1,7
4741,sql certification,6,8,6614,10,7.33,1858,28.09,0.41,6454191,Stable,2026-04-26,People Also Ask,Informational,Organic,2,55.1,1,1,2,3
4742,digital marketing tutorial,4,6,13831,64,1.72,4441,32.11,0.57,287644,Stable,2026-03-21,None,Informational,Featured Snippet,2,55.39,1,2,2,7
4743,digital marketing free,93,78,2628,63.5,4.12,14,0.53,0.63,5353612,Stable,2026-08-15,Video,Transactional,Organic,-15,16.46,3,1,2,4
4744,google analytics course,7,6,2196,16.6,5.13,466,21.22,0.75,769187,Rising,2026-06-28,Sitelinks,Transactional,Organic,-1,40.68,3,1,1,1
4745,keyword research project,15,20,24876,45.5,11.83,2548,10.24,0.34,3223987,Stable,2026-06-26,Reviews,Commercial,Video,5,71.26,2,4,2,6
4746,sql for beginners,81,92,1741,20.9,3.75,30,1.72,0.35,7686110,Declining,2026-06-30,Sitelinks,Transactional,Organic,11,28.11,3,1,3,1
4747,mysql examples,66,80,14377,40.7,5.16,278,1.93,0.21,7467451,Stable,2026-07-31,Sitelinks,Informational,Organic,14,47.4,1,1,2,1
4748,dashboard dashboard,19,32,8940,47,3.41,952,10.65,0.96,4340778,Stable,2026-01-24,Featured Snippet,Transactional,Organic,13,39.34,3,1,2,2
4749,google analytics tools,90,94,4155,43,6.54,28,0.67,0.86,6360295,Rising,2026-01-21,Image Pack,Commercial,Organic,4,25.72,2,1,1,5
4750,data visualization for beginners,76,79,1029,36.6,8.75,7,0.68,0.99,2143181,Stable,2026-09-30,People Also Ask,Commercial,Video,3,21.43,2,4,2,3
4751,customer analytics jobs,41,42,1305,24.7,6.25,49,3.75,0.81,3741742,Rising,2026-09-25,Video,Informational,Organic,1,27.18,1,1,1,4
4752,tableau training,61,72,6831,17.2,8.35,172,2.52,0.1,4942414,Rising,2026-08-15,Featured Snippet,Informational,Organic,11,39.76,1,1,1,2
4753,content marketing free,97,96,10510,31.3,11.19,91,0.87,0.39,6053604,Rising,2026-08-02,Sitelinks,Navigational,Organic,-1,41.97,4,1,1,1
4754,mysql salary,53,63,96,48.3,6.21,2,2.08,0.62,3603111,Rising,2026-04-02,None,Transactional,Organic,10,16.81,3,1,1,7
4755,reporting interview questions,65,73,2109,13.5,2.19,35,1.66,0.61,2751856,Stable,2026-07-22,Video,Commercial,Organic,8,31.03,2,1,2,4
4756,excel templates,46,40,227,47.8,5.81,6,2.64,0.49,1570594,Stable,2026-03-12,People Also Ask,Commercial,Featured Snippet,-6,17.52,2,2,2,3
4757,content marketing skills,44,57,176,83,7.36,4,2.27,0.24,641967,Declining,2026-06-26,Featured Snippet,Informational,Organic,13,6.66,1,1,3,2
4758,machine learning certification,83,79,10488,36.2,6.23,190,1.81,0.4,4442299,Declining,2026-09-15,Image Pack,Informational,Organic,-4,40.96,1,1,3,5
4759,reporting certification,64,58,477,16.6,10.33,7,1.47,0.36,3408369,Stable,2026-08-31,Sitelinks,Transactional,Featured Snippet,-6,26.75,3,2,2,1
4760,content marketing salary,39,51,8783,46.6,4.34,460,5.24,0.28,7977320,Declining,2026-04-28,People Also Ask,Navigational,Organic,12,36.27,4,1,3,3
4761,dashboard software,6,1,914,15.1,10.17,151,16.52,0.76,483197,Rising,2026-09-13,None,Commercial,Organic,-5,36.08,2,1,1,7
4762,seo analytics training,97,94,1030,52.1,1.17,10,0.97,0.53,3894185,Declining,2026-04-09,People Also Ask,Transactional,Video,-3,16.93,3,4,3,3
4763,digital marketing for beginners,51,55,15725,66.8,1.04,491,3.12,0.47,3870912,Rising,2026-04-08,None,Informational,People Also Ask,4,42.88,1,3,1,7
4764,digital marketing tools,15,16,668,60.5,5.29,85,12.72,0.21,5751072,Rising,2026-08-14,Video,Informational,Video,1,19.95,1,4,1,4
4765,google analytics free,3,12,1971,73.8,10.82,379,19.23,0.11,493237,Rising,2026-01-19,Sitelinks,Commercial,Organic,9,22.01,2,1,1,1
4766,data analyst guide,24,10,157,58.3,9.54,15,9.55,0.88,6049698,Stable,2026-01-28,None,Informational,Organic,-14,17.9,1,1,2,7
4767,tableau best practices,29,36,944,34.7,0.62,77,8.16,0.71,4816417,Rising,2026-03-17,Reviews,Informational,Organic,7,25.81,1,1,1,6
4768,python pandas course,22,9,909,77,9.44,99,10.89,0.9,7623881,Declining,2026-06-25,Image Pack,Informational,Organic,-13,14.5,1,1,3,5
4769,excel online,26,33,2184,72.7,5.56,163,7.46,0.13,3490595,Declining,2026-03-19,Sitelinks,Informational,Organic,7,16.5,1,1,3,1
4770,dashboard online,40,46,12744,65.9,11.69,532,4.17,0.45,6074355,Stable,2026-04-25,Video,Navigational,Organic,6,37.79,4,1,2,4
4771,keyword research guide,71,61,15484,42,10.19,154,0.99,0.68,7541130,Stable,2026-01-16,Sitelinks,Commercial,Organic,-10,48.71,2,1,2,1
4772,mysql course,2,1,8537,17.5,11.75,2350,27.53,0.6,906851,Stable,2026-09-27,Reviews,Commercial,Organic,-1,56.37,2,1,2,6
4773,excel online,67,58,7499,45.8,1.27,70,0.93,0.67,5039822,Stable,2026-07-09,None,Commercial,Video,-9,31.66,2,4,2,7
4774,content marketing training,42,51,655,29,0.36,17,2.6,0.72,2988489,Declining,2026-06-15,Reviews,Commercial,Image,9,23.99,2,5,3,6
4775,data analyst for beginners,2,10,8858,54.8,2.04,1999,22.57,0.16,2805086,Rising,2026-08-07,Featured Snippet,Navigational,Organic,8,43.18,4,1,1,2
4776,reporting free,62,51,15305,19.1,6.59,224,1.46,0.95,4801625,Rising,2026-02-10,Sitelinks,Informational,Organic,-11,55.48,1,1,1,1
4777,reporting for beginners,95,93,1114,39.5,3.25,11,0.99,0.47,6934024,Rising,2026-04-08,Image Pack,Commercial,Organic,-2,20.89,2,1,1,5
4778,machine learning examples,4,7,202,72,11.75,62,30.69,0.51,6884221,Declining,2026-09-27,Featured Snippet,Commercial,Organic,3,25.13,2,1,3,2
4779,customer analytics jobs,57,53,11160,84.4,4.64,277,2.48,0.57,734469,Declining,2026-03-04,Reviews,Informational,Organic,-4,28.19,1,1,3,6
4780,dashboard jobs,75,86,6826,88.2,6.11,88,1.29,0.39,3986375,Rising,2026-05-08,Reviews,Informational,Organic,11,17.8,1,1,1,6
4781,marketing analytics project,83,93,8651,18.5,7.75,127,1.47,0.55,3781197,Declining,2026-07-29,Image Pack,Commercial,Organic,10,42.43,2,1,3,5
4782,mysql project,41,29,186,33.5,9.83,9,4.84,0.75,6515154,Rising,2026-01-20,Sitelinks,Transactional,Organic,-12,22.9,3,1,1,1
4783,power bi training,44,50,650,48,11.66,18,2.77,0.42,1205175,Stable,2026-09-10,None,Commercial,Image,6,18.37,2,5,2,7
4784,machine learning best practices,97,83,21081,81.7,7.37,155,0.74,0.4,2998625,Stable,2026-09-16,Sitelinks,Informational,Organic,-14,47.8,1,1,2,1
4785,excel interview questions,95,85,2165,54.4,1.58,20,0.92,0.99,1083805,Stable,2026-05-06,Video,Informational,Organic,-10,18.47,1,1,2,4
4786,tableau for beginners,65,74,1246,53.6,7.11,16,1.28,0.23,7447487,Rising,2026-07-28,None,Informational,Image,9,17.08,1,5,1,7
4787,customer analytics course,60,50,2696,36.9,6.22,48,1.78,0.85,6286241,Stable,2026-09-08,Reviews,Navigational,Organic,-10,25.24,4,1,2,6
4788,machine learning project,18,30,137,36.5,2.12,16,11.68,0.05,520217,Stable,2026-05-26,People Also Ask,Informational,People Also Ask,12,25.54,1,3,2,3
4789,mysql training,48,33,6606,80.4,4.73,176,2.66,0.71,5559877,Declining,2026-03-24,Video,Informational,Organic,-15,20.43,1,1,3,4
4790,content marketing examples,12,13,5778,80.8,2.3,939,16.25,0.1,728953,Rising,2026-02-15,Featured Snippet,Commercial,Organic,1,25.9,2,1,1,2
4791,data visualization dashboard,20,34,888,50.4,5.44,125,14.08,0.69,2458744,Rising,2026-03-24,Featured Snippet,Commercial,Organic,14,24.14,2,1,1,2
4792,data analyst interview questions,69,67,1410,45.8,8.44,18,1.28,0.17,227220,Stable,2026-09-10,Video,Informational,Video,-2,19.74,1,4,2,4
4793,content marketing advanced,79,68,15556,29.7,2.26,202,1.3,0.16,4162975,Stable,2026-01-02,People Also Ask,Informational,Organic,-11,52.71,1,1,2,3
4794,sql certification,84,74,2677,38.3,5.51,54,2.02,0.89,2390245,Stable,2026-09-11,People Also Ask,Informational,Organic,-10,24.91,1,1,2,3
4795,data analyst software,58,53,8929,31.3,3.2,163,1.83,0.65,5390684,Declining,2026-07-06,Reviews,Transactional,Organic,-5,39.34,3,1,3,6
4796,content marketing project,74,88,1015,76.4,4.61,11,1.08,0.33,7353892,Declining,2026-04-21,People Also Ask,Transactional,Organic,14,9.67,3,1,3,3
4797,python pandas salary,98,99,3581,28.3,2.01,11,0.31,0.66,5671772,Declining,2026-05-29,None,Commercial,People Also Ask,1,28.79,2,3,3,7
4798,mysql templates,55,62,13058,63.5,2.53,226,1.73,0.08,4253566,Stable,2026-07-22,None,Informational,Organic,7,37.83,1,1,2,7
4799,reporting interview questions,56,47,81,51.5,11.35,2,2.47,0.83,7025747,Stable,2026-05-05,People Also Ask,Navigational,Organic,-9,16.03,4,1,2,3
4800,sql for beginners,75,86,4739,77.8,5.68,88,1.86,0.2,2271863,Stable,2026-03-26,Reviews,Informational,Organic,11,17.07,1,1,2,6
4801,content marketing software,16,22,1156,72.2,10.55,130,11.25,0.45,2041205,Stable,2026-01-04,People Also Ask,Commercial,Organic,6,16.63,2,1,2,3
4802,sql jobs,94,94,646,65.7,5.28,2,0.31,0.13,3594104,Declining,2026-08-01,Featured Snippet,Navigational,Organic,0,11.74,4,1,3,2
4803,sql course,94,100,4436,39.6,5.58,57,1.28,0.86,5548319,Declining,2026-04-25,None,Transactional,Organic,6,27.62,3,1,3,7
4804,python pandas examples,3,1,1043,40.9,11.77,238,22.82,0.13,2787595,Rising,2026-02-28,People Also Ask,Informational,Video,-2,31.95,1,4,1,3
4805,mysql certification,59,65,973,31.9,8.15,16,1.64,0.12,4133567,Stable,2026-06-15,Sitelinks,Navigational,Organic,6,23.24,4,1,2,1
4806,data analyst best practices,92,100,278,28.1,8.49,3,1.08,0.51,7072999,Stable,2026-03-22,None,Informational,Organic,8,22.7,1,1,2,7
4807,seo analytics tutorial,11,21,2760,35.6,4.24,455,16.49,0.48,6060367,Rising,2026-01-16,Image Pack,Transactional,Featured Snippet,10,33.58,3,2,1,5
4808,business intelligence free,20,15,7548,75.3,1.46,887,11.75,0.83,1767768,Stable,2026-06-11,Sitelinks,Informational,Organic,-5,28.67,1,1,2,1
4809,excel tutorial,22,22,122,29.1,10.51,11,9.02,0.71,3304241,Stable,2026-01-23,People Also Ask,Navigational,People Also Ask,0,26.31,4,3,2,3
4810,data visualization dashboard,88,100,3812,34.8,2.52,30,0.79,0.57,5535119,Rising,2026-03-30,Video,Transactional,Organic,12,27.56,3,1,1,4
4811,seo analytics for beginners,50,53,20424,37,10.95,474,2.32,0.57,2272365,Stable,2026-07-26,Video,Navigational,Organic,3,60.74,4,1,2,4
4812,sql project,39,32,1067,73,2.31,34,3.19,0.65,7992997,Declining,2026-02-27,None,Informational,Organic,-7,11.92,1,1,3,7
4813,digital marketing salary,88,83,5475,38.8,7.3,39,0.71,0.69,1374841,Stable,2026-04-22,Video,Transactional,Organic,-5,29.62,3,1,2,4
4814,excel best practices,65,75,6721,65.6,2.18,95,1.41,0.93,2459321,Stable,2026-01-31,Sitelinks,Informational,Organic,10,24.43,1,1,2,1
4815,data analyst online,91,91,2770,31.4,6.2,12,0.43,0.83,5135090,Rising,2026-04-04,Video,Informational,Organic,0,26.32,1,1,1,4
4816,python pandas for beginners,77,88,646,49.5,9.95,8,1.24,0.52,721829,Rising,2026-09-08,None,Informational,Organic,11,17.09,1,1,1,7
4817,data science training,93,81,2790,73.5,2.88,28,1,0.67,534595,Stable,2026-09-27,None,Informational,Organic,-12,14.03,1,1,2,7
4818,tableau for beginners,22,12,8485,25.1,2.65,883,10.41,0.46,3912467,Declining,2026-04-17,Sitelinks,Informational,Organic,-10,44.88,1,1,3,1
4819,content marketing guide,40,33,185,57.6,6.67,8,4.32,0.34,1359974,Declining,2026-08-21,People Also Ask,Navigational,Organic,-7,15.39,4,1,3,3
4820,business intelligence dashboard,97,85,6603,62.4,8.12,26,0.39,0.9,876155,Stable,2026-05-03,None,Commercial,Organic,-12,24.62,2,1,2,7
4821,data analyst for beginners,27,34,2684,78.4,4.65,195,7.27,0.6,3885350,Declining,2026-02-02,None,Informational,Organic,7,15.69,1,1,3,7
4822,python pandas tutorial,38,39,196,15.1,3.15,10,5.1,0.7,5943562,Stable,2026-02-01,Sitelinks,Informational,Featured Snippet,1,28.57,1,2,2,1
4823,reporting best practices,61,49,7927,22.8,5.31,134,1.69,0.21,6717723,Declining,2026-08-04,Image Pack,Commercial,Featured Snippet,-12,39.82,2,2,3,5
4824,python pandas interview questions,93,100,875,68.6,6.87,6,0.69,0.59,4703218,Rising,2026-05-25,Sitelinks,Transactional,Organic,7,11.53,3,1,1,1
4825,business intelligence advanced,88,75,12112,63.4,4.66,102,0.84,0.09,4359473,Rising,2026-01-06,None,Transactional,Organic,-13,35.51,3,1,1,7
4826,machine learning course,13,16,442,63.8,10.21,68,15.38,0.55,2370855,Declining,2026-04-20,Reviews,Transactional,Organic,3,19.92,3,1,3,6
4827,mysql salary,4,4,15652,15,7.82,3362,21.48,0.5,5916382,Stable,2026-03-13,Video,Informational,People Also Ask,0,68.05,1,3,2,4
4828,power bi online,74,84,1614,10.8,0.5,15,0.93,0.12,6759222,Stable,2026-09-16,Video,Informational,Organic,10,30.46,1,1,2,4
4829,tableau for beginners,54,54,789,32,7.6,14,1.77,0.4,2141004,Stable,2026-04-04,Reviews,Navigational,Organic,0,22.91,4,1,2,6
4830,python pandas advanced,82,68,278,67.2,4.93,3,1.08,0.49,4037732,Declining,2026-03-23,Featured Snippet,Commercial,Organic,-14,10.97,2,1,3,2
4831,tableau guide,81,79,1006,52.1,9.52,8,0.8,0.37,5286036,Rising,2026-07-03,Sitelinks,Informational,Organic,-2,16.8,1,1,1,1
4832,power bi certification,42,49,506,86.9,4.32,18,3.56,0.28,3745433,Declining,2026-09-14,People Also Ask,Informational,Organic,7,6.83,1,1,3,3
4833,business intelligence templates,83,81,1056,20.6,9.91,15,1.42,0.62,7906409,Stable,2026-09-06,Video,Informational,Image,-2,26.68,1,5,2,4
4834,business intelligence training,77,80,2245,29.6,2.8,11,0.49,0.26,6552984,Stable,2026-08-28,Reviews,Navigational,Organic,3,25.84,4,1,2,6
4835,reporting online,61,73,6046,84.9,7.76,133,2.2,0.11,7067949,Stable,2026-04-13,People Also Ask,Commercial,Organic,12,17.72,2,1,2,3
4836,keyword research guide,63,72,9783,20.2,5.52,105,1.07,0.65,3654133,Declining,2026-09-20,People Also Ask,Informational,Organic,9,43.96,1,1,3,3
4837,mysql tools,25,24,1974,42,3.8,209,10.59,0.75,1076931,Declining,2026-07-31,People Also Ask,Navigational,Organic,-1,26.96,4,1,3,3
4838,machine learning guide,11,10,1991,57.8,0.33,370,18.58,0.5,7765701,Rising,2026-03-21,People Also Ask,Informational,Organic,-1,26.51,1,1,1,3
4839,data visualization for beginners,15,27,1463,70.1,10.96,178,12.17,0.85,7800730,Rising,2026-01-01,Featured Snippet,Informational,Organic,12,18.36,1,1,1,2
4840,dashboard salary,10,8,114,55.9,1.85,25,21.93,0.62,1673968,Rising,2026-09-07,Featured Snippet,Navigational,Organic,-2,25.13,4,1,1,2
4841,python pandas advanced,26,40,932,14.2,10.12,59,6.33,0.56,2717842,Rising,2026-05-18,Sitelinks,Informational,People Also Ask,14,30.96,1,3,1,1
4842,python pandas examples,13,13,1219,42.4,0.46,224,18.38,0.69,4129117,Rising,2026-08-21,Reviews,Commercial,Organic,0,29.49,2,1,1,6
4843,data visualization advanced,2,14,14803,42.1,8.55,4919,33.23,0.82,7200562,Rising,2026-04-06,Sitelinks,Transactional,Video,12,64.49,3,4,1,1
4844,tableau templates,17,16,4077,64.4,5.99,653,16.02,0.25,4301465,Stable,2026-09-08,People Also Ask,Informational,Organic,-1,27.31,1,1,2,3
4845,power bi tools,96,86,2159,70.3,0.63,37,1.71,0.37,2481502,Rising,2026-01-05,Video,Transactional,Organic,-10,14.11,3,1,1,4
4846,reporting training,16,5,1062,70.9,6.48,186,17.51,0.62,3245003,Declining,2026-06-05,People Also Ask,Commercial,Organic,-11,20.16,2,1,3,3
4847,customer analytics skills,35,23,1030,20.9,5.35,44,4.27,0.22,3068943,Rising,2026-02-04,Image Pack,Commercial,Organic,-12,28.05,2,1,1,5
4848,business intelligence examples,79,73,1202,11.2,4.4,7,0.58,0.98,2962193,Stable,2026-09-09,Featured Snippet,Commercial,Featured Snippet,-6,29.34,2,2,2,2
4849,reporting course,83,82,2413,29.9,7.66,27,1.12,0.41,5349211,Stable,2026-06-23,People Also Ask,Transactional,Organic,-1,26.42,3,1,2,3
4850,data visualization salary,2,9,657,79.6,9.29,190,28.92,0.44,3006435,Rising,2026-01-01,None,Informational,Organic,7,22.82,1,1,1,7
4851,data visualization free,25,30,123,89.2,6.33,12,9.76,0.1,5427840,Rising,2026-01-07,None,Informational,Organic,5,8.68,1,1,1,7
4852,power bi tutorial,73,88,636,80.9,1.53,8,1.26,0.85,4442079,Declining,2026-09-04,Image Pack,Informational,Organic,15,7.67,1,1,3,5
4853,seo analytics certification,60,61,10318,44,3.57,108,1.05,0.81,3272791,Stable,2026-03-13,Image Pack,Informational,Organic,1,37.87,1,1,2,5
4854,content marketing software,29,30,2203,48.3,7.06,131,5.95,0.96,1564797,Stable,2026-01-27,People Also Ask,Commercial,Organic,1,23.06,2,1,2,3
4855,python pandas online,30,30,237,84.8,11,13,5.49,0.62,1872535,Rising,2026-03-19,People Also Ask,Navigational,Organic,0,7.95,4,1,1,3
4856,power bi project,63,53,7035,31.4,2.37,86,1.22,0.06,6017940,Rising,2026-02-20,Sitelinks,Navigational,Organic,-10,35.22,4,1,1,1
4857,power bi templates,57,65,121,46.7,0.73,2,1.65,0.31,7600716,Declining,2026-04-21,People Also Ask,Informational,Organic,8,17.11,1,1,3,3
4858,data analyst software,35,46,421,72,6.1,15,3.56,0.57,6518614,Declining,2026-05-01,None,Informational,Organic,11,11.13,1,1,3,7
4859,customer analytics online,15,11,232,45.3,10.48,39,16.81,0.06,1944313,Stable,2026-02-24,Reviews,Informational,Video,-4,25.82,1,4,2,6
4860,data science salary,71,78,2912,34.2,10.05,31,1.06,0.17,4531143,Stable,2026-04-12,None,Informational,Organic,7,26.09,1,1,2,7
4861,seo analytics certification,74,61,4198,63.6,2.55,60,1.43,0.27,4823606,Declining,2026-05-17,Reviews,Navigational,Organic,-13,20.03,4,1,3,6
4862,keyword research examples,100,100,1730,21.2,6.73,10,0.58,0.77,6058971,Stable,2026-03-13,Video,Commercial,Organic,0,27.39,2,1,2,4
4863,power bi for beginners,100,100,907,47.8,11.6,12,1.32,0.62,6737045,Declining,2026-07-17,Reviews,Transactional,Organic,0,18.17,3,1,3,6
4864,data science project,28,20,1023,59.5,11.26,94,9.19,0.54,2874478,Stable,2026-03-21,People Also Ask,Transactional,Organic,-8,19.07,3,1,2,3
4865,power bi project,74,79,2368,38.5,4.38,44,1.86,0.08,2129660,Rising,2026-06-17,Featured Snippet,Commercial,Organic,5,24.15,2,1,1,2
4866,business intelligence tools,94,85,169,77.8,0.99,1,0.59,0.5,2842044,Stable,2026-05-01,None,Transactional,Organic,-9,7.31,3,1,2,7
4867,data visualization best practices,17,4,10871,71.9,10.72,1230,11.31,0.22,5272010,Rising,2026-06-15,Image Pack,Commercial,Featured Snippet,-13,36.06,2,2,1,5
4868,data analyst certification,73,79,15919,42.1,8.39,100,0.63,0.16,343525,Rising,2026-06-22,Featured Snippet,Informational,Organic,6,49.35,1,1,1,2
4869,customer analytics guide,16,21,24571,86.7,0.69,2979,12.12,0.14,6916061,Stable,2026-01-10,None,Transactional,Organic,5,59.29,3,1,2,7
4870,excel software,38,38,148,35.5,6.54,5,3.38,0.64,1015288,Stable,2026-02-15,None,Commercial,Organic,0,21.44,2,1,2,7
4871,mysql tools,6,1,794,40.8,5.29,177,22.29,0.19,5682735,Stable,2026-09-26,Image Pack,Informational,Organic,-5,31.2,1,1,2,5
4872,digital marketing skills,55,70,13373,55.8,10.41,401,3,0.72,4631987,Rising,2026-04-01,None,Transactional,Organic,15,41.44,3,1,1,7
4873,keyword research tutorial,78,63,192,61,4.17,3,1.56,0.9,2199186,Stable,2026-02-03,Video,Informational,Organic,-15,12.91,1,1,2,4
4874,data analyst training,1,1,1172,72.1,2.21,358,30.55,0.2,2637873,Declining,2026-07-13,Image Pack,Commercial,Featured Snippet,0,26.96,2,2,3,5
4875,customer analytics training,9,1,1114,25.8,6.2,220,19.75,0.91,2269453,Rising,2026-03-18,Sitelinks,Transactional,Featured Snippet,-8,34.99,3,2,1,1
4876,data science tutorial,49,38,568,50,11.7,18,3.17,0.44,229937,Rising,2026-01-04,None,Transactional,Organic,-11,17.82,3,1,1,7
4877,dashboard course,21,25,186,20.9,7.38,19,10.22,0.78,5646409,Rising,2026-03-14,Sitelinks,Informational,Organic,4,29.54,1,1,1,1
4878,data analyst tools,24,30,1172,81.6,8.49,72,6.14,0.18,3438367,Rising,2026-04-02,Reviews,Informational,Organic,6,11.12,1,1,1,6
4879,excel jobs,32,40,368,81.6,11.92,28,7.61,0.88,214181,Rising,2026-04-28,Video,Transactional,Organic,8,10.3,3,1,1,4
4880,customer analytics best practices,74,62,1085,27.2,4.83,15,1.38,0.42,4708777,Rising,2026-01-14,Reviews,Commercial,Organic,-12,24.73,2,1,1,6
4881,marketing analytics free,41,46,1485,80.5,5.5,55,3.7,0.22,1218735,Rising,2026-05-21,None,Navigational,Organic,5,10.77,4,1,1,7
4882,data analyst examples,61,48,820,20.7,9.69,15,1.83,0.23,7865150,Rising,2026-02-20,People Also Ask,Commercial,Organic,-13,26.39,2,1,1,3
4883,tableau certification,83,91,151,52.2,1.94,2,1.32,0.65,7716098,Stable,2026-03-30,Featured Snippet,Transactional,Organic,8,15.34,3,1,2,2
4884,customer analytics best practices,19,15,257,47.4,1.88,31,12.06,0.05,3019677,Stable,2026-09-20,People Also Ask,Commercial,Organic,-4,22.71,2,1,2,3
4885,data analyst dashboard,35,29,2232,27.2,11,116,5.2,0.97,6722797,Stable,2026-01-25,Image Pack,Transactional,Organic,-6,29.04,3,1,2,5
4886,google analytics online,10,1,3176,51.3,7.5,730,22.98,0.11,1600026,Stable,2026-06-30,Sitelinks,Navigational,Organic,-9,33.15,4,1,2,1
4887,tableau jobs,78,87,911,12.1,2.25,4,0.44,0.45,2831201,Stable,2026-02-22,None,Informational,Organic,9,28.42,1,1,2,7
4888,business intelligence dashboard,86,99,1054,62,9.33,10,0.95,0.98,6441059,Declining,2026-06-07,None,Commercial,Organic,13,14,2,1,3,7
4889,python pandas certification,36,26,1325,65.4,8.9,47,3.55,0.78,4541389,Rising,2026-08-23,None,Informational,Organic,-10,14.9,1,1,1,7
4890,dashboard best practices,21,17,5949,33.8,5.81,458,7.7,0.69,1102533,Declining,2026-07-06,Image Pack,Informational,Organic,-4,35.79,1,1,3,5
4891,digital marketing examples,29,38,229,58.8,3.74,12,5.24,0.87,5231765,Stable,2026-01-26,Video,Navigational,People Also Ask,9,15.6,4,3,2,4
4892,reporting interview questions,37,23,3947,29.2,11.39,222,5.62,0.78,6280439,Rising,2026-04-13,Reviews,Informational,Organic,-14,32.08,1,1,1,6
4893,tableau online,31,37,8532,35.8,0.98,479,5.61,0.28,3262248,Declining,2026-07-19,Featured Snippet,Commercial,Organic,6,39.21,2,1,3,2
4894,dashboard tutorial,6,9,210,10,5.83,54,25.71,0.54,7748136,Stable,2026-03-05,People Also Ask,Commercial,Organic,3,41.1,2,1,2,3
4895,data science dashboard,36,49,4873,46.1,10.6,270,5.54,0.34,3054550,Stable,2026-09-06,Reviews,Transactional,Organic,13,28.81,3,1,2,6
4896,google analytics online,85,83,3592,72.3,6.06,56,1.56,0.1,5769325,Rising,2026-04-08,Image Pack,Transactional,Organic,-2,16.28,3,1,1,5
4897,dashboard interview questions,87,89,4057,56.3,10.3,23,0.57,0.11,7784706,Rising,2026-06-16,Image Pack,Transactional,Organic,2,21.48,3,1,1,5
4898,dashboard guide,14,25,1365,47.9,9.9,171,12.53,0.53,1281630,Stable,2026-09-26,Sitelinks,Informational,Organic,11,25.01,1,1,2,1
4899,content marketing salary,76,82,1824,75.6,7.65,18,0.99,0.75,2774723,Rising,2026-03-10,Sitelinks,Informational,Video,6,11.47,1,4,1,1
4900,machine learning tools,89,100,2446,37.9,6.79,28,1.14,0.91,5064984,Rising,2026-07-23,Reviews,Transactional,Image,11,24.1,3,5,1,6
4901,digital marketing tutorial,18,21,6397,44.7,5.95,822,12.85,0.25,1655403,Rising,2026-01-10,Sitelinks,Informational,People Also Ask,3,36.15,1,3,1,1
4902,keyword research online,79,72,2372,19.6,4.12,17,0.72,0.15,4327411,Rising,2026-03-14,Featured Snippet,Navigational,Organic,-7,29.22,4,1,1,2
4903,sql interview questions,19,26,1424,85.3,5.27,124,8.71,0.1,2213769,Stable,2026-03-11,None,Transactional,People Also Ask,7,11.88,3,3,2,7
4904,data science salary,62,68,8785,60.8,3.67,153,1.74,0.8,633345,Declining,2026-03-03,Reviews,Commercial,People Also Ask,6,30.15,2,3,3,6
4905,dashboard jobs,50,48,662,71.4,10.6,17,2.57,0.76,7815229,Stable,2026-05-09,Sitelinks,Commercial,Organic,-2,11.26,2,1,2,1
4906,tableau tutorial,4,14,653,24.3,4.24,206,31.55,0.07,2528449,Declining,2026-04-09,People Also Ask,Transactional,Organic,10,40.8,3,1,3,3
4907,excel free,50,36,3358,65.2,6,95,2.83,0.88,5868380,Stable,2026-03-05,Image Pack,Informational,Organic,-14,18.62,1,1,2,5
4908,marketing analytics project,49,56,1084,49.4,5.72,30,2.77,0.76,3547869,Rising,2026-04-22,People Also Ask,Commercial,Video,7,18.81,2,4,1,3
4909,excel templates,5,1,543,89.3,7.04,151,27.81,0.29,7962008,Stable,2026-08-16,People Also Ask,Commercial,Organic,-4,19.09,2,1,2,3
4910,content marketing templates,59,49,94,35.2,2.22,2,2.13,0.75,5112047,Rising,2026-07-10,Sitelinks,Commercial,Organic,-10,20.76,2,1,1,1
4911,google analytics interview questions,1,2,1060,81.2,6.42,320,30.19,0.45,6428443,Declining,2026-04-12,Image Pack,Informational,Organic,1,23.81,1,1,3,5
4912,marketing analytics templates,82,90,9389,64.8,11.96,80,0.85,0.96,7759913,Stable,2026-02-24,People Also Ask,Transactional,Organic,8,29.68,3,1,2,3
4913,tableau templates,100,100,527,17.8,8.52,1,0.19,0.79,6297362,Declining,2026-01-09,People Also Ask,Informational,Organic,0,25.81,1,1,3,3
4914,content marketing software,9,7,856,86.5,6.16,163,19.04,0.97,3649357,Stable,2026-02-28,Sitelinks,Informational,Organic,-2,15.88,1,1,2,1
4915,reporting for beginners,10,1,245,11.1,6.79,52,21.22,0.87,5848017,Stable,2026-02-25,Reviews,Informational,Organic,-9,38.45,1,1,2,6
4916,seo analytics free,13,6,868,33.7,0.58,107,12.33,0.82,2411047,Declining,2026-04-14,Featured Snippet,Navigational,Organic,-7,28.18,4,1,3,2
4917,tableau advanced,8,1,2182,35.1,0.4,352,16.13,0.51,7895591,Stable,2026-09-22,Video,Commercial,Organic,-7,32.39,2,1,2,4
4918,excel interview questions,64,62,491,58.9,3.19,10,2.04,0.91,5488573,Stable,2026-08-29,Image Pack,Informational,Organic,-2,14.39,1,1,2,5
4919,reporting best practices,71,61,2530,65,8.56,39,1.54,0.78,2593868,Stable,2026-07-11,Image Pack,Commercial,Featured Snippet,-10,16.35,2,2,2,5
4920,business intelligence tutorial,31,23,1103,86.5,5.44,50,4.53,0.83,6970068,Stable,2026-04-17,Image Pack,Transactional,Organic,-8,8.65,3,1,2,5
4921,mysql tools,1,1,5775,85.8,11.37,1287,22.29,0.49,3563663,Declining,2026-03-18,Featured Snippet,Commercial,Organic,0,27.6,2,1,3,2
4922,excel course,80,74,1927,56.2,4.39,9,0.47,0.21,6769703,Rising,2026-02-09,Video,Informational,Organic,-6,17.22,1,1,1,4
4923,excel tools,3,12,1071,71.7,9.23,338,31.56,0.36,3619248,Declining,2026-03-30,Video,Informational,Organic,9,27.42,1,1,3,4
4924,customer analytics project,100,92,1557,23,6.06,21,1.35,0.8,5324811,Rising,2026-06-02,Image Pack,Transactional,Organic,-8,26.91,3,1,1,5
4925,data analyst online,43,42,2737,23.5,10.45,81,2.96,0.13,5784934,Stable,2026-06-23,None,Informational,Organic,-1,29.97,1,1,2,7
4926,keyword research skills,97,87,2086,51.1,5.46,25,1.2,0.54,514135,Stable,2026-04-16,People Also Ask,Transactional,Video,-10,19.46,3,4,2,3
4927,python pandas advanced,65,76,13421,21.8,9.58,159,1.18,0.93,5944223,Rising,2026-04-02,Image Pack,Informational,Organic,11,50.77,1,1,1,5
4928,google analytics project,30,18,11779,36.7,9.73,592,5.03,0.79,4274850,Rising,2026-02-09,None,Transactional,Organic,-12,45.09,3,1,1,7
4929,data visualization tutorial,96,100,163,79.5,9.12,1,0.61,0.79,6331786,Stable,2026-03-20,Featured Snippet,Commercial,People Also Ask,4,6.8,2,3,2,2
4930,marketing analytics project,65,68,23765,70.9,5.02,366,1.54,0.17,2821009,Rising,2026-02-23,Featured Snippet,Informational,Video,3,56.8,1,4,1,2
4931,mysql for beginners,100,87,823,31.4,9.72,4,0.49,0.35,3868611,Stable,2026-07-11,Featured Snippet,Transactional,Organic,-13,22.48,3,1,2,2
4932,digital marketing guide,1,1,8603,55.3,4.97,2745,31.91,0.83,5885842,Stable,2026-07-31,Reviews,Transactional,People Also Ask,0,47.5,3,3,2,6
4933,seo analytics advanced,100,93,725,37.8,1.13,10,1.38,0.44,4103146,Declining,2026-06-06,None,Commercial,Video,-7,20.84,2,4,3,7
4934,content marketing interview questions,41,51,1192,39,2.8,45,3.78,0.49,4744346,Rising,2026-01-02,People Also Ask,Transactional,Image,10,22.68,3,5,1,3
4935,digital marketing tools,13,1,5203,79.3,4.03,929,17.86,0.58,1545932,Declining,2026-04-10,People Also Ask,Informational,Organic,-12,26.06,1,1,3,3
4936,mysql jobs,47,55,1087,38.2,9.58,37,3.4,0.48,3565718,Rising,2026-07-11,None,Navigational,Organic,8,22.51,4,1,1,7
4937,data analyst tutorial,20,12,14998,58.7,7.89,1801,12.01,0.41,3764410,Stable,2026-03-22,Image Pack,Informational,Organic,-8,48.6,1,1,2,5
4938,marketing analytics salary,66,61,5738,13.3,1.71,84,1.46,0.86,6426689,Rising,2026-03-19,None,Informational,Video,-5,38.2,1,4,1,7
4939,data analyst certification,85,76,121,73.7,3.08,0,0,0.61,4507727,Stable,2026-07-28,Video,Informational,Organic,-9,8.13,1,1,2,4
4940,business intelligence examples,95,96,261,64.8,10.85,4,1.53,0.22,7185128,Rising,2026-01-08,People Also Ask,Informational,Video,1,11.89,1,4,1,3
4941,google analytics tutorial,41,39,5909,70.7,5.07,232,3.93,0.74,2206695,Stable,2026-07-14,None,Commercial,Organic,-2,22.63,2,1,2,7
4942,sql tools,2,1,2129,58.8,0.73,637,29.92,0.09,1534424,Stable,2026-02-15,None,Informational,Organic,-1,32.52,1,1,2,7
4943,customer analytics interview questions,14,1,713,76.5,3.47,120,16.83,0.97,6466650,Rising,2026-03-19,Featured Snippet,Commercial,Organic,-13,17.42,2,1,1,2
4944,sql project,94,87,20534,78.7,5.93,90,0.44,0.67,5145637,Declining,2026-04-23,People Also Ask,Commercial,Organic,-7,47.45,2,1,3,3
4945,digital marketing certification,56,48,211,67.3,10.89,4,1.9,0.77,3424309,Stable,2026-03-23,Sitelinks,Informational,Organic,-8,11.24,1,1,2,1
4946,data analyst course,42,56,119,87.2,5.91,4,3.36,0.52,7426547,Declining,2026-03-05,None,Navigational,Organic,14,5.86,4,1,3,7
4947,customer analytics advanced,8,1,13703,84.6,10.57,2431,17.74,0.39,5200136,Declining,2026-09-19,Sitelinks,Transactional,Organic,-7,41.3,3,1,3,1
4948,excel salary,12,11,112,66.4,3.54,17,15.18,0.56,1811827,Rising,2026-04-05,None,Commercial,Organic,-1,18.38,2,1,1,7
4949,google analytics advanced,13,24,19446,83.8,11.45,3799,19.54,0.1,4094867,Stable,2026-07-22,None,Commercial,Organic,11,53.92,2,1,2,7
4950,data analyst jobs,42,49,5676,77.8,5.8,186,3.28,0.95,1433120,Stable,2026-06-17,Reviews,Navigational,Organic,7,19.69,4,1,2,6
4951,customer analytics tools,8,18,1822,50.2,3.63,402,22.06,0.57,3507101,Rising,2026-09-14,People Also Ask,Informational,Organic,10,30.3,1,1,1,3
4952,tableau interview questions,49,56,3233,58.8,11.32,95,2.94,0.92,1157767,Rising,2026-07-14,Image Pack,Transactional,Organic,7,20.35,3,1,1,5
4953,content marketing dashboard,37,22,16625,35.3,9.26,902,5.43,0.97,6194414,Stable,2026-08-09,Image Pack,Navigational,Organic,-15,55.35,4,1,2,5
4954,marketing analytics best practices,79,89,10168,14.1,5.71,92,0.9,0.16,6609727,Rising,2026-02-28,None,Informational,Organic,10,46.46,1,1,1,7
4955,tableau examples,86,72,1339,87.1,9.89,6,0.45,0.34,221921,Rising,2026-02-21,Sitelinks,Informational,Organic,-14,6.77,1,1,1,1
4956,data science tutorial,9,11,566,65,5.77,133,23.5,0.52,6051854,Declining,2026-07-13,Sitelinks,Commercial,Organic,2,24.13,2,1,3,1
4957,seo analytics training,20,5,271,88.4,1.98,38,14.02,0.23,6195777,Rising,2026-06-27,People Also Ask,Informational,Organic,-15,11.48,1,1,1,3
4958,sql training,26,35,4411,82.6,5.94,371,8.41,0.17,1067890,Stable,2026-06-10,Reviews,Transactional,Organic,9,18.47,3,1,2,6
4959,machine learning software,11,6,16290,88.5,4.68,2758,16.93,0.47,7932443,Stable,2026-09-06,Sitelinks,Informational,Organic,-5,44.85,1,1,2,1
4960,google analytics for beginners,29,22,4644,57.4,4.22,394,8.48,0.61,6722119,Rising,2026-09-18,Featured Snippet,Informational,Organic,-7,26.53,1,1,1,2
4961,data science training,52,38,2738,28.5,8.95,52,1.9,0.89,4254350,Rising,2026-02-16,Reviews,Informational,Organic,-14,27.9,1,1,1,6
4962,data visualization free,71,86,1056,68.9,2.95,15,1.42,0.71,6628336,Rising,2026-05-15,People Also Ask,Informational,Organic,15,12.19,1,1,1,3
4963,sql tutorial,50,46,183,17.5,6.28,4,2.19,0.44,4995299,Rising,2026-06-23,Image Pack,Commercial,People Also Ask,-4,26.28,2,3,1,5
4964,reporting templates,50,62,93,88.6,8.72,2,2.15,0.88,1334763,Declining,2026-08-27,Reviews,Commercial,Featured Snippet,12,4.75,2,2,3,6
4965,marketing analytics online,48,35,1578,56.1,10.54,57,3.61,0.87,3831528,Rising,2026-09-29,None,Informational,Organic,-13,18.23,1,1,1,7
4966,mysql for beginners,1,14,3968,43.5,11.14,1293,32.59,0.74,7884157,Declining,2026-08-07,Sitelinks,Navigational,Organic,13,42.18,4,1,3,1
4967,data analyst tools,28,26,1121,24.8,0.95,75,6.69,0.62,2069828,Rising,2026-08-17,Featured Snippet,Transactional,People Also Ask,-2,28.35,3,3,1,2
4968,dashboard for beginners,46,43,4445,74.9,8.68,149,3.35,0.62,2672672,Stable,2026-05-09,None,Informational,Organic,-3,18.15,1,1,2,7
4969,excel advanced,33,23,2637,46.9,2.94,113,4.29,0.89,6458404,Stable,2026-02-16,Sitelinks,Navigational,Organic,-10,23.46,4,1,2,1
4970,machine learning course,70,55,924,17.2,9.31,10,1.08,0.33,3102002,Stable,2026-09-04,Video,Commercial,Organic,-15,27.25,2,1,2,4
4971,machine learning software,73,68,229,50.6,3.5,2,0.87,0.15,1369243,Rising,2026-02-13,Featured Snippet,Commercial,Organic,-5,15.74,2,1,1,2
4972,reporting salary,63,53,760,76,8.5,11,1.45,0.27,1846840,Stable,2026-06-26,Reviews,Commercial,People Also Ask,-10,9.48,2,3,2,6
4973,mysql guide,9,1,1409,66.5,0.25,342,24.27,0.91,3660408,Stable,2026-09-08,Video,Navigational,Organic,-8,25.77,4,1,2,4
4974,sql jobs,69,55,4705,68.1,10.27,76,1.62,0.66,2312705,Stable,2026-05-07,Featured Snippet,Transactional,Organic,-14,19.79,3,1,2,2
4975,dashboard online,74,72,4360,34.2,4.55,70,1.61,0.79,363421,Declining,2026-01-13,Reviews,Informational,Organic,-2,29.27,1,1,3,6
4976,business intelligence salary,78,63,105,58.8,11.38,1,0.95,0.52,1592914,Declining,2026-01-02,None,Transactional,Organic,-15,13.07,3,1,3,7
4977,tableau jobs,20,24,6655,79.2,2.11,589,8.85,0.42,6929683,Rising,2026-04-11,People Also Ask,Commercial,Organic,4,24.18,2,1,1,3
4978,digital marketing salary,8,11,765,31.8,3.46,177,23.14,0.97,544764,Declining,2026-04-06,People Also Ask,Informational,Featured Snippet,3,34.3,1,2,3,3
4979,dashboard interview questions,24,23,990,73.9,10.85,115,11.62,0.83,886157,Stable,2026-01-18,Image Pack,Navigational,Featured Snippet,-1,15.98,4,2,2,5
4980,data visualization advanced,29,41,3626,32,6.44,309,8.52,0.48,1542372,Rising,2026-03-11,Sitelinks,Commercial,Organic,12,32.14,2,1,1,1
4981,excel skills,47,45,15552,46.4,8.93,354,2.28,0.48,1275423,Stable,2026-09-06,Reviews,Informational,Organic,-2,48.21,1,1,2,6
4982,reporting free,31,20,993,39.4,5.82,49,4.93,0.07,1260449,Rising,2026-03-12,People Also Ask,Informational,Featured Snippet,-11,22.78,1,2,1,3
4983,marketing analytics dashboard,51,58,6528,36.3,0.97,205,3.14,0.31,5271348,Declining,2026-06-30,Reviews,Transactional,Organic,7,33.76,3,1,3,6
4984,python pandas guide,59,73,1004,64.4,10.24,31,3.09,0.23,6109972,Declining,2026-04-09,Video,Transactional,People Also Ask,14,14.32,3,3,3,4
4985,business intelligence course,24,30,2541,20,0.56,194,7.63,0.65,294021,Stable,2026-06-03,People Also Ask,Informational,People Also Ask,6,33.11,1,3,2,3
4986,data visualization jobs,64,79,23986,58.4,1.77,225,0.94,0.22,6231052,Rising,2026-08-28,Video,Informational,Organic,15,60.67,1,1,1,4
4987,customer analytics examples,37,29,4188,82.8,1.92,162,3.87,0.69,4655926,Rising,2026-05-28,Image Pack,Informational,Featured Snippet,-8,15.55,1,2,1,5
4988,data science software,74,71,1436,54.1,5.32,26,1.81,0.93,5493783,Stable,2026-02-24,Featured Snippet,Navigational,Organic,-3,17.59,4,1,2,2
4989,mysql tools,7,5,426,71.4,7.85,76,17.84,0.15,1633930,Declining,2026-05-22,None,Transactional,Organic,-2,18.92,3,1,3,7
4990,seo analytics advanced,42,54,2635,40.7,8.04,105,3.98,0.06,5381246,Stable,2026-03-14,People Also Ask,Transactional,Organic,12,25.15,3,1,2,3
4991,machine learning tutorial,75,73,259,21.3,8.84,2,0.77,0.36,3949982,Stable,2026-06-08,Image Pack,Informational,Featured Snippet,-2,24.53,1,2,2,5
4992,seo analytics project,22,20,1759,56.5,3.97,127,7.22,0.49,6531596,Rising,2026-06-01,Sitelinks,Informational,Organic,-2,20.39,1,1,1,1
4993,digital marketing templates,16,11,8499,21.3,8.82,1270,14.94,0.74,5365154,Stable,2026-08-13,Video,Commercial,Organic,-5,48.46,2,1,2,4
4994,keyword research software,1,12,19177,19,7.23,5559,28.99,0.62,1116386,Stable,2026-05-23,Image Pack,Transactional,Organic,11,77.86,3,1,2,5
4995,seo analytics online,86,84,5845,63.1,10.41,43,0.74,0.73,1323792,Rising,2026-01-08,Reviews,Transactional,Featured Snippet,-2,23.08,3,2,1,6
4996,machine learning project,17,26,2664,58.2,11.74,299,11.22,0.2,6360381,Stable,2026-02-09,People Also Ask,Informational,People Also Ask,9,23.81,1,3,2,3
4997,seo analytics templates,79,71,18767,57.4,3.92,381,2.03,0.7,7356145,Rising,2026-05-20,Featured Snippet,Informational,Organic,-8,51.17,1,1,1,2
4998,seo analytics salary,54,66,979,49.5,7.56,27,2.76,0.7,1627855,Stable,2026-09-17,People Also Ask,Informational,Organic,12,18.57,1,1,2,3
4999,content marketing online,44,43,2747,39.7,7.97,96,3.49,0.39,6144148,Stable,2026-07-04,Reviews,Informational,Organic,-1,25.41,1,1,2,6
5000,data visualization advanced,87,74,5349,60,7.88,25,0.47,0.37,4105830,Declining,2026-07-31,Reviews,Informational,Organic,-13,22.88,1,1,3,6
